Mã SKU,Tên hàng hóa,Đơn vị tính,Giá bán,% Thuế suất,Tên nhóm hàng,Tồn ban đầu
SP000001,Coca Cola Sleek 320ml,Lon,11000,8,Đồ uống & Giải khát,57
SP000002,Pepsi Sleek 320ml,Lon,10500,8,Đồ uống & Giải khát,64
SP000003,Nước cam ép Twister 450ml,Chai,12000,8,Đồ uống & Giải khát,71
SP000004,Trà xanh Không Độ 455ml,Chai,10000,8,Đồ uống & Giải khát,78
SP000005,Trà Ô Long Tea+ Plus 455ml,Chai,12000,8,Đồ uống & Giải khát,85
SP000006,Nước tăng lực Red Bull 250ml,Lon,14000,8,Đồ uống & Giải khát,92
SP000007,Nước khoáng Lavie 500ml,Chai,6000,8,Đồ uống & Giải khát,99
SP000008,Nước tinh khiết Aquafina 500ml,Chai,6000,8,Đồ uống & Giải khát,106
SP000009,Cà phê sữa đá Highlands 235ml,Lon,16000,8,Đồ uống & Giải khát,113
SP000010,Bia Heineken Sleek 330ml,Lon,22000,10,Đồ uống & Giải khát,120
SP000011,Bia Tiger Crystal 330ml,Lon,19500,10,Đồ uống & Giải khát,127
SP000012,Bia Sài Gòn Special 330ml,Lon,16500,10,Đồ uống & Giải khát,134
SP000013,Sữa tươi tiệt trùng Vinamilk 180ml,Hộp,8500,0,Đồ uống & Giải khát,141
SP000014,Sữa chua uống Susu 110ml,Chai,6500,0,Đồ uống & Giải khát,148
SP000015,Nước ép bưởi hồng Vfresh 1L,Hộp,39000,8,Đồ uống & Giải khát,155
SP000016,Bánh ChocoPie Orion hộp 12 cái,Hộp,58000,8,Bánh kẹo & Ăn vặt,162
SP000017,Bánh Cosy mè giòn rụm Kinh Đô 288g,Gói,29000,8,Bánh kẹo & Ăn vặt,169
SP000018,Snack khoai tây Ostar vị tảo biển 90g,Gói,19000,8,Bánh kẹo & Ăn vặt,176
SP000019,Snack khoai tây Lay's tự nhiên 95g,Gói,21000,8,Bánh kẹo & Ăn vặt,183
SP000020,Bánh que Pocky socola Glico 40g,Hộp,14000,8,Bánh kẹo & Ăn vặt,190
SP000021,Kẹo dẻo Chupa Chups Sour Tubes 160g,Gói,24000,8,Bánh kẹo & Ăn vặt,197
SP000022,Bánh mì tươi nhân bơ sữa Kinh Đô 80g,Cái,9000,8,Bánh kẹo & Ăn vặt,204
SP000023,Bánh xốp Nabati phô mai 130g,Hộp,12000,8,Bánh kẹo & Ăn vặt,211
SP000024,Hạt điều rang muối vỏ lụa Bình Phước 500g,Hộp,135000,8,Bánh kẹo & Ăn vặt,218
SP000025,Hạt hướng dương Chacheer 130g,Gói,15000,8,Bánh kẹo & Ăn vặt,225
SP000026,Rong biển sấy vị truyền thống TaoKaeNoi 32g,Gói,26000,8,Bánh kẹo & Ăn vặt,232
SP000027,Nước mắm Nam Ngư Đệ Nhị chai 900ml,Chai,28000,8,Gia vị & Đồ nấu nướng,239
SP000028,Nước mắm Chinsu Cá Hồi chai 500ml,Chai,47000,8,Gia vị & Đồ nấu nướng,246
SP000029,Dầu ăn Simply đậu nành can 1L,Chai,59000,8,Gia vị & Đồ nấu nướng,253
SP000030,Dầu ăn Neptune Gold can 2L,Chai,135000,8,Gia vị & Đồ nấu nướng,260
SP000031,Hạt nêm Knorr thịt thăn xương ống 400g,Gói,37000,8,Gia vị & Đồ nấu nướng,267
SP000032,Bột ngọt Ajinomoto gói 454g,Gói,34000,8,Gia vị & Đồ nấu nướng,274
SP000033,Tương ớt Chinsu nắp bật 250g,Chai,15000,8,Gia vị & Đồ nấu nướng,281
SP000034,Tương cà Cholimex chai 330g,Chai,16000,8,Gia vị & Đồ nấu nướng,288
SP000035,Muối I-ốt Bạc Liêu túi 500g,Gói,6000,8,Gia vị & Đồ nấu nướng,295
SP000036,Đường tinh luyện Biên Hòa Daily 1kg,Gói,31000,8,Gia vị & Đồ nấu nướng,302
SP000037,Mì tôm Hảo Hảo tôm chua cay 75g,Gói,4500,8,Mì gói & Thực phẩm khô,309
SP000038,Mì Omachi sườn hầm ngũ quả 80g,Gói,8500,8,Mì gói & Thực phẩm khô,316
SP000039,Mì trộn Indomie Mi Goreng 85g,Gói,6500,8,Mì gói & Thực phẩm khô,323
SP000040,Phở gà Đệ Nhất Acecook 68g,Gói,8000,8,Mì gói & Thực phẩm khô,330
SP000041,Miến Phú Hương yến tiệc 210g,Gói,22000,8,Mì gói & Thực phẩm khô,337
SP000042,Cháo thịt bằm Cung Đình gói 50g,Gói,7000,8,Mì gói & Thực phẩm khô,344
SP000043,Cá nục sốt cà 3 Cô Gái lon 155g,Lon,19000,8,Mì gói & Thực phẩm khô,351
SP000044,Pate thịt heo Hạ Long lon 150g,Lon,27000,8,Mì gói & Thực phẩm khô,358
SP000045,Mì ly Modern lẩu thái tôm 65g,Ly,9500,8,Mì gói & Thực phẩm khô,365
SP000046,Nước rửa chén Sunlight chanh can 3.6kg,Can,109000,10,Hóa mỹ phẩm & Tẩy rửa,372
SP000047,Nước giặt OMO Matic cửa trên túi 3.6kg,Túi,175000,10,Hóa mỹ phẩm & Tẩy rửa,379
SP000048,Nước xả vải Comfort đậm đặc túi 3.2L,Túi,189000,10,Hóa mỹ phẩm & Tẩy rửa,386
SP000049,Dầu gội Clear thảo dược mát lạnh 630g,Chai,165000,10,Hóa mỹ phẩm & Tẩy rửa,393
SP000050,Dầu gội Pantene suôn mượt 650ml,Chai,155000,10,Hóa mỹ phẩm & Tẩy rửa,400
SP000051,Sữa tắm Lifebuoy bảo vệ vượt trội 800g,Chai,149000,10,Hóa mỹ phẩm & Tẩy rửa,407
SP000052,Kem đánh răng Colgate Total 12 180g,Tuýp,42000,10,Hóa mỹ phẩm & Tẩy rửa,414
SP000053,Bàn chải đánh răng P/S than tre,Cái,18000,10,Hóa mỹ phẩm & Tẩy rửa,421
SP000054,Nước lau sàn Sunlight hoa lily túi 3.6kg,Túi,85000,10,Hóa mỹ phẩm & Tẩy rửa,428
SP000055,Xịt muỗi Raid hương cam chanh 600ml,Chai,68000,10,Hóa mỹ phẩm & Tẩy rửa,435
SP000056,Giấy vệ sinh cuộn cao cấp Pulppy lốc 10 cuộn,Lốc,92000,8,Đồ gia dụng & Tiện ích,442
SP000057,Khăn giấy lụa rút Paseo 200 tờ,Hộp,25000,8,Đồ gia dụng & Tiện ích,449
SP000058,Màng bọc thực phẩm PE Sunhouse 30cmx150m,Hộp,75000,8,Đồ gia dụng & Tiện ích,456
SP000059,Túi rác đen tự hủy sinh học Opec 3 cuộn,Gói,38000,8,Đồ gia dụng & Tiện ích,463
SP000060,Băng dính dán thùng trong suốt 5cm x 100y,Cuộn,16000,8,Đồ gia dụng & Tiện ích,470
SP000061,Pin tiểu AA Panasonic vỉ 4 viên,Vỉ,26000,8,Đồ gia dụng & Tiện ích,477
SP000062,Khẩu trang y tế 4 lớp kháng khuẩn hộp 50 cái,Hộp,35000,8,Đồ gia dụng & Tiện ích,484
SP000063,Nước rửa tay Lifebuoy hương chanh chai 450ml,Chai,52000,8,Đồ gia dụng & Tiện ích,491
SP000064,Coca Cola Sleek 320ml (Lô 2),Lon,11550,8,Đồ uống & Giải khát,498
SP000065,Pepsi Sleek 320ml (Lô 2),Lon,11025,8,Đồ uống & Giải khát,55
SP000066,Nước cam ép Twister 450ml (Lô 2),Chai,12600,8,Đồ uống & Giải khát,62
SP000067,Trà xanh Không Độ 455ml (Lô 2),Chai,10500,8,Đồ uống & Giải khát,69
SP000068,Trà Ô Long Tea+ Plus 455ml (Lô 2),Chai,12600,8,Đồ uống & Giải khát,76
SP000069,Nước tăng lực Red Bull 250ml (Lô 2),Lon,14700,8,Đồ uống & Giải khát,83
SP000070,Nước khoáng Lavie 500ml (Lô 2),Chai,6300,8,Đồ uống & Giải khát,90
SP000071,Nước tinh khiết Aquafina 500ml (Lô 2),Chai,6300,8,Đồ uống & Giải khát,97
SP000072,Cà phê sữa đá Highlands 235ml (Lô 2),Lon,16800,8,Đồ uống & Giải khát,104
SP000073,Bia Heineken Sleek 330ml (Lô 2),Lon,23100,10,Đồ uống & Giải khát,111
SP000074,Bia Tiger Crystal 330ml (Lô 2),Lon,20475,10,Đồ uống & Giải khát,118
SP000075,Bia Sài Gòn Special 330ml (Lô 2),Lon,17325,10,Đồ uống & Giải khát,125
SP000076,Sữa tươi tiệt trùng Vinamilk 180ml (Lô 2),Hộp,8925,0,Đồ uống & Giải khát,132
SP000077,Sữa chua uống Susu 110ml (Lô 2),Chai,6825,0,Đồ uống & Giải khát,139
SP000078,Nước ép bưởi hồng Vfresh 1L (Lô 2),Hộp,40950,8,Đồ uống & Giải khát,146
SP000079,Bánh ChocoPie Orion hộp 12 cái (Lô 2),Hộp,60900,8,Bánh kẹo & Ăn vặt,153
SP000080,Bánh Cosy mè giòn rụm Kinh Đô 288g (Lô 2),Gói,30450,8,Bánh kẹo & Ăn vặt,160
SP000081,Snack khoai tây Ostar vị tảo biển 90g (Lô 2),Gói,19950,8,Bánh kẹo & Ăn vặt,167
SP000082,Snack khoai tây Lay's tự nhiên 95g (Lô 2),Gói,22050,8,Bánh kẹo & Ăn vặt,174
SP000083,Bánh que Pocky socola Glico 40g (Lô 2),Hộp,14700,8,Bánh kẹo & Ăn vặt,181
SP000084,Kẹo dẻo Chupa Chups Sour Tubes 160g (Lô 2),Gói,25200,8,Bánh kẹo & Ăn vặt,188
SP000085,Bánh mì tươi nhân bơ sữa Kinh Đô 80g (Lô 2),Cái,9450,8,Bánh kẹo & Ăn vặt,195
SP000086,Bánh xốp Nabati phô mai 130g (Lô 2),Hộp,12600,8,Bánh kẹo & Ăn vặt,202
SP000087,Hạt điều rang muối vỏ lụa Bình Phước 500g (Lô 2),Hộp,141750,8,Bánh kẹo & Ăn vặt,209
SP000088,Hạt hướng dương Chacheer 130g (Lô 2),Gói,15750,8,Bánh kẹo & Ăn vặt,216
SP000089,Rong biển sấy vị truyền thống TaoKaeNoi 32g (Lô 2),Gói,27300,8,Bánh kẹo & Ăn vặt,223
SP000090,Nước mắm Nam Ngư Đệ Nhị chai 900ml (Lô 2),Chai,29400,8,Gia vị & Đồ nấu nướng,230
SP000091,Nước mắm Chinsu Cá Hồi chai 500ml (Lô 2),Chai,49350,8,Gia vị & Đồ nấu nướng,237
SP000092,Dầu ăn Simply đậu nành can 1L (Lô 2),Chai,61950,8,Gia vị & Đồ nấu nướng,244
SP000093,Dầu ăn Neptune Gold can 2L (Lô 2),Chai,141750,8,Gia vị & Đồ nấu nướng,251
SP000094,Hạt nêm Knorr thịt thăn xương ống 400g (Lô 2),Gói,38850,8,Gia vị & Đồ nấu nướng,258
SP000095,Bột ngọt Ajinomoto gói 454g (Lô 2),Gói,35700,8,Gia vị & Đồ nấu nướng,265
SP000096,Tương ớt Chinsu nắp bật 250g (Lô 2),Chai,15750,8,Gia vị & Đồ nấu nướng,272
SP000097,Tương cà Cholimex chai 330g (Lô 2),Chai,16800,8,Gia vị & Đồ nấu nướng,279
SP000098,Muối I-ốt Bạc Liêu túi 500g (Lô 2),Gói,6300,8,Gia vị & Đồ nấu nướng,286
SP000099,Đường tinh luyện Biên Hòa Daily 1kg (Lô 2),Gói,32550,8,Gia vị & Đồ nấu nướng,293
SP000100,Mì tôm Hảo Hảo tôm chua cay 75g (Lô 2),Gói,4725,8,Mì gói & Thực phẩm khô,300
SP000101,Mì Omachi sườn hầm ngũ quả 80g (Lô 2),Gói,8925,8,Mì gói & Thực phẩm khô,307
SP000102,Mì trộn Indomie Mi Goreng 85g (Lô 2),Gói,6825,8,Mì gói & Thực phẩm khô,314
SP000103,Phở gà Đệ Nhất Acecook 68g (Lô 2),Gói,8400,8,Mì gói & Thực phẩm khô,321
SP000104,Miến Phú Hương yến tiệc 210g (Lô 2),Gói,23100,8,Mì gói & Thực phẩm khô,328
SP000105,Cháo thịt bằm Cung Đình gói 50g (Lô 2),Gói,7350,8,Mì gói & Thực phẩm khô,335
SP000106,Cá nục sốt cà 3 Cô Gái lon 155g (Lô 2),Lon,19950,8,Mì gói & Thực phẩm khô,342
SP000107,Pate thịt heo Hạ Long lon 150g (Lô 2),Lon,28350,8,Mì gói & Thực phẩm khô,349
SP000108,Mì ly Modern lẩu thái tôm 65g (Lô 2),Ly,9975,8,Mì gói & Thực phẩm khô,356
SP000109,Nước rửa chén Sunlight chanh can 3.6kg (Lô 2),Can,114450,10,Hóa mỹ phẩm & Tẩy rửa,363
SP000110,Nước giặt OMO Matic cửa trên túi 3.6kg (Lô 2),Túi,183750,10,Hóa mỹ phẩm & Tẩy rửa,370
SP000111,Nước xả vải Comfort đậm đặc túi 3.2L (Lô 2),Túi,198450,10,Hóa mỹ phẩm & Tẩy rửa,377
SP000112,Dầu gội Clear thảo dược mát lạnh 630g (Lô 2),Chai,173250,10,Hóa mỹ phẩm & Tẩy rửa,384
SP000113,Dầu gội Pantene suôn mượt 650ml (Lô 2),Chai,162750,10,Hóa mỹ phẩm & Tẩy rửa,391
SP000114,Sữa tắm Lifebuoy bảo vệ vượt trội 800g (Lô 2),Chai,156450,10,Hóa mỹ phẩm & Tẩy rửa,398
SP000115,Kem đánh răng Colgate Total 12 180g (Lô 2),Tuýp,44100,10,Hóa mỹ phẩm & Tẩy rửa,405
SP000116,Bàn chải đánh răng P/S than tre (Lô 2),Cái,18900,10,Hóa mỹ phẩm & Tẩy rửa,412
SP000117,Nước lau sàn Sunlight hoa lily túi 3.6kg (Lô 2),Túi,89250,10,Hóa mỹ phẩm & Tẩy rửa,419
SP000118,Xịt muỗi Raid hương cam chanh 600ml (Lô 2),Chai,71400,10,Hóa mỹ phẩm & Tẩy rửa,426
SP000119,Giấy vệ sinh cuộn cao cấp Pulppy lốc 10 cuộn (Lô 2),Lốc,96600,8,Đồ gia dụng & Tiện ích,433
SP000120,Khăn giấy lụa rút Paseo 200 tờ (Lô 2),Hộp,26250,8,Đồ gia dụng & Tiện ích,440
SP000121,Màng bọc thực phẩm PE Sunhouse 30cmx150m (Lô 2),Hộp,78750,8,Đồ gia dụng & Tiện ích,447
SP000122,Túi rác đen tự hủy sinh học Opec 3 cuộn (Lô 2),Gói,39900,8,Đồ gia dụng & Tiện ích,454
SP000123,Băng dính dán thùng trong suốt 5cm x 100y (Lô 2),Cuộn,16800,8,Đồ gia dụng & Tiện ích,461
SP000124,Pin tiểu AA Panasonic vỉ 4 viên (Lô 2),Vỉ,27300,8,Đồ gia dụng & Tiện ích,468
SP000125,Khẩu trang y tế 4 lớp kháng khuẩn hộp 50 cái (Lô 2),Hộp,36750,8,Đồ gia dụng & Tiện ích,475
SP000126,Nước rửa tay Lifebuoy hương chanh chai 450ml (Lô 2),Chai,54600,8,Đồ gia dụng & Tiện ích,482
SP000127,Coca Cola Sleek 320ml (Lô 3),Lon,12100,8,Đồ uống & Giải khát,489
SP000128,Pepsi Sleek 320ml (Lô 3),Lon,11550,8,Đồ uống & Giải khát,496
SP000129,Nước cam ép Twister 450ml (Lô 3),Chai,13200,8,Đồ uống & Giải khát,53
SP000130,Trà xanh Không Độ 455ml (Lô 3),Chai,11000,8,Đồ uống & Giải khát,60
SP000131,Trà Ô Long Tea+ Plus 455ml (Lô 3),Chai,13200,8,Đồ uống & Giải khát,67
SP000132,Nước tăng lực Red Bull 250ml (Lô 3),Lon,15400,8,Đồ uống & Giải khát,74
SP000133,Nước khoáng Lavie 500ml (Lô 3),Chai,6600,8,Đồ uống & Giải khát,81
SP000134,Nước tinh khiết Aquafina 500ml (Lô 3),Chai,6600,8,Đồ uống & Giải khát,88
SP000135,Cà phê sữa đá Highlands 235ml (Lô 3),Lon,17600,8,Đồ uống & Giải khát,95
SP000136,Bia Heineken Sleek 330ml (Lô 3),Lon,24200,10,Đồ uống & Giải khát,102
SP000137,Bia Tiger Crystal 330ml (Lô 3),Lon,21450,10,Đồ uống & Giải khát,109
SP000138,Bia Sài Gòn Special 330ml (Lô 3),Lon,18150,10,Đồ uống & Giải khát,116
SP000139,Sữa tươi tiệt trùng Vinamilk 180ml (Lô 3),Hộp,9350,0,Đồ uống & Giải khát,123
SP000140,Sữa chua uống Susu 110ml (Lô 3),Chai,7150,0,Đồ uống & Giải khát,130
SP000141,Nước ép bưởi hồng Vfresh 1L (Lô 3),Hộp,42900,8,Đồ uống & Giải khát,137
SP000142,Bánh ChocoPie Orion hộp 12 cái (Lô 3),Hộp,63800,8,Bánh kẹo & Ăn vặt,144
SP000143,Bánh Cosy mè giòn rụm Kinh Đô 288g (Lô 3),Gói,31900,8,Bánh kẹo & Ăn vặt,151
SP000144,Snack khoai tây Ostar vị tảo biển 90g (Lô 3),Gói,20900,8,Bánh kẹo & Ăn vặt,158
SP000145,Snack khoai tây Lay's tự nhiên 95g (Lô 3),Gói,23100,8,Bánh kẹo & Ăn vặt,165
SP000146,Bánh que Pocky socola Glico 40g (Lô 3),Hộp,15400,8,Bánh kẹo & Ăn vặt,172
SP000147,Kẹo dẻo Chupa Chups Sour Tubes 160g (Lô 3),Gói,26400,8,Bánh kẹo & Ăn vặt,179
SP000148,Bánh mì tươi nhân bơ sữa Kinh Đô 80g (Lô 3),Cái,9900,8,Bánh kẹo & Ăn vặt,186
SP000149,Bánh xốp Nabati phô mai 130g (Lô 3),Hộp,13200,8,Bánh kẹo & Ăn vặt,193
SP000150,Hạt điều rang muối vỏ lụa Bình Phước 500g (Lô 3),Hộp,148500,8,Bánh kẹo & Ăn vặt,200
SP000151,Hạt hướng dương Chacheer 130g (Lô 3),Gói,16500,8,Bánh kẹo & Ăn vặt,207
SP000152,Rong biển sấy vị truyền thống TaoKaeNoi 32g (Lô 3),Gói,28600,8,Bánh kẹo & Ăn vặt,214
SP000153,Nước mắm Nam Ngư Đệ Nhị chai 900ml (Lô 3),Chai,30800,8,Gia vị & Đồ nấu nướng,221
SP000154,Nước mắm Chinsu Cá Hồi chai 500ml (Lô 3),Chai,51700,8,Gia vị & Đồ nấu nướng,228
SP000155,Dầu ăn Simply đậu nành can 1L (Lô 3),Chai,64900,8,Gia vị & Đồ nấu nướng,235
SP000156,Dầu ăn Neptune Gold can 2L (Lô 3),Chai,148500,8,Gia vị & Đồ nấu nướng,242
SP000157,Hạt nêm Knorr thịt thăn xương ống 400g (Lô 3),Gói,40700,8,Gia vị & Đồ nấu nướng,249
SP000158,Bột ngọt Ajinomoto gói 454g (Lô 3),Gói,37400,8,Gia vị & Đồ nấu nướng,256
SP000159,Tương ớt Chinsu nắp bật 250g (Lô 3),Chai,16500,8,Gia vị & Đồ nấu nướng,263
SP000160,Tương cà Cholimex chai 330g (Lô 3),Chai,17600,8,Gia vị & Đồ nấu nướng,270
SP000161,Muối I-ốt Bạc Liêu túi 500g (Lô 3),Gói,6600,8,Gia vị & Đồ nấu nướng,277
SP000162,Đường tinh luyện Biên Hòa Daily 1kg (Lô 3),Gói,34100,8,Gia vị & Đồ nấu nướng,284
SP000163,Mì tôm Hảo Hảo tôm chua cay 75g (Lô 3),Gói,4950,8,Mì gói & Thực phẩm khô,291
SP000164,Mì Omachi sườn hầm ngũ quả 80g (Lô 3),Gói,9350,8,Mì gói & Thực phẩm khô,298
SP000165,Mì trộn Indomie Mi Goreng 85g (Lô 3),Gói,7150,8,Mì gói & Thực phẩm khô,305
SP000166,Phở gà Đệ Nhất Acecook 68g (Lô 3),Gói,8800,8,Mì gói & Thực phẩm khô,312
SP000167,Miến Phú Hương yến tiệc 210g (Lô 3),Gói,24200,8,Mì gói & Thực phẩm khô,319
SP000168,Cháo thịt bằm Cung Đình gói 50g (Lô 3),Gói,7700,8,Mì gói & Thực phẩm khô,326
SP000169,Cá nục sốt cà 3 Cô Gái lon 155g (Lô 3),Lon,20900,8,Mì gói & Thực phẩm khô,333
SP000170,Pate thịt heo Hạ Long lon 150g (Lô 3),Lon,29700,8,Mì gói & Thực phẩm khô,340
SP000171,Mì ly Modern lẩu thái tôm 65g (Lô 3),Ly,10450,8,Mì gói & Thực phẩm khô,347
SP000172,Nước rửa chén Sunlight chanh can 3.6kg (Lô 3),Can,119900,10,Hóa mỹ phẩm & Tẩy rửa,354
SP000173,Nước giặt OMO Matic cửa trên túi 3.6kg (Lô 3),Túi,192500,10,Hóa mỹ phẩm & Tẩy rửa,361
SP000174,Nước xả vải Comfort đậm đặc túi 3.2L (Lô 3),Túi,207900,10,Hóa mỹ phẩm & Tẩy rửa,368
SP000175,Dầu gội Clear thảo dược mát lạnh 630g (Lô 3),Chai,181500,10,Hóa mỹ phẩm & Tẩy rửa,375
SP000176,Dầu gội Pantene suôn mượt 650ml (Lô 3),Chai,170500,10,Hóa mỹ phẩm & Tẩy rửa,382
SP000177,Sữa tắm Lifebuoy bảo vệ vượt trội 800g (Lô 3),Chai,163900,10,Hóa mỹ phẩm & Tẩy rửa,389
SP000178,Kem đánh răng Colgate Total 12 180g (Lô 3),Tuýp,46200,10,Hóa mỹ phẩm & Tẩy rửa,396
SP000179,Bàn chải đánh răng P/S than tre (Lô 3),Cái,19800,10,Hóa mỹ phẩm & Tẩy rửa,403
SP000180,Nước lau sàn Sunlight hoa lily túi 3.6kg (Lô 3),Túi,93500,10,Hóa mỹ phẩm & Tẩy rửa,410
SP000181,Xịt muỗi Raid hương cam chanh 600ml (Lô 3),Chai,74800,10,Hóa mỹ phẩm & Tẩy rửa,417
SP000182,Giấy vệ sinh cuộn cao cấp Pulppy lốc 10 cuộn (Lô 3),Lốc,101200,8,Đồ gia dụng & Tiện ích,424
SP000183,Khăn giấy lụa rút Paseo 200 tờ (Lô 3),Hộp,27500,8,Đồ gia dụng & Tiện ích,431
SP000184,Màng bọc thực phẩm PE Sunhouse 30cmx150m (Lô 3),Hộp,82500,8,Đồ gia dụng & Tiện ích,438
SP000185,Túi rác đen tự hủy sinh học Opec 3 cuộn (Lô 3),Gói,41800,8,Đồ gia dụng & Tiện ích,445
SP000186,Băng dính dán thùng trong suốt 5cm x 100y (Lô 3),Cuộn,17600,8,Đồ gia dụng & Tiện ích,452
SP000187,Pin tiểu AA Panasonic vỉ 4 viên (Lô 3),Vỉ,28600,8,Đồ gia dụng & Tiện ích,459
SP000188,Khẩu trang y tế 4 lớp kháng khuẩn hộp 50 cái (Lô 3),Hộp,38500,8,Đồ gia dụng & Tiện ích,466
SP000189,Nước rửa tay Lifebuoy hương chanh chai 450ml (Lô 3),Chai,57200,8,Đồ gia dụng & Tiện ích,473
SP000190,Coca Cola Sleek 320ml (Lô 4),Lon,12649,8,Đồ uống & Giải khát,480
SP000191,Pepsi Sleek 320ml (Lô 4),Lon,12074,8,Đồ uống & Giải khát,487
SP000192,Nước cam ép Twister 450ml (Lô 4),Chai,13799,8,Đồ uống & Giải khát,494
SP000193,Trà xanh Không Độ 455ml (Lô 4),Chai,11500,8,Đồ uống & Giải khát,51
SP000194,Trà Ô Long Tea+ Plus 455ml (Lô 4),Chai,13799,8,Đồ uống & Giải khát,58
SP000195,Nước tăng lực Red Bull 250ml (Lô 4),Lon,16099,8,Đồ uống & Giải khát,65
SP000196,Nước khoáng Lavie 500ml (Lô 4),Chai,6899,8,Đồ uống & Giải khát,72
SP000197,Nước tinh khiết Aquafina 500ml (Lô 4),Chai,6899,8,Đồ uống & Giải khát,79
SP000198,Cà phê sữa đá Highlands 235ml (Lô 4),Lon,18400,8,Đồ uống & Giải khát,86
SP000199,Bia Heineken Sleek 330ml (Lô 4),Lon,25299,10,Đồ uống & Giải khát,93
SP000200,Bia Tiger Crystal 330ml (Lô 4),Lon,22425,10,Đồ uống & Giải khát,100
SP000201,Bia Sài Gòn Special 330ml (Lô 4),Lon,18975,10,Đồ uống & Giải khát,107
SP000202,Sữa tươi tiệt trùng Vinamilk 180ml (Lô 4),Hộp,9775,0,Đồ uống & Giải khát,114
SP000203,Sữa chua uống Susu 110ml (Lô 4),Chai,7474,0,Đồ uống & Giải khát,121
SP000204,Nước ép bưởi hồng Vfresh 1L (Lô 4),Hộp,44850,8,Đồ uống & Giải khát,128
SP000205,Bánh ChocoPie Orion hộp 12 cái (Lô 4),Hộp,66700,8,Bánh kẹo & Ăn vặt,135
SP000206,Bánh Cosy mè giòn rụm Kinh Đô 288g (Lô 4),Gói,33350,8,Bánh kẹo & Ăn vặt,142
SP000207,Snack khoai tây Ostar vị tảo biển 90g (Lô 4),Gói,21850,8,Bánh kẹo & Ăn vặt,149
SP000208,Snack khoai tây Lay's tự nhiên 95g (Lô 4),Gói,24149,8,Bánh kẹo & Ăn vặt,156
SP000209,Bánh que Pocky socola Glico 40g (Lô 4),Hộp,16099,8,Bánh kẹo & Ăn vặt,163
SP000210,Kẹo dẻo Chupa Chups Sour Tubes 160g (Lô 4),Gói,27599,8,Bánh kẹo & Ăn vặt,170
SP000211,Bánh mì tươi nhân bơ sữa Kinh Đô 80g (Lô 4),Cái,10350,8,Bánh kẹo & Ăn vặt,177
SP000212,Bánh xốp Nabati phô mai 130g (Lô 4),Hộp,13799,8,Bánh kẹo & Ăn vặt,184
SP000213,Hạt điều rang muối vỏ lụa Bình Phước 500g (Lô 4),Hộp,155250,8,Bánh kẹo & Ăn vặt,191
SP000214,Hạt hướng dương Chacheer 130g (Lô 4),Gói,17250,8,Bánh kẹo & Ăn vặt,198
SP000215,Rong biển sấy vị truyền thống TaoKaeNoi 32g (Lô 4),Gói,29899,8,Bánh kẹo & Ăn vặt,205
SP000216,Nước mắm Nam Ngư Đệ Nhị chai 900ml (Lô 4),Chai,32199,8,Gia vị & Đồ nấu nướng,212
SP000217,Nước mắm Chinsu Cá Hồi chai 500ml (Lô 4),Chai,54049,8,Gia vị & Đồ nấu nướng,219
SP000218,Dầu ăn Simply đậu nành can 1L (Lô 4),Chai,67850,8,Gia vị & Đồ nấu nướng,226
SP000219,Dầu ăn Neptune Gold can 2L (Lô 4),Chai,155250,8,Gia vị & Đồ nấu nướng,233
SP000220,Hạt nêm Knorr thịt thăn xương ống 400g (Lô 4),Gói,42550,8,Gia vị & Đồ nấu nướng,240
SP000221,Bột ngọt Ajinomoto gói 454g (Lô 4),Gói,39100,8,Gia vị & Đồ nấu nướng,247
SP000222,Tương ớt Chinsu nắp bật 250g (Lô 4),Chai,17250,8,Gia vị & Đồ nấu nướng,254
SP000223,Tương cà Cholimex chai 330g (Lô 4),Chai,18400,8,Gia vị & Đồ nấu nướng,261
SP000224,Muối I-ốt Bạc Liêu túi 500g (Lô 4),Gói,6899,8,Gia vị & Đồ nấu nướng,268
SP000225,Đường tinh luyện Biên Hòa Daily 1kg (Lô 4),Gói,35650,8,Gia vị & Đồ nấu nướng,275
SP000226,Mì tôm Hảo Hảo tôm chua cay 75g (Lô 4),Gói,5175,8,Mì gói & Thực phẩm khô,282
SP000227,Mì Omachi sườn hầm ngũ quả 80g (Lô 4),Gói,9775,8,Mì gói & Thực phẩm khô,289
SP000228,Mì trộn Indomie Mi Goreng 85g (Lô 4),Gói,7474,8,Mì gói & Thực phẩm khô,296
SP000229,Phở gà Đệ Nhất Acecook 68g (Lô 4),Gói,9200,8,Mì gói & Thực phẩm khô,303
SP000230,Miến Phú Hương yến tiệc 210g (Lô 4),Gói,25299,8,Mì gói & Thực phẩm khô,310
SP000231,Cháo thịt bằm Cung Đình gói 50g (Lô 4),Gói,8049,8,Mì gói & Thực phẩm khô,317
SP000232,Cá nục sốt cà 3 Cô Gái lon 155g (Lô 4),Lon,21850,8,Mì gói & Thực phẩm khô,324
SP000233,Pate thịt heo Hạ Long lon 150g (Lô 4),Lon,31049,8,Mì gói & Thực phẩm khô,331
SP000234,Mì ly Modern lẩu thái tôm 65g (Lô 4),Ly,10925,8,Mì gói & Thực phẩm khô,338
SP000235,Nước rửa chén Sunlight chanh can 3.6kg (Lô 4),Can,125349,10,Hóa mỹ phẩm & Tẩy rửa,345
SP000236,Nước giặt OMO Matic cửa trên túi 3.6kg (Lô 4),Túi,201249,10,Hóa mỹ phẩm & Tẩy rửa,352
SP000237,Nước xả vải Comfort đậm đặc túi 3.2L (Lô 4),Túi,217349,10,Hóa mỹ phẩm & Tẩy rửa,359
SP000238,Dầu gội Clear thảo dược mát lạnh 630g (Lô 4),Chai,189749,10,Hóa mỹ phẩm & Tẩy rửa,366
SP000239,Dầu gội Pantene suôn mượt 650ml (Lô 4),Chai,178250,10,Hóa mỹ phẩm & Tẩy rửa,373
SP000240,Sữa tắm Lifebuoy bảo vệ vượt trội 800g (Lô 4),Chai,171350,10,Hóa mỹ phẩm & Tẩy rửa,380
SP000241,Kem đánh răng Colgate Total 12 180g (Lô 4),Tuýp,48299,10,Hóa mỹ phẩm & Tẩy rửa,387
SP000242,Bàn chải đánh răng P/S than tre (Lô 4),Cái,20700,10,Hóa mỹ phẩm & Tẩy rửa,394
SP000243,Nước lau sàn Sunlight hoa lily túi 3.6kg (Lô 4),Túi,97749,10,Hóa mỹ phẩm & Tẩy rửa,401
SP000244,Xịt muỗi Raid hương cam chanh 600ml (Lô 4),Chai,78200,10,Hóa mỹ phẩm & Tẩy rửa,408
SP000245,Giấy vệ sinh cuộn cao cấp Pulppy lốc 10 cuộn (Lô 4),Lốc,105799,8,Đồ gia dụng & Tiện ích,415
SP000246,Khăn giấy lụa rút Paseo 200 tờ (Lô 4),Hộp,28749,8,Đồ gia dụng & Tiện ích,422
SP000247,Màng bọc thực phẩm PE Sunhouse 30cmx150m (Lô 4),Hộp,86250,8,Đồ gia dụng & Tiện ích,429
SP000248,Túi rác đen tự hủy sinh học Opec 3 cuộn (Lô 4),Gói,43700,8,Đồ gia dụng & Tiện ích,436
SP000249,Băng dính dán thùng trong suốt 5cm x 100y (Lô 4),Cuộn,18400,8,Đồ gia dụng & Tiện ích,443
SP000250,Pin tiểu AA Panasonic vỉ 4 viên (Lô 4),Vỉ,29899,8,Đồ gia dụng & Tiện ích,450
SP000251,Khẩu trang y tế 4 lớp kháng khuẩn hộp 50 cái (Lô 4),Hộp,40250,8,Đồ gia dụng & Tiện ích,457
SP000252,Nước rửa tay Lifebuoy hương chanh chai 450ml (Lô 4),Chai,59799,8,Đồ gia dụng & Tiện ích,464
SP000253,Coca Cola Sleek 320ml (Lô 5),Lon,13200,8,Đồ uống & Giải khát,471
SP000254,Pepsi Sleek 320ml (Lô 5),Lon,12600,8,Đồ uống & Giải khát,478
SP000255,Nước cam ép Twister 450ml (Lô 5),Chai,14400,8,Đồ uống & Giải khát,485
SP000256,Trà xanh Không Độ 455ml (Lô 5),Chai,12000,8,Đồ uống & Giải khát,492
SP000257,Trà Ô Long Tea+ Plus 455ml (Lô 5),Chai,14400,8,Đồ uống & Giải khát,499
SP000258,Nước tăng lực Red Bull 250ml (Lô 5),Lon,16800,8,Đồ uống & Giải khát,56
SP000259,Nước khoáng Lavie 500ml (Lô 5),Chai,7200,8,Đồ uống & Giải khát,63
SP000260,Nước tinh khiết Aquafina 500ml (Lô 5),Chai,7200,8,Đồ uống & Giải khát,70
SP000261,Cà phê sữa đá Highlands 235ml (Lô 5),Lon,19200,8,Đồ uống & Giải khát,77
SP000262,Bia Heineken Sleek 330ml (Lô 5),Lon,26400,10,Đồ uống & Giải khát,84
SP000263,Bia Tiger Crystal 330ml (Lô 5),Lon,23400,10,Đồ uống & Giải khát,91
SP000264,Bia Sài Gòn Special 330ml (Lô 5),Lon,19800,10,Đồ uống & Giải khát,98
SP000265,Sữa tươi tiệt trùng Vinamilk 180ml (Lô 5),Hộp,10200,0,Đồ uống & Giải khát,105
SP000266,Sữa chua uống Susu 110ml (Lô 5),Chai,7800,0,Đồ uống & Giải khát,112
SP000267,Nước ép bưởi hồng Vfresh 1L (Lô 5),Hộp,46800,8,Đồ uống & Giải khát,119
SP000268,Bánh ChocoPie Orion hộp 12 cái (Lô 5),Hộp,69600,8,Bánh kẹo & Ăn vặt,126
SP000269,Bánh Cosy mè giòn rụm Kinh Đô 288g (Lô 5),Gói,34800,8,Bánh kẹo & Ăn vặt,133
SP000270,Snack khoai tây Ostar vị tảo biển 90g (Lô 5),Gói,22800,8,Bánh kẹo & Ăn vặt,140
SP000271,Snack khoai tây Lay's tự nhiên 95g (Lô 5),Gói,25200,8,Bánh kẹo & Ăn vặt,147
SP000272,Bánh que Pocky socola Glico 40g (Lô 5),Hộp,16800,8,Bánh kẹo & Ăn vặt,154
SP000273,Kẹo dẻo Chupa Chups Sour Tubes 160g (Lô 5),Gói,28800,8,Bánh kẹo & Ăn vặt,161
SP000274,Bánh mì tươi nhân bơ sữa Kinh Đô 80g (Lô 5),Cái,10800,8,Bánh kẹo & Ăn vặt,168
SP000275,Bánh xốp Nabati phô mai 130g (Lô 5),Hộp,14400,8,Bánh kẹo & Ăn vặt,175
SP000276,Hạt điều rang muối vỏ lụa Bình Phước 500g (Lô 5),Hộp,162000,8,Bánh kẹo & Ăn vặt,182
SP000277,Hạt hướng dương Chacheer 130g (Lô 5),Gói,18000,8,Bánh kẹo & Ăn vặt,189
SP000278,Rong biển sấy vị truyền thống TaoKaeNoi 32g (Lô 5),Gói,31200,8,Bánh kẹo & Ăn vặt,196
SP000279,Nước mắm Nam Ngư Đệ Nhị chai 900ml (Lô 5),Chai,33600,8,Gia vị & Đồ nấu nướng,203
SP000280,Nước mắm Chinsu Cá Hồi chai 500ml (Lô 5),Chai,56400,8,Gia vị & Đồ nấu nướng,210
SP000281,Dầu ăn Simply đậu nành can 1L (Lô 5),Chai,70800,8,Gia vị & Đồ nấu nướng,217
SP000282,Dầu ăn Neptune Gold can 2L (Lô 5),Chai,162000,8,Gia vị & Đồ nấu nướng,224
SP000283,Hạt nêm Knorr thịt thăn xương ống 400g (Lô 5),Gói,44400,8,Gia vị & Đồ nấu nướng,231
SP000284,Bột ngọt Ajinomoto gói 454g (Lô 5),Gói,40800,8,Gia vị & Đồ nấu nướng,238
SP000285,Tương ớt Chinsu nắp bật 250g (Lô 5),Chai,18000,8,Gia vị & Đồ nấu nướng,245
SP000286,Tương cà Cholimex chai 330g (Lô 5),Chai,19200,8,Gia vị & Đồ nấu nướng,252
SP000287,Muối I-ốt Bạc Liêu túi 500g (Lô 5),Gói,7200,8,Gia vị & Đồ nấu nướng,259
SP000288,Đường tinh luyện Biên Hòa Daily 1kg (Lô 5),Gói,37200,8,Gia vị & Đồ nấu nướng,266
SP000289,Mì tôm Hảo Hảo tôm chua cay 75g (Lô 5),Gói,5400,8,Mì gói & Thực phẩm khô,273
SP000290,Mì Omachi sườn hầm ngũ quả 80g (Lô 5),Gói,10200,8,Mì gói & Thực phẩm khô,280
SP000291,Mì trộn Indomie Mi Goreng 85g (Lô 5),Gói,7800,8,Mì gói & Thực phẩm khô,287
SP000292,Phở gà Đệ Nhất Acecook 68g (Lô 5),Gói,9600,8,Mì gói & Thực phẩm khô,294
SP000293,Miến Phú Hương yến tiệc 210g (Lô 5),Gói,26400,8,Mì gói & Thực phẩm khô,301
SP000294,Cháo thịt bằm Cung Đình gói 50g (Lô 5),Gói,8400,8,Mì gói & Thực phẩm khô,308
SP000295,Cá nục sốt cà 3 Cô Gái lon 155g (Lô 5),Lon,22800,8,Mì gói & Thực phẩm khô,315
SP000296,Pate thịt heo Hạ Long lon 150g (Lô 5),Lon,32400,8,Mì gói & Thực phẩm khô,322
SP000297,Mì ly Modern lẩu thái tôm 65g (Lô 5),Ly,11400,8,Mì gói & Thực phẩm khô,329
SP000298,Nước rửa chén Sunlight chanh can 3.6kg (Lô 5),Can,130800,10,Hóa mỹ phẩm & Tẩy rửa,336
SP000299,Nước giặt OMO Matic cửa trên túi 3.6kg (Lô 5),Túi,210000,10,Hóa mỹ phẩm & Tẩy rửa,343
SP000300,Nước xả vải Comfort đậm đặc túi 3.2L (Lô 5),Túi,226800,10,Hóa mỹ phẩm & Tẩy rửa,350
SP000301,Dầu gội Clear thảo dược mát lạnh 630g (Lô 5),Chai,198000,10,Hóa mỹ phẩm & Tẩy rửa,357
SP000302,Dầu gội Pantene suôn mượt 650ml (Lô 5),Chai,186000,10,Hóa mỹ phẩm & Tẩy rửa,364
SP000303,Sữa tắm Lifebuoy bảo vệ vượt trội 800g (Lô 5),Chai,178800,10,Hóa mỹ phẩm & Tẩy rửa,371
SP000304,Kem đánh răng Colgate Total 12 180g (Lô 5),Tuýp,50400,10,Hóa mỹ phẩm & Tẩy rửa,378
SP000305,Bàn chải đánh răng P/S than tre (Lô 5),Cái,21600,10,Hóa mỹ phẩm & Tẩy rửa,385
SP000306,Nước lau sàn Sunlight hoa lily túi 3.6kg (Lô 5),Túi,102000,10,Hóa mỹ phẩm & Tẩy rửa,392
SP000307,Xịt muỗi Raid hương cam chanh 600ml (Lô 5),Chai,81600,10,Hóa mỹ phẩm & Tẩy rửa,399
SP000308,Giấy vệ sinh cuộn cao cấp Pulppy lốc 10 cuộn (Lô 5),Lốc,110400,8,Đồ gia dụng & Tiện ích,406
SP000309,Khăn giấy lụa rút Paseo 200 tờ (Lô 5),Hộp,30000,8,Đồ gia dụng & Tiện ích,413
SP000310,Màng bọc thực phẩm PE Sunhouse 30cmx150m (Lô 5),Hộp,90000,8,Đồ gia dụng & Tiện ích,420
SP000311,Túi rác đen tự hủy sinh học Opec 3 cuộn (Lô 5),Gói,45600,8,Đồ gia dụng & Tiện ích,427
SP000312,Băng dính dán thùng trong suốt 5cm x 100y (Lô 5),Cuộn,19200,8,Đồ gia dụng & Tiện ích,434
SP000313,Pin tiểu AA Panasonic vỉ 4 viên (Lô 5),Vỉ,31200,8,Đồ gia dụng & Tiện ích,441
SP000314,Khẩu trang y tế 4 lớp kháng khuẩn hộp 50 cái (Lô 5),Hộp,42000,8,Đồ gia dụng & Tiện ích,448
SP000315,Nước rửa tay Lifebuoy hương chanh chai 450ml (Lô 5),Chai,62400,8,Đồ gia dụng & Tiện ích,455
SP000316,Coca Cola Sleek 320ml (Lô 6),Lon,11000,8,Đồ uống & Giải khát,462
SP000317,Pepsi Sleek 320ml (Lô 6),Lon,10500,8,Đồ uống & Giải khát,469
SP000318,Nước cam ép Twister 450ml (Lô 6),Chai,12000,8,Đồ uống & Giải khát,476
SP000319,Trà xanh Không Độ 455ml (Lô 6),Chai,10000,8,Đồ uống & Giải khát,483
SP000320,Trà Ô Long Tea+ Plus 455ml (Lô 6),Chai,12000,8,Đồ uống & Giải khát,490
SP000321,Nước tăng lực Red Bull 250ml (Lô 6),Lon,14000,8,Đồ uống & Giải khát,497
SP000322,Nước khoáng Lavie 500ml (Lô 6),Chai,6000,8,Đồ uống & Giải khát,54
SP000323,Nước tinh khiết Aquafina 500ml (Lô 6),Chai,6000,8,Đồ uống & Giải khát,61
SP000324,Cà phê sữa đá Highlands 235ml (Lô 6),Lon,16000,8,Đồ uống & Giải khát,68
SP000325,Bia Heineken Sleek 330ml (Lô 6),Lon,22000,10,Đồ uống & Giải khát,75
SP000326,Bia Tiger Crystal 330ml (Lô 6),Lon,19500,10,Đồ uống & Giải khát,82
SP000327,Bia Sài Gòn Special 330ml (Lô 6),Lon,16500,10,Đồ uống & Giải khát,89
SP000328,Sữa tươi tiệt trùng Vinamilk 180ml (Lô 6),Hộp,8500,0,Đồ uống & Giải khát,96
SP000329,Sữa chua uống Susu 110ml (Lô 6),Chai,6500,0,Đồ uống & Giải khát,103
SP000330,Nước ép bưởi hồng Vfresh 1L (Lô 6),Hộp,39000,8,Đồ uống & Giải khát,110
SP000331,Bánh ChocoPie Orion hộp 12 cái (Lô 6),Hộp,58000,8,Bánh kẹo & Ăn vặt,117
SP000332,Bánh Cosy mè giòn rụm Kinh Đô 288g (Lô 6),Gói,29000,8,Bánh kẹo & Ăn vặt,124
SP000333,Snack khoai tây Ostar vị tảo biển 90g (Lô 6),Gói,19000,8,Bánh kẹo & Ăn vặt,131
SP000334,Snack khoai tây Lay's tự nhiên 95g (Lô 6),Gói,21000,8,Bánh kẹo & Ăn vặt,138
SP000335,Bánh que Pocky socola Glico 40g (Lô 6),Hộp,14000,8,Bánh kẹo & Ăn vặt,145
SP000336,Kẹo dẻo Chupa Chups Sour Tubes 160g (Lô 6),Gói,24000,8,Bánh kẹo & Ăn vặt,152
SP000337,Bánh mì tươi nhân bơ sữa Kinh Đô 80g (Lô 6),Cái,9000,8,Bánh kẹo & Ăn vặt,159
SP000338,Bánh xốp Nabati phô mai 130g (Lô 6),Hộp,12000,8,Bánh kẹo & Ăn vặt,166
SP000339,Hạt điều rang muối vỏ lụa Bình Phước 500g (Lô 6),Hộp,135000,8,Bánh kẹo & Ăn vặt,173
SP000340,Hạt hướng dương Chacheer 130g (Lô 6),Gói,15000,8,Bánh kẹo & Ăn vặt,180
SP000341,Rong biển sấy vị truyền thống TaoKaeNoi 32g (Lô 6),Gói,26000,8,Bánh kẹo & Ăn vặt,187
SP000342,Nước mắm Nam Ngư Đệ Nhị chai 900ml (Lô 6),Chai,28000,8,Gia vị & Đồ nấu nướng,194
SP000343,Nước mắm Chinsu Cá Hồi chai 500ml (Lô 6),Chai,47000,8,Gia vị & Đồ nấu nướng,201
SP000344,Dầu ăn Simply đậu nành can 1L (Lô 6),Chai,59000,8,Gia vị & Đồ nấu nướng,208
SP000345,Dầu ăn Neptune Gold can 2L (Lô 6),Chai,135000,8,Gia vị & Đồ nấu nướng,215
SP000346,Hạt nêm Knorr thịt thăn xương ống 400g (Lô 6),Gói,37000,8,Gia vị & Đồ nấu nướng,222
SP000347,Bột ngọt Ajinomoto gói 454g (Lô 6),Gói,34000,8,Gia vị & Đồ nấu nướng,229
SP000348,Tương ớt Chinsu nắp bật 250g (Lô 6),Chai,15000,8,Gia vị & Đồ nấu nướng,236
SP000349,Tương cà Cholimex chai 330g (Lô 6),Chai,16000,8,Gia vị & Đồ nấu nướng,243
SP000350,Muối I-ốt Bạc Liêu túi 500g (Lô 6),Gói,6000,8,Gia vị & Đồ nấu nướng,250
SP000351,Đường tinh luyện Biên Hòa Daily 1kg (Lô 6),Gói,31000,8,Gia vị & Đồ nấu nướng,257
SP000352,Mì tôm Hảo Hảo tôm chua cay 75g (Lô 6),Gói,4500,8,Mì gói & Thực phẩm khô,264
SP000353,Mì Omachi sườn hầm ngũ quả 80g (Lô 6),Gói,8500,8,Mì gói & Thực phẩm khô,271
SP000354,Mì trộn Indomie Mi Goreng 85g (Lô 6),Gói,6500,8,Mì gói & Thực phẩm khô,278
SP000355,Phở gà Đệ Nhất Acecook 68g (Lô 6),Gói,8000,8,Mì gói & Thực phẩm khô,285
SP000356,Miến Phú Hương yến tiệc 210g (Lô 6),Gói,22000,8,Mì gói & Thực phẩm khô,292
SP000357,Cháo thịt bằm Cung Đình gói 50g (Lô 6),Gói,7000,8,Mì gói & Thực phẩm khô,299
SP000358,Cá nục sốt cà 3 Cô Gái lon 155g (Lô 6),Lon,19000,8,Mì gói & Thực phẩm khô,306
SP000359,Pate thịt heo Hạ Long lon 150g (Lô 6),Lon,27000,8,Mì gói & Thực phẩm khô,313
SP000360,Mì ly Modern lẩu thái tôm 65g (Lô 6),Ly,9500,8,Mì gói & Thực phẩm khô,320
SP000361,Nước rửa chén Sunlight chanh can 3.6kg (Lô 6),Can,109000,10,Hóa mỹ phẩm & Tẩy rửa,327
SP000362,Nước giặt OMO Matic cửa trên túi 3.6kg (Lô 6),Túi,175000,10,Hóa mỹ phẩm & Tẩy rửa,334
SP000363,Nước xả vải Comfort đậm đặc túi 3.2L (Lô 6),Túi,189000,10,Hóa mỹ phẩm & Tẩy rửa,341
SP000364,Dầu gội Clear thảo dược mát lạnh 630g (Lô 6),Chai,165000,10,Hóa mỹ phẩm & Tẩy rửa,348
SP000365,Dầu gội Pantene suôn mượt 650ml (Lô 6),Chai,155000,10,Hóa mỹ phẩm & Tẩy rửa,355
SP000366,Sữa tắm Lifebuoy bảo vệ vượt trội 800g (Lô 6),Chai,149000,10,Hóa mỹ phẩm & Tẩy rửa,362
SP000367,Kem đánh răng Colgate Total 12 180g (Lô 6),Tuýp,42000,10,Hóa mỹ phẩm & Tẩy rửa,369
SP000368,Bàn chải đánh răng P/S than tre (Lô 6),Cái,18000,10,Hóa mỹ phẩm & Tẩy rửa,376
SP000369,Nước lau sàn Sunlight hoa lily túi 3.6kg (Lô 6),Túi,85000,10,Hóa mỹ phẩm & Tẩy rửa,383
SP000370,Xịt muỗi Raid hương cam chanh 600ml (Lô 6),Chai,68000,10,Hóa mỹ phẩm & Tẩy rửa,390
SP000371,Giấy vệ sinh cuộn cao cấp Pulppy lốc 10 cuộn (Lô 6),Lốc,92000,8,Đồ gia dụng & Tiện ích,397
SP000372,Khăn giấy lụa rút Paseo 200 tờ (Lô 6),Hộp,25000,8,Đồ gia dụng & Tiện ích,404
SP000373,Màng bọc thực phẩm PE Sunhouse 30cmx150m (Lô 6),Hộp,75000,8,Đồ gia dụng & Tiện ích,411
SP000374,Túi rác đen tự hủy sinh học Opec 3 cuộn (Lô 6),Gói,38000,8,Đồ gia dụng & Tiện ích,418
SP000375,Băng dính dán thùng trong suốt 5cm x 100y (Lô 6),Cuộn,16000,8,Đồ gia dụng & Tiện ích,425
SP000376,Pin tiểu AA Panasonic vỉ 4 viên (Lô 6),Vỉ,26000,8,Đồ gia dụng & Tiện ích,432
SP000377,Khẩu trang y tế 4 lớp kháng khuẩn hộp 50 cái (Lô 6),Hộp,35000,8,Đồ gia dụng & Tiện ích,439
SP000378,Nước rửa tay Lifebuoy hương chanh chai 450ml (Lô 6),Chai,52000,8,Đồ gia dụng & Tiện ích,446
SP000379,Coca Cola Sleek 320ml (Lô 7),Lon,11550,8,Đồ uống & Giải khát,453
SP000380,Pepsi Sleek 320ml (Lô 7),Lon,11025,8,Đồ uống & Giải khát,460
SP000381,Nước cam ép Twister 450ml (Lô 7),Chai,12600,8,Đồ uống & Giải khát,467
SP000382,Trà xanh Không Độ 455ml (Lô 7),Chai,10500,8,Đồ uống & Giải khát,474
SP000383,Trà Ô Long Tea+ Plus 455ml (Lô 7),Chai,12600,8,Đồ uống & Giải khát,481
SP000384,Nước tăng lực Red Bull 250ml (Lô 7),Lon,14700,8,Đồ uống & Giải khát,488
SP000385,Nước khoáng Lavie 500ml (Lô 7),Chai,6300,8,Đồ uống & Giải khát,495
SP000386,Nước tinh khiết Aquafina 500ml (Lô 7),Chai,6300,8,Đồ uống & Giải khát,52
SP000387,Cà phê sữa đá Highlands 235ml (Lô 7),Lon,16800,8,Đồ uống & Giải khát,59
SP000388,Bia Heineken Sleek 330ml (Lô 7),Lon,23100,10,Đồ uống & Giải khát,66
SP000389,Bia Tiger Crystal 330ml (Lô 7),Lon,20475,10,Đồ uống & Giải khát,73
SP000390,Bia Sài Gòn Special 330ml (Lô 7),Lon,17325,10,Đồ uống & Giải khát,80
SP000391,Sữa tươi tiệt trùng Vinamilk 180ml (Lô 7),Hộp,8925,0,Đồ uống & Giải khát,87
SP000392,Sữa chua uống Susu 110ml (Lô 7),Chai,6825,0,Đồ uống & Giải khát,94
SP000393,Nước ép bưởi hồng Vfresh 1L (Lô 7),Hộp,40950,8,Đồ uống & Giải khát,101
SP000394,Bánh ChocoPie Orion hộp 12 cái (Lô 7),Hộp,60900,8,Bánh kẹo & Ăn vặt,108
SP000395,Bánh Cosy mè giòn rụm Kinh Đô 288g (Lô 7),Gói,30450,8,Bánh kẹo & Ăn vặt,115
SP000396,Snack khoai tây Ostar vị tảo biển 90g (Lô 7),Gói,19950,8,Bánh kẹo & Ăn vặt,122
SP000397,Snack khoai tây Lay's tự nhiên 95g (Lô 7),Gói,22050,8,Bánh kẹo & Ăn vặt,129
SP000398,Bánh que Pocky socola Glico 40g (Lô 7),Hộp,14700,8,Bánh kẹo & Ăn vặt,136
SP000399,Kẹo dẻo Chupa Chups Sour Tubes 160g (Lô 7),Gói,25200,8,Bánh kẹo & Ăn vặt,143
SP000400,Bánh mì tươi nhân bơ sữa Kinh Đô 80g (Lô 7),Cái,9450,8,Bánh kẹo & Ăn vặt,150
SP000401,Bánh xốp Nabati phô mai 130g (Lô 7),Hộp,12600,8,Bánh kẹo & Ăn vặt,157
SP000402,Hạt điều rang muối vỏ lụa Bình Phước 500g (Lô 7),Hộp,141750,8,Bánh kẹo & Ăn vặt,164
SP000403,Hạt hướng dương Chacheer 130g (Lô 7),Gói,15750,8,Bánh kẹo & Ăn vặt,171
SP000404,Rong biển sấy vị truyền thống TaoKaeNoi 32g (Lô 7),Gói,27300,8,Bánh kẹo & Ăn vặt,178
SP000405,Nước mắm Nam Ngư Đệ Nhị chai 900ml (Lô 7),Chai,29400,8,Gia vị & Đồ nấu nướng,185
SP000406,Nước mắm Chinsu Cá Hồi chai 500ml (Lô 7),Chai,49350,8,Gia vị & Đồ nấu nướng,192
SP000407,Dầu ăn Simply đậu nành can 1L (Lô 7),Chai,61950,8,Gia vị & Đồ nấu nướng,199
SP000408,Dầu ăn Neptune Gold can 2L (Lô 7),Chai,141750,8,Gia vị & Đồ nấu nướng,206
SP000409,Hạt nêm Knorr thịt thăn xương ống 400g (Lô 7),Gói,38850,8,Gia vị & Đồ nấu nướng,213
SP000410,Bột ngọt Ajinomoto gói 454g (Lô 7),Gói,35700,8,Gia vị & Đồ nấu nướng,220
SP000411,Tương ớt Chinsu nắp bật 250g (Lô 7),Chai,15750,8,Gia vị & Đồ nấu nướng,227
SP000412,Tương cà Cholimex chai 330g (Lô 7),Chai,16800,8,Gia vị & Đồ nấu nướng,234
SP000413,Muối I-ốt Bạc Liêu túi 500g (Lô 7),Gói,6300,8,Gia vị & Đồ nấu nướng,241
SP000414,Đường tinh luyện Biên Hòa Daily 1kg (Lô 7),Gói,32550,8,Gia vị & Đồ nấu nướng,248
SP000415,Mì tôm Hảo Hảo tôm chua cay 75g (Lô 7),Gói,4725,8,Mì gói & Thực phẩm khô,255
SP000416,Mì Omachi sườn hầm ngũ quả 80g (Lô 7),Gói,8925,8,Mì gói & Thực phẩm khô,262
SP000417,Mì trộn Indomie Mi Goreng 85g (Lô 7),Gói,6825,8,Mì gói & Thực phẩm khô,269
SP000418,Phở gà Đệ Nhất Acecook 68g (Lô 7),Gói,8400,8,Mì gói & Thực phẩm khô,276
SP000419,Miến Phú Hương yến tiệc 210g (Lô 7),Gói,23100,8,Mì gói & Thực phẩm khô,283
SP000420,Cháo thịt bằm Cung Đình gói 50g (Lô 7),Gói,7350,8,Mì gói & Thực phẩm khô,290
SP000421,Cá nục sốt cà 3 Cô Gái lon 155g (Lô 7),Lon,19950,8,Mì gói & Thực phẩm khô,297
SP000422,Pate thịt heo Hạ Long lon 150g (Lô 7),Lon,28350,8,Mì gói & Thực phẩm khô,304
SP000423,Mì ly Modern lẩu thái tôm 65g (Lô 7),Ly,9975,8,Mì gói & Thực phẩm khô,311
SP000424,Nước rửa chén Sunlight chanh can 3.6kg (Lô 7),Can,114450,10,Hóa mỹ phẩm & Tẩy rửa,318
SP000425,Nước giặt OMO Matic cửa trên túi 3.6kg (Lô 7),Túi,183750,10,Hóa mỹ phẩm & Tẩy rửa,325
SP000426,Nước xả vải Comfort đậm đặc túi 3.2L (Lô 7),Túi,198450,10,Hóa mỹ phẩm & Tẩy rửa,332
SP000427,Dầu gội Clear thảo dược mát lạnh 630g (Lô 7),Chai,173250,10,Hóa mỹ phẩm & Tẩy rửa,339
SP000428,Dầu gội Pantene suôn mượt 650ml (Lô 7),Chai,162750,10,Hóa mỹ phẩm & Tẩy rửa,346
SP000429,Sữa tắm Lifebuoy bảo vệ vượt trội 800g (Lô 7),Chai,156450,10,Hóa mỹ phẩm & Tẩy rửa,353
SP000430,Kem đánh răng Colgate Total 12 180g (Lô 7),Tuýp,44100,10,Hóa mỹ phẩm & Tẩy rửa,360
SP000431,Bàn chải đánh răng P/S than tre (Lô 7),Cái,18900,10,Hóa mỹ phẩm & Tẩy rửa,367
SP000432,Nước lau sàn Sunlight hoa lily túi 3.6kg (Lô 7),Túi,89250,10,Hóa mỹ phẩm & Tẩy rửa,374
SP000433,Xịt muỗi Raid hương cam chanh 600ml (Lô 7),Chai,71400,10,Hóa mỹ phẩm & Tẩy rửa,381
SP000434,Giấy vệ sinh cuộn cao cấp Pulppy lốc 10 cuộn (Lô 7),Lốc,96600,8,Đồ gia dụng & Tiện ích,388
SP000435,Khăn giấy lụa rút Paseo 200 tờ (Lô 7),Hộp,26250,8,Đồ gia dụng & Tiện ích,395
SP000436,Màng bọc thực phẩm PE Sunhouse 30cmx150m (Lô 7),Hộp,78750,8,Đồ gia dụng & Tiện ích,402
SP000437,Túi rác đen tự hủy sinh học Opec 3 cuộn (Lô 7),Gói,39900,8,Đồ gia dụng & Tiện ích,409
SP000438,Băng dính dán thùng trong suốt 5cm x 100y (Lô 7),Cuộn,16800,8,Đồ gia dụng & Tiện ích,416
SP000439,Pin tiểu AA Panasonic vỉ 4 viên (Lô 7),Vỉ,27300,8,Đồ gia dụng & Tiện ích,423
SP000440,Khẩu trang y tế 4 lớp kháng khuẩn hộp 50 cái (Lô 7),Hộp,36750,8,Đồ gia dụng & Tiện ích,430
SP000441,Nước rửa tay Lifebuoy hương chanh chai 450ml (Lô 7),Chai,54600,8,Đồ gia dụng & Tiện ích,437
SP000442,Coca Cola Sleek 320ml (Lô 8),Lon,12100,8,Đồ uống & Giải khát,444
SP000443,Pepsi Sleek 320ml (Lô 8),Lon,11550,8,Đồ uống & Giải khát,451
SP000444,Nước cam ép Twister 450ml (Lô 8),Chai,13200,8,Đồ uống & Giải khát,458
SP000445,Trà xanh Không Độ 455ml (Lô 8),Chai,11000,8,Đồ uống & Giải khát,465
SP000446,Trà Ô Long Tea+ Plus 455ml (Lô 8),Chai,13200,8,Đồ uống & Giải khát,472
SP000447,Nước tăng lực Red Bull 250ml (Lô 8),Lon,15400,8,Đồ uống & Giải khát,479
SP000448,Nước khoáng Lavie 500ml (Lô 8),Chai,6600,8,Đồ uống & Giải khát,486
SP000449,Nước tinh khiết Aquafina 500ml (Lô 8),Chai,6600,8,Đồ uống & Giải khát,493
SP000450,Cà phê sữa đá Highlands 235ml (Lô 8),Lon,17600,8,Đồ uống & Giải khát,50
SP000451,Bia Heineken Sleek 330ml (Lô 8),Lon,24200,10,Đồ uống & Giải khát,57
SP000452,Bia Tiger Crystal 330ml (Lô 8),Lon,21450,10,Đồ uống & Giải khát,64
SP000453,Bia Sài Gòn Special 330ml (Lô 8),Lon,18150,10,Đồ uống & Giải khát,71
SP000454,Sữa tươi tiệt trùng Vinamilk 180ml (Lô 8),Hộp,9350,0,Đồ uống & Giải khát,78
SP000455,Sữa chua uống Susu 110ml (Lô 8),Chai,7150,0,Đồ uống & Giải khát,85
SP000456,Nước ép bưởi hồng Vfresh 1L (Lô 8),Hộp,42900,8,Đồ uống & Giải khát,92
SP000457,Bánh ChocoPie Orion hộp 12 cái (Lô 8),Hộp,63800,8,Bánh kẹo & Ăn vặt,99
SP000458,Bánh Cosy mè giòn rụm Kinh Đô 288g (Lô 8),Gói,31900,8,Bánh kẹo & Ăn vặt,106
SP000459,Snack khoai tây Ostar vị tảo biển 90g (Lô 8),Gói,20900,8,Bánh kẹo & Ăn vặt,113
SP000460,Snack khoai tây Lay's tự nhiên 95g (Lô 8),Gói,23100,8,Bánh kẹo & Ăn vặt,120
SP000461,Bánh que Pocky socola Glico 40g (Lô 8),Hộp,15400,8,Bánh kẹo & Ăn vặt,127
SP000462,Kẹo dẻo Chupa Chups Sour Tubes 160g (Lô 8),Gói,26400,8,Bánh kẹo & Ăn vặt,134
SP000463,Bánh mì tươi nhân bơ sữa Kinh Đô 80g (Lô 8),Cái,9900,8,Bánh kẹo & Ăn vặt,141
SP000464,Bánh xốp Nabati phô mai 130g (Lô 8),Hộp,13200,8,Bánh kẹo & Ăn vặt,148
SP000465,Hạt điều rang muối vỏ lụa Bình Phước 500g (Lô 8),Hộp,148500,8,Bánh kẹo & Ăn vặt,155
SP000466,Hạt hướng dương Chacheer 130g (Lô 8),Gói,16500,8,Bánh kẹo & Ăn vặt,162
SP000467,Rong biển sấy vị truyền thống TaoKaeNoi 32g (Lô 8),Gói,28600,8,Bánh kẹo & Ăn vặt,169
SP000468,Nước mắm Nam Ngư Đệ Nhị chai 900ml (Lô 8),Chai,30800,8,Gia vị & Đồ nấu nướng,176
SP000469,Nước mắm Chinsu Cá Hồi chai 500ml (Lô 8),Chai,51700,8,Gia vị & Đồ nấu nướng,183
SP000470,Dầu ăn Simply đậu nành can 1L (Lô 8),Chai,64900,8,Gia vị & Đồ nấu nướng,190
SP000471,Dầu ăn Neptune Gold can 2L (Lô 8),Chai,148500,8,Gia vị & Đồ nấu nướng,197
SP000472,Hạt nêm Knorr thịt thăn xương ống 400g (Lô 8),Gói,40700,8,Gia vị & Đồ nấu nướng,204
SP000473,Bột ngọt Ajinomoto gói 454g (Lô 8),Gói,37400,8,Gia vị & Đồ nấu nướng,211
SP000474,Tương ớt Chinsu nắp bật 250g (Lô 8),Chai,16500,8,Gia vị & Đồ nấu nướng,218
SP000475,Tương cà Cholimex chai 330g (Lô 8),Chai,17600,8,Gia vị & Đồ nấu nướng,225
SP000476,Muối I-ốt Bạc Liêu túi 500g (Lô 8),Gói,6600,8,Gia vị & Đồ nấu nướng,232
SP000477,Đường tinh luyện Biên Hòa Daily 1kg (Lô 8),Gói,34100,8,Gia vị & Đồ nấu nướng,239
SP000478,Mì tôm Hảo Hảo tôm chua cay 75g (Lô 8),Gói,4950,8,Mì gói & Thực phẩm khô,246
SP000479,Mì Omachi sườn hầm ngũ quả 80g (Lô 8),Gói,9350,8,Mì gói & Thực phẩm khô,253
SP000480,Mì trộn Indomie Mi Goreng 85g (Lô 8),Gói,7150,8,Mì gói & Thực phẩm khô,260
SP000481,Phở gà Đệ Nhất Acecook 68g (Lô 8),Gói,8800,8,Mì gói & Thực phẩm khô,267
SP000482,Miến Phú Hương yến tiệc 210g (Lô 8),Gói,24200,8,Mì gói & Thực phẩm khô,274
SP000483,Cháo thịt bằm Cung Đình gói 50g (Lô 8),Gói,7700,8,Mì gói & Thực phẩm khô,281
SP000484,Cá nục sốt cà 3 Cô Gái lon 155g (Lô 8),Lon,20900,8,Mì gói & Thực phẩm khô,288
SP000485,Pate thịt heo Hạ Long lon 150g (Lô 8),Lon,29700,8,Mì gói & Thực phẩm khô,295
SP000486,Mì ly Modern lẩu thái tôm 65g (Lô 8),Ly,10450,8,Mì gói & Thực phẩm khô,302
SP000487,Nước rửa chén Sunlight chanh can 3.6kg (Lô 8),Can,119900,10,Hóa mỹ phẩm & Tẩy rửa,309
SP000488,Nước giặt OMO Matic cửa trên túi 3.6kg (Lô 8),Túi,192500,10,Hóa mỹ phẩm & Tẩy rửa,316
SP000489,Nước xả vải Comfort đậm đặc túi 3.2L (Lô 8),Túi,207900,10,Hóa mỹ phẩm & Tẩy rửa,323
SP000490,Dầu gội Clear thảo dược mát lạnh 630g (Lô 8),Chai,181500,10,Hóa mỹ phẩm & Tẩy rửa,330
SP000491,Dầu gội Pantene suôn mượt 650ml (Lô 8),Chai,170500,10,Hóa mỹ phẩm & Tẩy rửa,337
SP000492,Sữa tắm Lifebuoy bảo vệ vượt trội 800g (Lô 8),Chai,163900,10,Hóa mỹ phẩm & Tẩy rửa,344
SP000493,Kem đánh răng Colgate Total 12 180g (Lô 8),Tuýp,46200,10,Hóa mỹ phẩm & Tẩy rửa,351
SP000494,Bàn chải đánh răng P/S than tre (Lô 8),Cái,19800,10,Hóa mỹ phẩm & Tẩy rửa,358
SP000495,Nước lau sàn Sunlight hoa lily túi 3.6kg (Lô 8),Túi,93500,10,Hóa mỹ phẩm & Tẩy rửa,365
SP000496,Xịt muỗi Raid hương cam chanh 600ml (Lô 8),Chai,74800,10,Hóa mỹ phẩm & Tẩy rửa,372
SP000497,Giấy vệ sinh cuộn cao cấp Pulppy lốc 10 cuộn (Lô 8),Lốc,101200,8,Đồ gia dụng & Tiện ích,379
SP000498,Khăn giấy lụa rút Paseo 200 tờ (Lô 8),Hộp,27500,8,Đồ gia dụng & Tiện ích,386
SP000499,Màng bọc thực phẩm PE Sunhouse 30cmx150m (Lô 8),Hộp,82500,8,Đồ gia dụng & Tiện ích,393
SP000500,Túi rác đen tự hủy sinh học Opec 3 cuộn (Lô 8),Gói,41800,8,Đồ gia dụng & Tiện ích,400
SP000501,Băng dính dán thùng trong suốt 5cm x 100y (Lô 8),Cuộn,17600,8,Đồ gia dụng & Tiện ích,407
SP000502,Pin tiểu AA Panasonic vỉ 4 viên (Lô 8),Vỉ,28600,8,Đồ gia dụng & Tiện ích,414
SP000503,Khẩu trang y tế 4 lớp kháng khuẩn hộp 50 cái (Lô 8),Hộp,38500,8,Đồ gia dụng & Tiện ích,421
SP000504,Nước rửa tay Lifebuoy hương chanh chai 450ml (Lô 8),Chai,57200,8,Đồ gia dụng & Tiện ích,428
SP000505,Coca Cola Sleek 320ml (Lô 9),Lon,12649,8,Đồ uống & Giải khát,435
SP000506,Pepsi Sleek 320ml (Lô 9),Lon,12074,8,Đồ uống & Giải khát,442
SP000507,Nước cam ép Twister 450ml (Lô 9),Chai,13799,8,Đồ uống & Giải khát,449
SP000508,Trà xanh Không Độ 455ml (Lô 9),Chai,11500,8,Đồ uống & Giải khát,456
SP000509,Trà Ô Long Tea+ Plus 455ml (Lô 9),Chai,13799,8,Đồ uống & Giải khát,463
SP000510,Nước tăng lực Red Bull 250ml (Lô 9),Lon,16099,8,Đồ uống & Giải khát,470
SP000511,Nước khoáng Lavie 500ml (Lô 9),Chai,6899,8,Đồ uống & Giải khát,477
SP000512,Nước tinh khiết Aquafina 500ml (Lô 9),Chai,6899,8,Đồ uống & Giải khát,484
SP000513,Cà phê sữa đá Highlands 235ml (Lô 9),Lon,18400,8,Đồ uống & Giải khát,491
SP000514,Bia Heineken Sleek 330ml (Lô 9),Lon,25299,10,Đồ uống & Giải khát,498
SP000515,Bia Tiger Crystal 330ml (Lô 9),Lon,22425,10,Đồ uống & Giải khát,55
SP000516,Bia Sài Gòn Special 330ml (Lô 9),Lon,18975,10,Đồ uống & Giải khát,62
SP000517,Sữa tươi tiệt trùng Vinamilk 180ml (Lô 9),Hộp,9775,0,Đồ uống & Giải khát,69
SP000518,Sữa chua uống Susu 110ml (Lô 9),Chai,7474,0,Đồ uống & Giải khát,76
SP000519,Nước ép bưởi hồng Vfresh 1L (Lô 9),Hộp,44850,8,Đồ uống & Giải khát,83
SP000520,Bánh ChocoPie Orion hộp 12 cái (Lô 9),Hộp,66700,8,Bánh kẹo & Ăn vặt,90
SP000521,Bánh Cosy mè giòn rụm Kinh Đô 288g (Lô 9),Gói,33350,8,Bánh kẹo & Ăn vặt,97
SP000522,Snack khoai tây Ostar vị tảo biển 90g (Lô 9),Gói,21850,8,Bánh kẹo & Ăn vặt,104
SP000523,Snack khoai tây Lay's tự nhiên 95g (Lô 9),Gói,24149,8,Bánh kẹo & Ăn vặt,111
SP000524,Bánh que Pocky socola Glico 40g (Lô 9),Hộp,16099,8,Bánh kẹo & Ăn vặt,118
SP000525,Kẹo dẻo Chupa Chups Sour Tubes 160g (Lô 9),Gói,27599,8,Bánh kẹo & Ăn vặt,125
SP000526,Bánh mì tươi nhân bơ sữa Kinh Đô 80g (Lô 9),Cái,10350,8,Bánh kẹo & Ăn vặt,132
SP000527,Bánh xốp Nabati phô mai 130g (Lô 9),Hộp,13799,8,Bánh kẹo & Ăn vặt,139
SP000528,Hạt điều rang muối vỏ lụa Bình Phước 500g (Lô 9),Hộp,155250,8,Bánh kẹo & Ăn vặt,146
SP000529,Hạt hướng dương Chacheer 130g (Lô 9),Gói,17250,8,Bánh kẹo & Ăn vặt,153
SP000530,Rong biển sấy vị truyền thống TaoKaeNoi 32g (Lô 9),Gói,29899,8,Bánh kẹo & Ăn vặt,160
SP000531,Nước mắm Nam Ngư Đệ Nhị chai 900ml (Lô 9),Chai,32199,8,Gia vị & Đồ nấu nướng,167
SP000532,Nước mắm Chinsu Cá Hồi chai 500ml (Lô 9),Chai,54049,8,Gia vị & Đồ nấu nướng,174
SP000533,Dầu ăn Simply đậu nành can 1L (Lô 9),Chai,67850,8,Gia vị & Đồ nấu nướng,181
SP000534,Dầu ăn Neptune Gold can 2L (Lô 9),Chai,155250,8,Gia vị & Đồ nấu nướng,188
SP000535,Hạt nêm Knorr thịt thăn xương ống 400g (Lô 9),Gói,42550,8,Gia vị & Đồ nấu nướng,195
SP000536,Bột ngọt Ajinomoto gói 454g (Lô 9),Gói,39100,8,Gia vị & Đồ nấu nướng,202
SP000537,Tương ớt Chinsu nắp bật 250g (Lô 9),Chai,17250,8,Gia vị & Đồ nấu nướng,209
SP000538,Tương cà Cholimex chai 330g (Lô 9),Chai,18400,8,Gia vị & Đồ nấu nướng,216
SP000539,Muối I-ốt Bạc Liêu túi 500g (Lô 9),Gói,6899,8,Gia vị & Đồ nấu nướng,223
SP000540,Đường tinh luyện Biên Hòa Daily 1kg (Lô 9),Gói,35650,8,Gia vị & Đồ nấu nướng,230
SP000541,Mì tôm Hảo Hảo tôm chua cay 75g (Lô 9),Gói,5175,8,Mì gói & Thực phẩm khô,237
SP000542,Mì Omachi sườn hầm ngũ quả 80g (Lô 9),Gói,9775,8,Mì gói & Thực phẩm khô,244
SP000543,Mì trộn Indomie Mi Goreng 85g (Lô 9),Gói,7474,8,Mì gói & Thực phẩm khô,251
SP000544,Phở gà Đệ Nhất Acecook 68g (Lô 9),Gói,9200,8,Mì gói & Thực phẩm khô,258
SP000545,Miến Phú Hương yến tiệc 210g (Lô 9),Gói,25299,8,Mì gói & Thực phẩm khô,265
SP000546,Cháo thịt bằm Cung Đình gói 50g (Lô 9),Gói,8049,8,Mì gói & Thực phẩm khô,272
SP000547,Cá nục sốt cà 3 Cô Gái lon 155g (Lô 9),Lon,21850,8,Mì gói & Thực phẩm khô,279
SP000548,Pate thịt heo Hạ Long lon 150g (Lô 9),Lon,31049,8,Mì gói & Thực phẩm khô,286
SP000549,Mì ly Modern lẩu thái tôm 65g (Lô 9),Ly,10925,8,Mì gói & Thực phẩm khô,293
SP000550,Nước rửa chén Sunlight chanh can 3.6kg (Lô 9),Can,125349,10,Hóa mỹ phẩm & Tẩy rửa,300
SP000551,Nước giặt OMO Matic cửa trên túi 3.6kg (Lô 9),Túi,201249,10,Hóa mỹ phẩm & Tẩy rửa,307
SP000552,Nước xả vải Comfort đậm đặc túi 3.2L (Lô 9),Túi,217349,10,Hóa mỹ phẩm & Tẩy rửa,314
SP000553,Dầu gội Clear thảo dược mát lạnh 630g (Lô 9),Chai,189749,10,Hóa mỹ phẩm & Tẩy rửa,321
SP000554,Dầu gội Pantene suôn mượt 650ml (Lô 9),Chai,178250,10,Hóa mỹ phẩm & Tẩy rửa,328
SP000555,Sữa tắm Lifebuoy bảo vệ vượt trội 800g (Lô 9),Chai,171350,10,Hóa mỹ phẩm & Tẩy rửa,335
SP000556,Kem đánh răng Colgate Total 12 180g (Lô 9),Tuýp,48299,10,Hóa mỹ phẩm & Tẩy rửa,342
SP000557,Bàn chải đánh răng P/S than tre (Lô 9),Cái,20700,10,Hóa mỹ phẩm & Tẩy rửa,349
SP000558,Nước lau sàn Sunlight hoa lily túi 3.6kg (Lô 9),Túi,97749,10,Hóa mỹ phẩm & Tẩy rửa,356
SP000559,Xịt muỗi Raid hương cam chanh 600ml (Lô 9),Chai,78200,10,Hóa mỹ phẩm & Tẩy rửa,363
SP000560,Giấy vệ sinh cuộn cao cấp Pulppy lốc 10 cuộn (Lô 9),Lốc,105799,8,Đồ gia dụng & Tiện ích,370
SP000561,Khăn giấy lụa rút Paseo 200 tờ (Lô 9),Hộp,28749,8,Đồ gia dụng & Tiện ích,377
SP000562,Màng bọc thực phẩm PE Sunhouse 30cmx150m (Lô 9),Hộp,86250,8,Đồ gia dụng & Tiện ích,384
SP000563,Túi rác đen tự hủy sinh học Opec 3 cuộn (Lô 9),Gói,43700,8,Đồ gia dụng & Tiện ích,391
SP000564,Băng dính dán thùng trong suốt 5cm x 100y (Lô 9),Cuộn,18400,8,Đồ gia dụng & Tiện ích,398
SP000565,Pin tiểu AA Panasonic vỉ 4 viên (Lô 9),Vỉ,29899,8,Đồ gia dụng & Tiện ích,405
SP000566,Khẩu trang y tế 4 lớp kháng khuẩn hộp 50 cái (Lô 9),Hộp,40250,8,Đồ gia dụng & Tiện ích,412
SP000567,Nước rửa tay Lifebuoy hương chanh chai 450ml (Lô 9),Chai,59799,8,Đồ gia dụng & Tiện ích,419
SP000568,Coca Cola Sleek 320ml (Lô 10),Lon,13200,8,Đồ uống & Giải khát,426
SP000569,Pepsi Sleek 320ml (Lô 10),Lon,12600,8,Đồ uống & Giải khát,433
SP000570,Nước cam ép Twister 450ml (Lô 10),Chai,14400,8,Đồ uống & Giải khát,440
SP000571,Trà xanh Không Độ 455ml (Lô 10),Chai,12000,8,Đồ uống & Giải khát,447
SP000572,Trà Ô Long Tea+ Plus 455ml (Lô 10),Chai,14400,8,Đồ uống & Giải khát,454
SP000573,Nước tăng lực Red Bull 250ml (Lô 10),Lon,16800,8,Đồ uống & Giải khát,461
SP000574,Nước khoáng Lavie 500ml (Lô 10),Chai,7200,8,Đồ uống & Giải khát,468
SP000575,Nước tinh khiết Aquafina 500ml (Lô 10),Chai,7200,8,Đồ uống & Giải khát,475
SP000576,Cà phê sữa đá Highlands 235ml (Lô 10),Lon,19200,8,Đồ uống & Giải khát,482
SP000577,Bia Heineken Sleek 330ml (Lô 10),Lon,26400,10,Đồ uống & Giải khát,489
SP000578,Bia Tiger Crystal 330ml (Lô 10),Lon,23400,10,Đồ uống & Giải khát,496
SP000579,Bia Sài Gòn Special 330ml (Lô 10),Lon,19800,10,Đồ uống & Giải khát,53
SP000580,Sữa tươi tiệt trùng Vinamilk 180ml (Lô 10),Hộp,10200,0,Đồ uống & Giải khát,60
SP000581,Sữa chua uống Susu 110ml (Lô 10),Chai,7800,0,Đồ uống & Giải khát,67
SP000582,Nước ép bưởi hồng Vfresh 1L (Lô 10),Hộp,46800,8,Đồ uống & Giải khát,74
SP000583,Bánh ChocoPie Orion hộp 12 cái (Lô 10),Hộp,69600,8,Bánh kẹo & Ăn vặt,81
SP000584,Bánh Cosy mè giòn rụm Kinh Đô 288g (Lô 10),Gói,34800,8,Bánh kẹo & Ăn vặt,88
SP000585,Snack khoai tây Ostar vị tảo biển 90g (Lô 10),Gói,22800,8,Bánh kẹo & Ăn vặt,95
SP000586,Snack khoai tây Lay's tự nhiên 95g (Lô 10),Gói,25200,8,Bánh kẹo & Ăn vặt,102
SP000587,Bánh que Pocky socola Glico 40g (Lô 10),Hộp,16800,8,Bánh kẹo & Ăn vặt,109
SP000588,Kẹo dẻo Chupa Chups Sour Tubes 160g (Lô 10),Gói,28800,8,Bánh kẹo & Ăn vặt,116
SP000589,Bánh mì tươi nhân bơ sữa Kinh Đô 80g (Lô 10),Cái,10800,8,Bánh kẹo & Ăn vặt,123
SP000590,Bánh xốp Nabati phô mai 130g (Lô 10),Hộp,14400,8,Bánh kẹo & Ăn vặt,130
SP000591,Hạt điều rang muối vỏ lụa Bình Phước 500g (Lô 10),Hộp,162000,8,Bánh kẹo & Ăn vặt,137
SP000592,Hạt hướng dương Chacheer 130g (Lô 10),Gói,18000,8,Bánh kẹo & Ăn vặt,144
SP000593,Rong biển sấy vị truyền thống TaoKaeNoi 32g (Lô 10),Gói,31200,8,Bánh kẹo & Ăn vặt,151
SP000594,Nước mắm Nam Ngư Đệ Nhị chai 900ml (Lô 10),Chai,33600,8,Gia vị & Đồ nấu nướng,158
SP000595,Nước mắm Chinsu Cá Hồi chai 500ml (Lô 10),Chai,56400,8,Gia vị & Đồ nấu nướng,165
SP000596,Dầu ăn Simply đậu nành can 1L (Lô 10),Chai,70800,8,Gia vị & Đồ nấu nướng,172
SP000597,Dầu ăn Neptune Gold can 2L (Lô 10),Chai,162000,8,Gia vị & Đồ nấu nướng,179
SP000598,Hạt nêm Knorr thịt thăn xương ống 400g (Lô 10),Gói,44400,8,Gia vị & Đồ nấu nướng,186
SP000599,Bột ngọt Ajinomoto gói 454g (Lô 10),Gói,40800,8,Gia vị & Đồ nấu nướng,193
SP000600,Tương ớt Chinsu nắp bật 250g (Lô 10),Chai,18000,8,Gia vị & Đồ nấu nướng,200
SP000601,Tương cà Cholimex chai 330g (Lô 10),Chai,19200,8,Gia vị & Đồ nấu nướng,207
SP000602,Muối I-ốt Bạc Liêu túi 500g (Lô 10),Gói,7200,8,Gia vị & Đồ nấu nướng,214
SP000603,Đường tinh luyện Biên Hòa Daily 1kg (Lô 10),Gói,37200,8,Gia vị & Đồ nấu nướng,221
SP000604,Mì tôm Hảo Hảo tôm chua cay 75g (Lô 10),Gói,5400,8,Mì gói & Thực phẩm khô,228
SP000605,Mì Omachi sườn hầm ngũ quả 80g (Lô 10),Gói,10200,8,Mì gói & Thực phẩm khô,235
SP000606,Mì trộn Indomie Mi Goreng 85g (Lô 10),Gói,7800,8,Mì gói & Thực phẩm khô,242
SP000607,Phở gà Đệ Nhất Acecook 68g (Lô 10),Gói,9600,8,Mì gói & Thực phẩm khô,249
SP000608,Miến Phú Hương yến tiệc 210g (Lô 10),Gói,26400,8,Mì gói & Thực phẩm khô,256
SP000609,Cháo thịt bằm Cung Đình gói 50g (Lô 10),Gói,8400,8,Mì gói & Thực phẩm khô,263
SP000610,Cá nục sốt cà 3 Cô Gái lon 155g (Lô 10),Lon,22800,8,Mì gói & Thực phẩm khô,270
SP000611,Pate thịt heo Hạ Long lon 150g (Lô 10),Lon,32400,8,Mì gói & Thực phẩm khô,277
SP000612,Mì ly Modern lẩu thái tôm 65g (Lô 10),Ly,11400,8,Mì gói & Thực phẩm khô,284
SP000613,Nước rửa chén Sunlight chanh can 3.6kg (Lô 10),Can,130800,10,Hóa mỹ phẩm & Tẩy rửa,291
SP000614,Nước giặt OMO Matic cửa trên túi 3.6kg (Lô 10),Túi,210000,10,Hóa mỹ phẩm & Tẩy rửa,298
SP000615,Nước xả vải Comfort đậm đặc túi 3.2L (Lô 10),Túi,226800,10,Hóa mỹ phẩm & Tẩy rửa,305
SP000616,Dầu gội Clear thảo dược mát lạnh 630g (Lô 10),Chai,198000,10,Hóa mỹ phẩm & Tẩy rửa,312
SP000617,Dầu gội Pantene suôn mượt 650ml (Lô 10),Chai,186000,10,Hóa mỹ phẩm & Tẩy rửa,319
SP000618,Sữa tắm Lifebuoy bảo vệ vượt trội 800g (Lô 10),Chai,178800,10,Hóa mỹ phẩm & Tẩy rửa,326
SP000619,Kem đánh răng Colgate Total 12 180g (Lô 10),Tuýp,50400,10,Hóa mỹ phẩm & Tẩy rửa,333
SP000620,Bàn chải đánh răng P/S than tre (Lô 10),Cái,21600,10,Hóa mỹ phẩm & Tẩy rửa,340
SP000621,Nước lau sàn Sunlight hoa lily túi 3.6kg (Lô 10),Túi,102000,10,Hóa mỹ phẩm & Tẩy rửa,347
SP000622,Xịt muỗi Raid hương cam chanh 600ml (Lô 10),Chai,81600,10,Hóa mỹ phẩm & Tẩy rửa,354
SP000623,Giấy vệ sinh cuộn cao cấp Pulppy lốc 10 cuộn (Lô 10),Lốc,110400,8,Đồ gia dụng & Tiện ích,361
SP000624,Khăn giấy lụa rút Paseo 200 tờ (Lô 10),Hộp,30000,8,Đồ gia dụng & Tiện ích,368
SP000625,Màng bọc thực phẩm PE Sunhouse 30cmx150m (Lô 10),Hộp,90000,8,Đồ gia dụng & Tiện ích,375
SP000626,Túi rác đen tự hủy sinh học Opec 3 cuộn (Lô 10),Gói,45600,8,Đồ gia dụng & Tiện ích,382
SP000627,Băng dính dán thùng trong suốt 5cm x 100y (Lô 10),Cuộn,19200,8,Đồ gia dụng & Tiện ích,389
SP000628,Pin tiểu AA Panasonic vỉ 4 viên (Lô 10),Vỉ,31200,8,Đồ gia dụng & Tiện ích,396
SP000629,Khẩu trang y tế 4 lớp kháng khuẩn hộp 50 cái (Lô 10),Hộp,42000,8,Đồ gia dụng & Tiện ích,403
SP000630,Nước rửa tay Lifebuoy hương chanh chai 450ml (Lô 10),Chai,62400,8,Đồ gia dụng & Tiện ích,410
SP000631,Coca Cola Sleek 320ml (Lô 11),Lon,11000,8,Đồ uống & Giải khát,417
SP000632,Pepsi Sleek 320ml (Lô 11),Lon,10500,8,Đồ uống & Giải khát,424
SP000633,Nước cam ép Twister 450ml (Lô 11),Chai,12000,8,Đồ uống & Giải khát,431
SP000634,Trà xanh Không Độ 455ml (Lô 11),Chai,10000,8,Đồ uống & Giải khát,438
SP000635,Trà Ô Long Tea+ Plus 455ml (Lô 11),Chai,12000,8,Đồ uống & Giải khát,445
SP000636,Nước tăng lực Red Bull 250ml (Lô 11),Lon,14000,8,Đồ uống & Giải khát,452
SP000637,Nước khoáng Lavie 500ml (Lô 11),Chai,6000,8,Đồ uống & Giải khát,459
SP000638,Nước tinh khiết Aquafina 500ml (Lô 11),Chai,6000,8,Đồ uống & Giải khát,466
SP000639,Cà phê sữa đá Highlands 235ml (Lô 11),Lon,16000,8,Đồ uống & Giải khát,473
SP000640,Bia Heineken Sleek 330ml (Lô 11),Lon,22000,10,Đồ uống & Giải khát,480
SP000641,Bia Tiger Crystal 330ml (Lô 11),Lon,19500,10,Đồ uống & Giải khát,487
SP000642,Bia Sài Gòn Special 330ml (Lô 11),Lon,16500,10,Đồ uống & Giải khát,494
SP000643,Sữa tươi tiệt trùng Vinamilk 180ml (Lô 11),Hộp,8500,0,Đồ uống & Giải khát,51
SP000644,Sữa chua uống Susu 110ml (Lô 11),Chai,6500,0,Đồ uống & Giải khát,58
SP000645,Nước ép bưởi hồng Vfresh 1L (Lô 11),Hộp,39000,8,Đồ uống & Giải khát,65
SP000646,Bánh ChocoPie Orion hộp 12 cái (Lô 11),Hộp,58000,8,Bánh kẹo & Ăn vặt,72
SP000647,Bánh Cosy mè giòn rụm Kinh Đô 288g (Lô 11),Gói,29000,8,Bánh kẹo & Ăn vặt,79
SP000648,Snack khoai tây Ostar vị tảo biển 90g (Lô 11),Gói,19000,8,Bánh kẹo & Ăn vặt,86
SP000649,Snack khoai tây Lay's tự nhiên 95g (Lô 11),Gói,21000,8,Bánh kẹo & Ăn vặt,93
SP000650,Bánh que Pocky socola Glico 40g (Lô 11),Hộp,14000,8,Bánh kẹo & Ăn vặt,100
SP000651,Kẹo dẻo Chupa Chups Sour Tubes 160g (Lô 11),Gói,24000,8,Bánh kẹo & Ăn vặt,107
SP000652,Bánh mì tươi nhân bơ sữa Kinh Đô 80g (Lô 11),Cái,9000,8,Bánh kẹo & Ăn vặt,114
SP000653,Bánh xốp Nabati phô mai 130g (Lô 11),Hộp,12000,8,Bánh kẹo & Ăn vặt,121
SP000654,Hạt điều rang muối vỏ lụa Bình Phước 500g (Lô 11),Hộp,135000,8,Bánh kẹo & Ăn vặt,128
SP000655,Hạt hướng dương Chacheer 130g (Lô 11),Gói,15000,8,Bánh kẹo & Ăn vặt,135
SP000656,Rong biển sấy vị truyền thống TaoKaeNoi 32g (Lô 11),Gói,26000,8,Bánh kẹo & Ăn vặt,142
SP000657,Nước mắm Nam Ngư Đệ Nhị chai 900ml (Lô 11),Chai,28000,8,Gia vị & Đồ nấu nướng,149
SP000658,Nước mắm Chinsu Cá Hồi chai 500ml (Lô 11),Chai,47000,8,Gia vị & Đồ nấu nướng,156
SP000659,Dầu ăn Simply đậu nành can 1L (Lô 11),Chai,59000,8,Gia vị & Đồ nấu nướng,163
SP000660,Dầu ăn Neptune Gold can 2L (Lô 11),Chai,135000,8,Gia vị & Đồ nấu nướng,170
SP000661,Hạt nêm Knorr thịt thăn xương ống 400g (Lô 11),Gói,37000,8,Gia vị & Đồ nấu nướng,177
SP000662,Bột ngọt Ajinomoto gói 454g (Lô 11),Gói,34000,8,Gia vị & Đồ nấu nướng,184
SP000663,Tương ớt Chinsu nắp bật 250g (Lô 11),Chai,15000,8,Gia vị & Đồ nấu nướng,191
SP000664,Tương cà Cholimex chai 330g (Lô 11),Chai,16000,8,Gia vị & Đồ nấu nướng,198
SP000665,Muối I-ốt Bạc Liêu túi 500g (Lô 11),Gói,6000,8,Gia vị & Đồ nấu nướng,205
SP000666,Đường tinh luyện Biên Hòa Daily 1kg (Lô 11),Gói,31000,8,Gia vị & Đồ nấu nướng,212
SP000667,Mì tôm Hảo Hảo tôm chua cay 75g (Lô 11),Gói,4500,8,Mì gói & Thực phẩm khô,219
SP000668,Mì Omachi sườn hầm ngũ quả 80g (Lô 11),Gói,8500,8,Mì gói & Thực phẩm khô,226
SP000669,Mì trộn Indomie Mi Goreng 85g (Lô 11),Gói,6500,8,Mì gói & Thực phẩm khô,233
SP000670,Phở gà Đệ Nhất Acecook 68g (Lô 11),Gói,8000,8,Mì gói & Thực phẩm khô,240
SP000671,Miến Phú Hương yến tiệc 210g (Lô 11),Gói,22000,8,Mì gói & Thực phẩm khô,247
SP000672,Cháo thịt bằm Cung Đình gói 50g (Lô 11),Gói,7000,8,Mì gói & Thực phẩm khô,254
SP000673,Cá nục sốt cà 3 Cô Gái lon 155g (Lô 11),Lon,19000,8,Mì gói & Thực phẩm khô,261
SP000674,Pate thịt heo Hạ Long lon 150g (Lô 11),Lon,27000,8,Mì gói & Thực phẩm khô,268
SP000675,Mì ly Modern lẩu thái tôm 65g (Lô 11),Ly,9500,8,Mì gói & Thực phẩm khô,275
SP000676,Nước rửa chén Sunlight chanh can 3.6kg (Lô 11),Can,109000,10,Hóa mỹ phẩm & Tẩy rửa,282
SP000677,Nước giặt OMO Matic cửa trên túi 3.6kg (Lô 11),Túi,175000,10,Hóa mỹ phẩm & Tẩy rửa,289
SP000678,Nước xả vải Comfort đậm đặc túi 3.2L (Lô 11),Túi,189000,10,Hóa mỹ phẩm & Tẩy rửa,296
SP000679,Dầu gội Clear thảo dược mát lạnh 630g (Lô 11),Chai,165000,10,Hóa mỹ phẩm & Tẩy rửa,303
SP000680,Dầu gội Pantene suôn mượt 650ml (Lô 11),Chai,155000,10,Hóa mỹ phẩm & Tẩy rửa,310
SP000681,Sữa tắm Lifebuoy bảo vệ vượt trội 800g (Lô 11),Chai,149000,10,Hóa mỹ phẩm & Tẩy rửa,317
SP000682,Kem đánh răng Colgate Total 12 180g (Lô 11),Tuýp,42000,10,Hóa mỹ phẩm & Tẩy rửa,324
SP000683,Bàn chải đánh răng P/S than tre (Lô 11),Cái,18000,10,Hóa mỹ phẩm & Tẩy rửa,331
SP000684,Nước lau sàn Sunlight hoa lily túi 3.6kg (Lô 11),Túi,85000,10,Hóa mỹ phẩm & Tẩy rửa,338
SP000685,Xịt muỗi Raid hương cam chanh 600ml (Lô 11),Chai,68000,10,Hóa mỹ phẩm & Tẩy rửa,345
SP000686,Giấy vệ sinh cuộn cao cấp Pulppy lốc 10 cuộn (Lô 11),Lốc,92000,8,Đồ gia dụng & Tiện ích,352
SP000687,Khăn giấy lụa rút Paseo 200 tờ (Lô 11),Hộp,25000,8,Đồ gia dụng & Tiện ích,359
SP000688,Màng bọc thực phẩm PE Sunhouse 30cmx150m (Lô 11),Hộp,75000,8,Đồ gia dụng & Tiện ích,366
SP000689,Túi rác đen tự hủy sinh học Opec 3 cuộn (Lô 11),Gói,38000,8,Đồ gia dụng & Tiện ích,373
SP000690,Băng dính dán thùng trong suốt 5cm x 100y (Lô 11),Cuộn,16000,8,Đồ gia dụng & Tiện ích,380
SP000691,Pin tiểu AA Panasonic vỉ 4 viên (Lô 11),Vỉ,26000,8,Đồ gia dụng & Tiện ích,387
SP000692,Khẩu trang y tế 4 lớp kháng khuẩn hộp 50 cái (Lô 11),Hộp,35000,8,Đồ gia dụng & Tiện ích,394
SP000693,Nước rửa tay Lifebuoy hương chanh chai 450ml (Lô 11),Chai,52000,8,Đồ gia dụng & Tiện ích,401
SP000694,Coca Cola Sleek 320ml (Lô 12),Lon,11550,8,Đồ uống & Giải khát,408
SP000695,Pepsi Sleek 320ml (Lô 12),Lon,11025,8,Đồ uống & Giải khát,415
SP000696,Nước cam ép Twister 450ml (Lô 12),Chai,12600,8,Đồ uống & Giải khát,422
SP000697,Trà xanh Không Độ 455ml (Lô 12),Chai,10500,8,Đồ uống & Giải khát,429
SP000698,Trà Ô Long Tea+ Plus 455ml (Lô 12),Chai,12600,8,Đồ uống & Giải khát,436
SP000699,Nước tăng lực Red Bull 250ml (Lô 12),Lon,14700,8,Đồ uống & Giải khát,443
SP000700,Nước khoáng Lavie 500ml (Lô 12),Chai,6300,8,Đồ uống & Giải khát,450
SP000701,Nước tinh khiết Aquafina 500ml (Lô 12),Chai,6300,8,Đồ uống & Giải khát,457
SP000702,Cà phê sữa đá Highlands 235ml (Lô 12),Lon,16800,8,Đồ uống & Giải khát,464
SP000703,Bia Heineken Sleek 330ml (Lô 12),Lon,23100,10,Đồ uống & Giải khát,471
SP000704,Bia Tiger Crystal 330ml (Lô 12),Lon,20475,10,Đồ uống & Giải khát,478
SP000705,Bia Sài Gòn Special 330ml (Lô 12),Lon,17325,10,Đồ uống & Giải khát,485
SP000706,Sữa tươi tiệt trùng Vinamilk 180ml (Lô 12),Hộp,8925,0,Đồ uống & Giải khát,492
SP000707,Sữa chua uống Susu 110ml (Lô 12),Chai,6825,0,Đồ uống & Giải khát,499
SP000708,Nước ép bưởi hồng Vfresh 1L (Lô 12),Hộp,40950,8,Đồ uống & Giải khát,56
SP000709,Bánh ChocoPie Orion hộp 12 cái (Lô 12),Hộp,60900,8,Bánh kẹo & Ăn vặt,63
SP000710,Bánh Cosy mè giòn rụm Kinh Đô 288g (Lô 12),Gói,30450,8,Bánh kẹo & Ăn vặt,70
SP000711,Snack khoai tây Ostar vị tảo biển 90g (Lô 12),Gói,19950,8,Bánh kẹo & Ăn vặt,77
SP000712,Snack khoai tây Lay's tự nhiên 95g (Lô 12),Gói,22050,8,Bánh kẹo & Ăn vặt,84
SP000713,Bánh que Pocky socola Glico 40g (Lô 12),Hộp,14700,8,Bánh kẹo & Ăn vặt,91
SP000714,Kẹo dẻo Chupa Chups Sour Tubes 160g (Lô 12),Gói,25200,8,Bánh kẹo & Ăn vặt,98
SP000715,Bánh mì tươi nhân bơ sữa Kinh Đô 80g (Lô 12),Cái,9450,8,Bánh kẹo & Ăn vặt,105
SP000716,Bánh xốp Nabati phô mai 130g (Lô 12),Hộp,12600,8,Bánh kẹo & Ăn vặt,112
SP000717,Hạt điều rang muối vỏ lụa Bình Phước 500g (Lô 12),Hộp,141750,8,Bánh kẹo & Ăn vặt,119
SP000718,Hạt hướng dương Chacheer 130g (Lô 12),Gói,15750,8,Bánh kẹo & Ăn vặt,126
SP000719,Rong biển sấy vị truyền thống TaoKaeNoi 32g (Lô 12),Gói,27300,8,Bánh kẹo & Ăn vặt,133
SP000720,Nước mắm Nam Ngư Đệ Nhị chai 900ml (Lô 12),Chai,29400,8,Gia vị & Đồ nấu nướng,140
SP000721,Nước mắm Chinsu Cá Hồi chai 500ml (Lô 12),Chai,49350,8,Gia vị & Đồ nấu nướng,147
SP000722,Dầu ăn Simply đậu nành can 1L (Lô 12),Chai,61950,8,Gia vị & Đồ nấu nướng,154
SP000723,Dầu ăn Neptune Gold can 2L (Lô 12),Chai,141750,8,Gia vị & Đồ nấu nướng,161
SP000724,Hạt nêm Knorr thịt thăn xương ống 400g (Lô 12),Gói,38850,8,Gia vị & Đồ nấu nướng,168
SP000725,Bột ngọt Ajinomoto gói 454g (Lô 12),Gói,35700,8,Gia vị & Đồ nấu nướng,175
SP000726,Tương ớt Chinsu nắp bật 250g (Lô 12),Chai,15750,8,Gia vị & Đồ nấu nướng,182
SP000727,Tương cà Cholimex chai 330g (Lô 12),Chai,16800,8,Gia vị & Đồ nấu nướng,189
SP000728,Muối I-ốt Bạc Liêu túi 500g (Lô 12),Gói,6300,8,Gia vị & Đồ nấu nướng,196
SP000729,Đường tinh luyện Biên Hòa Daily 1kg (Lô 12),Gói,32550,8,Gia vị & Đồ nấu nướng,203
SP000730,Mì tôm Hảo Hảo tôm chua cay 75g (Lô 12),Gói,4725,8,Mì gói & Thực phẩm khô,210
SP000731,Mì Omachi sườn hầm ngũ quả 80g (Lô 12),Gói,8925,8,Mì gói & Thực phẩm khô,217
SP000732,Mì trộn Indomie Mi Goreng 85g (Lô 12),Gói,6825,8,Mì gói & Thực phẩm khô,224
SP000733,Phở gà Đệ Nhất Acecook 68g (Lô 12),Gói,8400,8,Mì gói & Thực phẩm khô,231
SP000734,Miến Phú Hương yến tiệc 210g (Lô 12),Gói,23100,8,Mì gói & Thực phẩm khô,238
SP000735,Cháo thịt bằm Cung Đình gói 50g (Lô 12),Gói,7350,8,Mì gói & Thực phẩm khô,245
SP000736,Cá nục sốt cà 3 Cô Gái lon 155g (Lô 12),Lon,19950,8,Mì gói & Thực phẩm khô,252
SP000737,Pate thịt heo Hạ Long lon 150g (Lô 12),Lon,28350,8,Mì gói & Thực phẩm khô,259
SP000738,Mì ly Modern lẩu thái tôm 65g (Lô 12),Ly,9975,8,Mì gói & Thực phẩm khô,266
SP000739,Nước rửa chén Sunlight chanh can 3.6kg (Lô 12),Can,114450,10,Hóa mỹ phẩm & Tẩy rửa,273
SP000740,Nước giặt OMO Matic cửa trên túi 3.6kg (Lô 12),Túi,183750,10,Hóa mỹ phẩm & Tẩy rửa,280
SP000741,Nước xả vải Comfort đậm đặc túi 3.2L (Lô 12),Túi,198450,10,Hóa mỹ phẩm & Tẩy rửa,287
SP000742,Dầu gội Clear thảo dược mát lạnh 630g (Lô 12),Chai,173250,10,Hóa mỹ phẩm & Tẩy rửa,294
SP000743,Dầu gội Pantene suôn mượt 650ml (Lô 12),Chai,162750,10,Hóa mỹ phẩm & Tẩy rửa,301
SP000744,Sữa tắm Lifebuoy bảo vệ vượt trội 800g (Lô 12),Chai,156450,10,Hóa mỹ phẩm & Tẩy rửa,308
SP000745,Kem đánh răng Colgate Total 12 180g (Lô 12),Tuýp,44100,10,Hóa mỹ phẩm & Tẩy rửa,315
SP000746,Bàn chải đánh răng P/S than tre (Lô 12),Cái,18900,10,Hóa mỹ phẩm & Tẩy rửa,322
SP000747,Nước lau sàn Sunlight hoa lily túi 3.6kg (Lô 12),Túi,89250,10,Hóa mỹ phẩm & Tẩy rửa,329
SP000748,Xịt muỗi Raid hương cam chanh 600ml (Lô 12),Chai,71400,10,Hóa mỹ phẩm & Tẩy rửa,336
SP000749,Giấy vệ sinh cuộn cao cấp Pulppy lốc 10 cuộn (Lô 12),Lốc,96600,8,Đồ gia dụng & Tiện ích,343
SP000750,Khăn giấy lụa rút Paseo 200 tờ (Lô 12),Hộp,26250,8,Đồ gia dụng & Tiện ích,350
SP000751,Màng bọc thực phẩm PE Sunhouse 30cmx150m (Lô 12),Hộp,78750,8,Đồ gia dụng & Tiện ích,357
SP000752,Túi rác đen tự hủy sinh học Opec 3 cuộn (Lô 12),Gói,39900,8,Đồ gia dụng & Tiện ích,364
SP000753,Băng dính dán thùng trong suốt 5cm x 100y (Lô 12),Cuộn,16800,8,Đồ gia dụng & Tiện ích,371
SP000754,Pin tiểu AA Panasonic vỉ 4 viên (Lô 12),Vỉ,27300,8,Đồ gia dụng & Tiện ích,378
SP000755,Khẩu trang y tế 4 lớp kháng khuẩn hộp 50 cái (Lô 12),Hộp,36750,8,Đồ gia dụng & Tiện ích,385
SP000756,Nước rửa tay Lifebuoy hương chanh chai 450ml (Lô 12),Chai,54600,8,Đồ gia dụng & Tiện ích,392
SP000757,Coca Cola Sleek 320ml (Lô 13),Lon,12100,8,Đồ uống & Giải khát,399
SP000758,Pepsi Sleek 320ml (Lô 13),Lon,11550,8,Đồ uống & Giải khát,406
SP000759,Nước cam ép Twister 450ml (Lô 13),Chai,13200,8,Đồ uống & Giải khát,413
SP000760,Trà xanh Không Độ 455ml (Lô 13),Chai,11000,8,Đồ uống & Giải khát,420
SP000761,Trà Ô Long Tea+ Plus 455ml (Lô 13),Chai,13200,8,Đồ uống & Giải khát,427
SP000762,Nước tăng lực Red Bull 250ml (Lô 13),Lon,15400,8,Đồ uống & Giải khát,434
SP000763,Nước khoáng Lavie 500ml (Lô 13),Chai,6600,8,Đồ uống & Giải khát,441
SP000764,Nước tinh khiết Aquafina 500ml (Lô 13),Chai,6600,8,Đồ uống & Giải khát,448
SP000765,Cà phê sữa đá Highlands 235ml (Lô 13),Lon,17600,8,Đồ uống & Giải khát,455
SP000766,Bia Heineken Sleek 330ml (Lô 13),Lon,24200,10,Đồ uống & Giải khát,462
SP000767,Bia Tiger Crystal 330ml (Lô 13),Lon,21450,10,Đồ uống & Giải khát,469
SP000768,Bia Sài Gòn Special 330ml (Lô 13),Lon,18150,10,Đồ uống & Giải khát,476
SP000769,Sữa tươi tiệt trùng Vinamilk 180ml (Lô 13),Hộp,9350,0,Đồ uống & Giải khát,483
SP000770,Sữa chua uống Susu 110ml (Lô 13),Chai,7150,0,Đồ uống & Giải khát,490
SP000771,Nước ép bưởi hồng Vfresh 1L (Lô 13),Hộp,42900,8,Đồ uống & Giải khát,497
SP000772,Bánh ChocoPie Orion hộp 12 cái (Lô 13),Hộp,63800,8,Bánh kẹo & Ăn vặt,54
SP000773,Bánh Cosy mè giòn rụm Kinh Đô 288g (Lô 13),Gói,31900,8,Bánh kẹo & Ăn vặt,61
SP000774,Snack khoai tây Ostar vị tảo biển 90g (Lô 13),Gói,20900,8,Bánh kẹo & Ăn vặt,68
SP000775,Snack khoai tây Lay's tự nhiên 95g (Lô 13),Gói,23100,8,Bánh kẹo & Ăn vặt,75
SP000776,Bánh que Pocky socola Glico 40g (Lô 13),Hộp,15400,8,Bánh kẹo & Ăn vặt,82
SP000777,Kẹo dẻo Chupa Chups Sour Tubes 160g (Lô 13),Gói,26400,8,Bánh kẹo & Ăn vặt,89
SP000778,Bánh mì tươi nhân bơ sữa Kinh Đô 80g (Lô 13),Cái,9900,8,Bánh kẹo & Ăn vặt,96
SP000779,Bánh xốp Nabati phô mai 130g (Lô 13),Hộp,13200,8,Bánh kẹo & Ăn vặt,103
SP000780,Hạt điều rang muối vỏ lụa Bình Phước 500g (Lô 13),Hộp,148500,8,Bánh kẹo & Ăn vặt,110
SP000781,Hạt hướng dương Chacheer 130g (Lô 13),Gói,16500,8,Bánh kẹo & Ăn vặt,117
SP000782,Rong biển sấy vị truyền thống TaoKaeNoi 32g (Lô 13),Gói,28600,8,Bánh kẹo & Ăn vặt,124
SP000783,Nước mắm Nam Ngư Đệ Nhị chai 900ml (Lô 13),Chai,30800,8,Gia vị & Đồ nấu nướng,131
SP000784,Nước mắm Chinsu Cá Hồi chai 500ml (Lô 13),Chai,51700,8,Gia vị & Đồ nấu nướng,138
SP000785,Dầu ăn Simply đậu nành can 1L (Lô 13),Chai,64900,8,Gia vị & Đồ nấu nướng,145
SP000786,Dầu ăn Neptune Gold can 2L (Lô 13),Chai,148500,8,Gia vị & Đồ nấu nướng,152
SP000787,Hạt nêm Knorr thịt thăn xương ống 400g (Lô 13),Gói,40700,8,Gia vị & Đồ nấu nướng,159
SP000788,Bột ngọt Ajinomoto gói 454g (Lô 13),Gói,37400,8,Gia vị & Đồ nấu nướng,166
SP000789,Tương ớt Chinsu nắp bật 250g (Lô 13),Chai,16500,8,Gia vị & Đồ nấu nướng,173
SP000790,Tương cà Cholimex chai 330g (Lô 13),Chai,17600,8,Gia vị & Đồ nấu nướng,180
SP000791,Muối I-ốt Bạc Liêu túi 500g (Lô 13),Gói,6600,8,Gia vị & Đồ nấu nướng,187
SP000792,Đường tinh luyện Biên Hòa Daily 1kg (Lô 13),Gói,34100,8,Gia vị & Đồ nấu nướng,194
SP000793,Mì tôm Hảo Hảo tôm chua cay 75g (Lô 13),Gói,4950,8,Mì gói & Thực phẩm khô,201
SP000794,Mì Omachi sườn hầm ngũ quả 80g (Lô 13),Gói,9350,8,Mì gói & Thực phẩm khô,208
SP000795,Mì trộn Indomie Mi Goreng 85g (Lô 13),Gói,7150,8,Mì gói & Thực phẩm khô,215
SP000796,Phở gà Đệ Nhất Acecook 68g (Lô 13),Gói,8800,8,Mì gói & Thực phẩm khô,222
SP000797,Miến Phú Hương yến tiệc 210g (Lô 13),Gói,24200,8,Mì gói & Thực phẩm khô,229
SP000798,Cháo thịt bằm Cung Đình gói 50g (Lô 13),Gói,7700,8,Mì gói & Thực phẩm khô,236
SP000799,Cá nục sốt cà 3 Cô Gái lon 155g (Lô 13),Lon,20900,8,Mì gói & Thực phẩm khô,243
SP000800,Pate thịt heo Hạ Long lon 150g (Lô 13),Lon,29700,8,Mì gói & Thực phẩm khô,250
SP000801,Mì ly Modern lẩu thái tôm 65g (Lô 13),Ly,10450,8,Mì gói & Thực phẩm khô,257
SP000802,Nước rửa chén Sunlight chanh can 3.6kg (Lô 13),Can,119900,10,Hóa mỹ phẩm & Tẩy rửa,264
SP000803,Nước giặt OMO Matic cửa trên túi 3.6kg (Lô 13),Túi,192500,10,Hóa mỹ phẩm & Tẩy rửa,271
SP000804,Nước xả vải Comfort đậm đặc túi 3.2L (Lô 13),Túi,207900,10,Hóa mỹ phẩm & Tẩy rửa,278
SP000805,Dầu gội Clear thảo dược mát lạnh 630g (Lô 13),Chai,181500,10,Hóa mỹ phẩm & Tẩy rửa,285
SP000806,Dầu gội Pantene suôn mượt 650ml (Lô 13),Chai,170500,10,Hóa mỹ phẩm & Tẩy rửa,292
SP000807,Sữa tắm Lifebuoy bảo vệ vượt trội 800g (Lô 13),Chai,163900,10,Hóa mỹ phẩm & Tẩy rửa,299
SP000808,Kem đánh răng Colgate Total 12 180g (Lô 13),Tuýp,46200,10,Hóa mỹ phẩm & Tẩy rửa,306
SP000809,Bàn chải đánh răng P/S than tre (Lô 13),Cái,19800,10,Hóa mỹ phẩm & Tẩy rửa,313
SP000810,Nước lau sàn Sunlight hoa lily túi 3.6kg (Lô 13),Túi,93500,10,Hóa mỹ phẩm & Tẩy rửa,320
SP000811,Xịt muỗi Raid hương cam chanh 600ml (Lô 13),Chai,74800,10,Hóa mỹ phẩm & Tẩy rửa,327
SP000812,Giấy vệ sinh cuộn cao cấp Pulppy lốc 10 cuộn (Lô 13),Lốc,101200,8,Đồ gia dụng & Tiện ích,334
SP000813,Khăn giấy lụa rút Paseo 200 tờ (Lô 13),Hộp,27500,8,Đồ gia dụng & Tiện ích,341
SP000814,Màng bọc thực phẩm PE Sunhouse 30cmx150m (Lô 13),Hộp,82500,8,Đồ gia dụng & Tiện ích,348
SP000815,Túi rác đen tự hủy sinh học Opec 3 cuộn (Lô 13),Gói,41800,8,Đồ gia dụng & Tiện ích,355
SP000816,Băng dính dán thùng trong suốt 5cm x 100y (Lô 13),Cuộn,17600,8,Đồ gia dụng & Tiện ích,362
SP000817,Pin tiểu AA Panasonic vỉ 4 viên (Lô 13),Vỉ,28600,8,Đồ gia dụng & Tiện ích,369
SP000818,Khẩu trang y tế 4 lớp kháng khuẩn hộp 50 cái (Lô 13),Hộp,38500,8,Đồ gia dụng & Tiện ích,376
SP000819,Nước rửa tay Lifebuoy hương chanh chai 450ml (Lô 13),Chai,57200,8,Đồ gia dụng & Tiện ích,383
SP000820,Coca Cola Sleek 320ml (Lô 14),Lon,12649,8,Đồ uống & Giải khát,390
SP000821,Pepsi Sleek 320ml (Lô 14),Lon,12074,8,Đồ uống & Giải khát,397
SP000822,Nước cam ép Twister 450ml (Lô 14),Chai,13799,8,Đồ uống & Giải khát,404
SP000823,Trà xanh Không Độ 455ml (Lô 14),Chai,11500,8,Đồ uống & Giải khát,411
SP000824,Trà Ô Long Tea+ Plus 455ml (Lô 14),Chai,13799,8,Đồ uống & Giải khát,418
SP000825,Nước tăng lực Red Bull 250ml (Lô 14),Lon,16099,8,Đồ uống & Giải khát,425
SP000826,Nước khoáng Lavie 500ml (Lô 14),Chai,6899,8,Đồ uống & Giải khát,432
SP000827,Nước tinh khiết Aquafina 500ml (Lô 14),Chai,6899,8,Đồ uống & Giải khát,439
SP000828,Cà phê sữa đá Highlands 235ml (Lô 14),Lon,18400,8,Đồ uống & Giải khát,446
SP000829,Bia Heineken Sleek 330ml (Lô 14),Lon,25299,10,Đồ uống & Giải khát,453
SP000830,Bia Tiger Crystal 330ml (Lô 14),Lon,22425,10,Đồ uống & Giải khát,460
SP000831,Bia Sài Gòn Special 330ml (Lô 14),Lon,18975,10,Đồ uống & Giải khát,467
SP000832,Sữa tươi tiệt trùng Vinamilk 180ml (Lô 14),Hộp,9775,0,Đồ uống & Giải khát,474
SP000833,Sữa chua uống Susu 110ml (Lô 14),Chai,7474,0,Đồ uống & Giải khát,481
SP000834,Nước ép bưởi hồng Vfresh 1L (Lô 14),Hộp,44850,8,Đồ uống & Giải khát,488
SP000835,Bánh ChocoPie Orion hộp 12 cái (Lô 14),Hộp,66700,8,Bánh kẹo & Ăn vặt,495
SP000836,Bánh Cosy mè giòn rụm Kinh Đô 288g (Lô 14),Gói,33350,8,Bánh kẹo & Ăn vặt,52
SP000837,Snack khoai tây Ostar vị tảo biển 90g (Lô 14),Gói,21850,8,Bánh kẹo & Ăn vặt,59
SP000838,Snack khoai tây Lay's tự nhiên 95g (Lô 14),Gói,24149,8,Bánh kẹo & Ăn vặt,66
SP000839,Bánh que Pocky socola Glico 40g (Lô 14),Hộp,16099,8,Bánh kẹo & Ăn vặt,73
SP000840,Kẹo dẻo Chupa Chups Sour Tubes 160g (Lô 14),Gói,27599,8,Bánh kẹo & Ăn vặt,80
SP000841,Bánh mì tươi nhân bơ sữa Kinh Đô 80g (Lô 14),Cái,10350,8,Bánh kẹo & Ăn vặt,87
SP000842,Bánh xốp Nabati phô mai 130g (Lô 14),Hộp,13799,8,Bánh kẹo & Ăn vặt,94
SP000843,Hạt điều rang muối vỏ lụa Bình Phước 500g (Lô 14),Hộp,155250,8,Bánh kẹo & Ăn vặt,101
SP000844,Hạt hướng dương Chacheer 130g (Lô 14),Gói,17250,8,Bánh kẹo & Ăn vặt,108
SP000845,Rong biển sấy vị truyền thống TaoKaeNoi 32g (Lô 14),Gói,29899,8,Bánh kẹo & Ăn vặt,115
SP000846,Nước mắm Nam Ngư Đệ Nhị chai 900ml (Lô 14),Chai,32199,8,Gia vị & Đồ nấu nướng,122
SP000847,Nước mắm Chinsu Cá Hồi chai 500ml (Lô 14),Chai,54049,8,Gia vị & Đồ nấu nướng,129
SP000848,Dầu ăn Simply đậu nành can 1L (Lô 14),Chai,67850,8,Gia vị & Đồ nấu nướng,136
SP000849,Dầu ăn Neptune Gold can 2L (Lô 14),Chai,155250,8,Gia vị & Đồ nấu nướng,143
SP000850,Hạt nêm Knorr thịt thăn xương ống 400g (Lô 14),Gói,42550,8,Gia vị & Đồ nấu nướng,150
SP000851,Bột ngọt Ajinomoto gói 454g (Lô 14),Gói,39100,8,Gia vị & Đồ nấu nướng,157
SP000852,Tương ớt Chinsu nắp bật 250g (Lô 14),Chai,17250,8,Gia vị & Đồ nấu nướng,164
SP000853,Tương cà Cholimex chai 330g (Lô 14),Chai,18400,8,Gia vị & Đồ nấu nướng,171
SP000854,Muối I-ốt Bạc Liêu túi 500g (Lô 14),Gói,6899,8,Gia vị & Đồ nấu nướng,178
SP000855,Đường tinh luyện Biên Hòa Daily 1kg (Lô 14),Gói,35650,8,Gia vị & Đồ nấu nướng,185
SP000856,Mì tôm Hảo Hảo tôm chua cay 75g (Lô 14),Gói,5175,8,Mì gói & Thực phẩm khô,192
SP000857,Mì Omachi sườn hầm ngũ quả 80g (Lô 14),Gói,9775,8,Mì gói & Thực phẩm khô,199
SP000858,Mì trộn Indomie Mi Goreng 85g (Lô 14),Gói,7474,8,Mì gói & Thực phẩm khô,206
SP000859,Phở gà Đệ Nhất Acecook 68g (Lô 14),Gói,9200,8,Mì gói & Thực phẩm khô,213
SP000860,Miến Phú Hương yến tiệc 210g (Lô 14),Gói,25299,8,Mì gói & Thực phẩm khô,220
SP000861,Cháo thịt bằm Cung Đình gói 50g (Lô 14),Gói,8049,8,Mì gói & Thực phẩm khô,227
SP000862,Cá nục sốt cà 3 Cô Gái lon 155g (Lô 14),Lon,21850,8,Mì gói & Thực phẩm khô,234
SP000863,Pate thịt heo Hạ Long lon 150g (Lô 14),Lon,31049,8,Mì gói & Thực phẩm khô,241
SP000864,Mì ly Modern lẩu thái tôm 65g (Lô 14),Ly,10925,8,Mì gói & Thực phẩm khô,248
SP000865,Nước rửa chén Sunlight chanh can 3.6kg (Lô 14),Can,125349,10,Hóa mỹ phẩm & Tẩy rửa,255
SP000866,Nước giặt OMO Matic cửa trên túi 3.6kg (Lô 14),Túi,201249,10,Hóa mỹ phẩm & Tẩy rửa,262
SP000867,Nước xả vải Comfort đậm đặc túi 3.2L (Lô 14),Túi,217349,10,Hóa mỹ phẩm & Tẩy rửa,269
SP000868,Dầu gội Clear thảo dược mát lạnh 630g (Lô 14),Chai,189749,10,Hóa mỹ phẩm & Tẩy rửa,276
SP000869,Dầu gội Pantene suôn mượt 650ml (Lô 14),Chai,178250,10,Hóa mỹ phẩm & Tẩy rửa,283
SP000870,Sữa tắm Lifebuoy bảo vệ vượt trội 800g (Lô 14),Chai,171350,10,Hóa mỹ phẩm & Tẩy rửa,290
SP000871,Kem đánh răng Colgate Total 12 180g (Lô 14),Tuýp,48299,10,Hóa mỹ phẩm & Tẩy rửa,297
SP000872,Bàn chải đánh răng P/S than tre (Lô 14),Cái,20700,10,Hóa mỹ phẩm & Tẩy rửa,304
SP000873,Nước lau sàn Sunlight hoa lily túi 3.6kg (Lô 14),Túi,97749,10,Hóa mỹ phẩm & Tẩy rửa,311
SP000874,Xịt muỗi Raid hương cam chanh 600ml (Lô 14),Chai,78200,10,Hóa mỹ phẩm & Tẩy rửa,318
SP000875,Giấy vệ sinh cuộn cao cấp Pulppy lốc 10 cuộn (Lô 14),Lốc,105799,8,Đồ gia dụng & Tiện ích,325
SP000876,Khăn giấy lụa rút Paseo 200 tờ (Lô 14),Hộp,28749,8,Đồ gia dụng & Tiện ích,332
SP000877,Màng bọc thực phẩm PE Sunhouse 30cmx150m (Lô 14),Hộp,86250,8,Đồ gia dụng & Tiện ích,339
SP000878,Túi rác đen tự hủy sinh học Opec 3 cuộn (Lô 14),Gói,43700,8,Đồ gia dụng & Tiện ích,346
SP000879,Băng dính dán thùng trong suốt 5cm x 100y (Lô 14),Cuộn,18400,8,Đồ gia dụng & Tiện ích,353
SP000880,Pin tiểu AA Panasonic vỉ 4 viên (Lô 14),Vỉ,29899,8,Đồ gia dụng & Tiện ích,360
SP000881,Khẩu trang y tế 4 lớp kháng khuẩn hộp 50 cái (Lô 14),Hộp,40250,8,Đồ gia dụng & Tiện ích,367
SP000882,Nước rửa tay Lifebuoy hương chanh chai 450ml (Lô 14),Chai,59799,8,Đồ gia dụng & Tiện ích,374
SP000883,Coca Cola Sleek 320ml (Lô 15),Lon,13200,8,Đồ uống & Giải khát,381
SP000884,Pepsi Sleek 320ml (Lô 15),Lon,12600,8,Đồ uống & Giải khát,388
SP000885,Nước cam ép Twister 450ml (Lô 15),Chai,14400,8,Đồ uống & Giải khát,395
SP000886,Trà xanh Không Độ 455ml (Lô 15),Chai,12000,8,Đồ uống & Giải khát,402
SP000887,Trà Ô Long Tea+ Plus 455ml (Lô 15),Chai,14400,8,Đồ uống & Giải khát,409
SP000888,Nước tăng lực Red Bull 250ml (Lô 15),Lon,16800,8,Đồ uống & Giải khát,416
SP000889,Nước khoáng Lavie 500ml (Lô 15),Chai,7200,8,Đồ uống & Giải khát,423
SP000890,Nước tinh khiết Aquafina 500ml (Lô 15),Chai,7200,8,Đồ uống & Giải khát,430
SP000891,Cà phê sữa đá Highlands 235ml (Lô 15),Lon,19200,8,Đồ uống & Giải khát,437
SP000892,Bia Heineken Sleek 330ml (Lô 15),Lon,26400,10,Đồ uống & Giải khát,444
SP000893,Bia Tiger Crystal 330ml (Lô 15),Lon,23400,10,Đồ uống & Giải khát,451
SP000894,Bia Sài Gòn Special 330ml (Lô 15),Lon,19800,10,Đồ uống & Giải khát,458
SP000895,Sữa tươi tiệt trùng Vinamilk 180ml (Lô 15),Hộp,10200,0,Đồ uống & Giải khát,465
SP000896,Sữa chua uống Susu 110ml (Lô 15),Chai,7800,0,Đồ uống & Giải khát,472
SP000897,Nước ép bưởi hồng Vfresh 1L (Lô 15),Hộp,46800,8,Đồ uống & Giải khát,479
SP000898,Bánh ChocoPie Orion hộp 12 cái (Lô 15),Hộp,69600,8,Bánh kẹo & Ăn vặt,486
SP000899,Bánh Cosy mè giòn rụm Kinh Đô 288g (Lô 15),Gói,34800,8,Bánh kẹo & Ăn vặt,493
SP000900,Snack khoai tây Ostar vị tảo biển 90g (Lô 15),Gói,22800,8,Bánh kẹo & Ăn vặt,50
SP000901,Snack khoai tây Lay's tự nhiên 95g (Lô 15),Gói,25200,8,Bánh kẹo & Ăn vặt,57
SP000902,Bánh que Pocky socola Glico 40g (Lô 15),Hộp,16800,8,Bánh kẹo & Ăn vặt,64
SP000903,Kẹo dẻo Chupa Chups Sour Tubes 160g (Lô 15),Gói,28800,8,Bánh kẹo & Ăn vặt,71
SP000904,Bánh mì tươi nhân bơ sữa Kinh Đô 80g (Lô 15),Cái,10800,8,Bánh kẹo & Ăn vặt,78
SP000905,Bánh xốp Nabati phô mai 130g (Lô 15),Hộp,14400,8,Bánh kẹo & Ăn vặt,85
SP000906,Hạt điều rang muối vỏ lụa Bình Phước 500g (Lô 15),Hộp,162000,8,Bánh kẹo & Ăn vặt,92
SP000907,Hạt hướng dương Chacheer 130g (Lô 15),Gói,18000,8,Bánh kẹo & Ăn vặt,99
SP000908,Rong biển sấy vị truyền thống TaoKaeNoi 32g (Lô 15),Gói,31200,8,Bánh kẹo & Ăn vặt,106
SP000909,Nước mắm Nam Ngư Đệ Nhị chai 900ml (Lô 15),Chai,33600,8,Gia vị & Đồ nấu nướng,113
SP000910,Nước mắm Chinsu Cá Hồi chai 500ml (Lô 15),Chai,56400,8,Gia vị & Đồ nấu nướng,120
SP000911,Dầu ăn Simply đậu nành can 1L (Lô 15),Chai,70800,8,Gia vị & Đồ nấu nướng,127
SP000912,Dầu ăn Neptune Gold can 2L (Lô 15),Chai,162000,8,Gia vị & Đồ nấu nướng,134
SP000913,Hạt nêm Knorr thịt thăn xương ống 400g (Lô 15),Gói,44400,8,Gia vị & Đồ nấu nướng,141
SP000914,Bột ngọt Ajinomoto gói 454g (Lô 15),Gói,40800,8,Gia vị & Đồ nấu nướng,148
SP000915,Tương ớt Chinsu nắp bật 250g (Lô 15),Chai,18000,8,Gia vị & Đồ nấu nướng,155
SP000916,Tương cà Cholimex chai 330g (Lô 15),Chai,19200,8,Gia vị & Đồ nấu nướng,162
SP000917,Muối I-ốt Bạc Liêu túi 500g (Lô 15),Gói,7200,8,Gia vị & Đồ nấu nướng,169
SP000918,Đường tinh luyện Biên Hòa Daily 1kg (Lô 15),Gói,37200,8,Gia vị & Đồ nấu nướng,176
SP000919,Mì tôm Hảo Hảo tôm chua cay 75g (Lô 15),Gói,5400,8,Mì gói & Thực phẩm khô,183
SP000920,Mì Omachi sườn hầm ngũ quả 80g (Lô 15),Gói,10200,8,Mì gói & Thực phẩm khô,190
SP000921,Mì trộn Indomie Mi Goreng 85g (Lô 15),Gói,7800,8,Mì gói & Thực phẩm khô,197
SP000922,Phở gà Đệ Nhất Acecook 68g (Lô 15),Gói,9600,8,Mì gói & Thực phẩm khô,204
SP000923,Miến Phú Hương yến tiệc 210g (Lô 15),Gói,26400,8,Mì gói & Thực phẩm khô,211
SP000924,Cháo thịt bằm Cung Đình gói 50g (Lô 15),Gói,8400,8,Mì gói & Thực phẩm khô,218
SP000925,Cá nục sốt cà 3 Cô Gái lon 155g (Lô 15),Lon,22800,8,Mì gói & Thực phẩm khô,225
SP000926,Pate thịt heo Hạ Long lon 150g (Lô 15),Lon,32400,8,Mì gói & Thực phẩm khô,232
SP000927,Mì ly Modern lẩu thái tôm 65g (Lô 15),Ly,11400,8,Mì gói & Thực phẩm khô,239
SP000928,Nước rửa chén Sunlight chanh can 3.6kg (Lô 15),Can,130800,10,Hóa mỹ phẩm & Tẩy rửa,246
SP000929,Nước giặt OMO Matic cửa trên túi 3.6kg (Lô 15),Túi,210000,10,Hóa mỹ phẩm & Tẩy rửa,253
SP000930,Nước xả vải Comfort đậm đặc túi 3.2L (Lô 15),Túi,226800,10,Hóa mỹ phẩm & Tẩy rửa,260
SP000931,Dầu gội Clear thảo dược mát lạnh 630g (Lô 15),Chai,198000,10,Hóa mỹ phẩm & Tẩy rửa,267
SP000932,Dầu gội Pantene suôn mượt 650ml (Lô 15),Chai,186000,10,Hóa mỹ phẩm & Tẩy rửa,274
SP000933,Sữa tắm Lifebuoy bảo vệ vượt trội 800g (Lô 15),Chai,178800,10,Hóa mỹ phẩm & Tẩy rửa,281
SP000934,Kem đánh răng Colgate Total 12 180g (Lô 15),Tuýp,50400,10,Hóa mỹ phẩm & Tẩy rửa,288
SP000935,Bàn chải đánh răng P/S than tre (Lô 15),Cái,21600,10,Hóa mỹ phẩm & Tẩy rửa,295
SP000936,Nước lau sàn Sunlight hoa lily túi 3.6kg (Lô 15),Túi,102000,10,Hóa mỹ phẩm & Tẩy rửa,302
SP000937,Xịt muỗi Raid hương cam chanh 600ml (Lô 15),Chai,81600,10,Hóa mỹ phẩm & Tẩy rửa,309
SP000938,Giấy vệ sinh cuộn cao cấp Pulppy lốc 10 cuộn (Lô 15),Lốc,110400,8,Đồ gia dụng & Tiện ích,316
SP000939,Khăn giấy lụa rút Paseo 200 tờ (Lô 15),Hộp,30000,8,Đồ gia dụng & Tiện ích,323
SP000940,Màng bọc thực phẩm PE Sunhouse 30cmx150m (Lô 15),Hộp,90000,8,Đồ gia dụng & Tiện ích,330
SP000941,Túi rác đen tự hủy sinh học Opec 3 cuộn (Lô 15),Gói,45600,8,Đồ gia dụng & Tiện ích,337
SP000942,Băng dính dán thùng trong suốt 5cm x 100y (Lô 15),Cuộn,19200,8,Đồ gia dụng & Tiện ích,344
SP000943,Pin tiểu AA Panasonic vỉ 4 viên (Lô 15),Vỉ,31200,8,Đồ gia dụng & Tiện ích,351
SP000944,Khẩu trang y tế 4 lớp kháng khuẩn hộp 50 cái (Lô 15),Hộp,42000,8,Đồ gia dụng & Tiện ích,358
SP000945,Nước rửa tay Lifebuoy hương chanh chai 450ml (Lô 15),Chai,62400,8,Đồ gia dụng & Tiện ích,365
SP000946,Coca Cola Sleek 320ml (Lô 16),Lon,11000,8,Đồ uống & Giải khát,372
SP000947,Pepsi Sleek 320ml (Lô 16),Lon,10500,8,Đồ uống & Giải khát,379
SP000948,Nước cam ép Twister 450ml (Lô 16),Chai,12000,8,Đồ uống & Giải khát,386
SP000949,Trà xanh Không Độ 455ml (Lô 16),Chai,10000,8,Đồ uống & Giải khát,393
SP000950,Trà Ô Long Tea+ Plus 455ml (Lô 16),Chai,12000,8,Đồ uống & Giải khát,400
SP000951,Nước tăng lực Red Bull 250ml (Lô 16),Lon,14000,8,Đồ uống & Giải khát,407
SP000952,Nước khoáng Lavie 500ml (Lô 16),Chai,6000,8,Đồ uống & Giải khát,414
SP000953,Nước tinh khiết Aquafina 500ml (Lô 16),Chai,6000,8,Đồ uống & Giải khát,421
SP000954,Cà phê sữa đá Highlands 235ml (Lô 16),Lon,16000,8,Đồ uống & Giải khát,428
SP000955,Bia Heineken Sleek 330ml (Lô 16),Lon,22000,10,Đồ uống & Giải khát,435
SP000956,Bia Tiger Crystal 330ml (Lô 16),Lon,19500,10,Đồ uống & Giải khát,442
SP000957,Bia Sài Gòn Special 330ml (Lô 16),Lon,16500,10,Đồ uống & Giải khát,449
SP000958,Sữa tươi tiệt trùng Vinamilk 180ml (Lô 16),Hộp,8500,0,Đồ uống & Giải khát,456
SP000959,Sữa chua uống Susu 110ml (Lô 16),Chai,6500,0,Đồ uống & Giải khát,463
SP000960,Nước ép bưởi hồng Vfresh 1L (Lô 16),Hộp,39000,8,Đồ uống & Giải khát,470
SP000961,Bánh ChocoPie Orion hộp 12 cái (Lô 16),Hộp,58000,8,Bánh kẹo & Ăn vặt,477
SP000962,Bánh Cosy mè giòn rụm Kinh Đô 288g (Lô 16),Gói,29000,8,Bánh kẹo & Ăn vặt,484
SP000963,Snack khoai tây Ostar vị tảo biển 90g (Lô 16),Gói,19000,8,Bánh kẹo & Ăn vặt,491
SP000964,Snack khoai tây Lay's tự nhiên 95g (Lô 16),Gói,21000,8,Bánh kẹo & Ăn vặt,498
SP000965,Bánh que Pocky socola Glico 40g (Lô 16),Hộp,14000,8,Bánh kẹo & Ăn vặt,55
SP000966,Kẹo dẻo Chupa Chups Sour Tubes 160g (Lô 16),Gói,24000,8,Bánh kẹo & Ăn vặt,62
SP000967,Bánh mì tươi nhân bơ sữa Kinh Đô 80g (Lô 16),Cái,9000,8,Bánh kẹo & Ăn vặt,69
SP000968,Bánh xốp Nabati phô mai 130g (Lô 16),Hộp,12000,8,Bánh kẹo & Ăn vặt,76
SP000969,Hạt điều rang muối vỏ lụa Bình Phước 500g (Lô 16),Hộp,135000,8,Bánh kẹo & Ăn vặt,83
SP000970,Hạt hướng dương Chacheer 130g (Lô 16),Gói,15000,8,Bánh kẹo & Ăn vặt,90
SP000971,Rong biển sấy vị truyền thống TaoKaeNoi 32g (Lô 16),Gói,26000,8,Bánh kẹo & Ăn vặt,97
SP000972,Nước mắm Nam Ngư Đệ Nhị chai 900ml (Lô 16),Chai,28000,8,Gia vị & Đồ nấu nướng,104
SP000973,Nước mắm Chinsu Cá Hồi chai 500ml (Lô 16),Chai,47000,8,Gia vị & Đồ nấu nướng,111
SP000974,Dầu ăn Simply đậu nành can 1L (Lô 16),Chai,59000,8,Gia vị & Đồ nấu nướng,118
SP000975,Dầu ăn Neptune Gold can 2L (Lô 16),Chai,135000,8,Gia vị & Đồ nấu nướng,125
SP000976,Hạt nêm Knorr thịt thăn xương ống 400g (Lô 16),Gói,37000,8,Gia vị & Đồ nấu nướng,132
SP000977,Bột ngọt Ajinomoto gói 454g (Lô 16),Gói,34000,8,Gia vị & Đồ nấu nướng,139
SP000978,Tương ớt Chinsu nắp bật 250g (Lô 16),Chai,15000,8,Gia vị & Đồ nấu nướng,146
SP000979,Tương cà Cholimex chai 330g (Lô 16),Chai,16000,8,Gia vị & Đồ nấu nướng,153
SP000980,Muối I-ốt Bạc Liêu túi 500g (Lô 16),Gói,6000,8,Gia vị & Đồ nấu nướng,160
SP000981,Đường tinh luyện Biên Hòa Daily 1kg (Lô 16),Gói,31000,8,Gia vị & Đồ nấu nướng,167
SP000982,Mì tôm Hảo Hảo tôm chua cay 75g (Lô 16),Gói,4500,8,Mì gói & Thực phẩm khô,174
SP000983,Mì Omachi sườn hầm ngũ quả 80g (Lô 16),Gói,8500,8,Mì gói & Thực phẩm khô,181
SP000984,Mì trộn Indomie Mi Goreng 85g (Lô 16),Gói,6500,8,Mì gói & Thực phẩm khô,188
SP000985,Phở gà Đệ Nhất Acecook 68g (Lô 16),Gói,8000,8,Mì gói & Thực phẩm khô,195
SP000986,Miến Phú Hương yến tiệc 210g (Lô 16),Gói,22000,8,Mì gói & Thực phẩm khô,202
SP000987,Cháo thịt bằm Cung Đình gói 50g (Lô 16),Gói,7000,8,Mì gói & Thực phẩm khô,209
SP000988,Cá nục sốt cà 3 Cô Gái lon 155g (Lô 16),Lon,19000,8,Mì gói & Thực phẩm khô,216
SP000989,Pate thịt heo Hạ Long lon 150g (Lô 16),Lon,27000,8,Mì gói & Thực phẩm khô,223
SP000990,Mì ly Modern lẩu thái tôm 65g (Lô 16),Ly,9500,8,Mì gói & Thực phẩm khô,230
SP000991,Nước rửa chén Sunlight chanh can 3.6kg (Lô 16),Can,109000,10,Hóa mỹ phẩm & Tẩy rửa,237
SP000992,Nước giặt OMO Matic cửa trên túi 3.6kg (Lô 16),Túi,175000,10,Hóa mỹ phẩm & Tẩy rửa,244
SP000993,Nước xả vải Comfort đậm đặc túi 3.2L (Lô 16),Túi,189000,10,Hóa mỹ phẩm & Tẩy rửa,251
SP000994,Dầu gội Clear thảo dược mát lạnh 630g (Lô 16),Chai,165000,10,Hóa mỹ phẩm & Tẩy rửa,258
SP000995,Dầu gội Pantene suôn mượt 650ml (Lô 16),Chai,155000,10,Hóa mỹ phẩm & Tẩy rửa,265
SP000996,Sữa tắm Lifebuoy bảo vệ vượt trội 800g (Lô 16),Chai,149000,10,Hóa mỹ phẩm & Tẩy rửa,272
SP000997,Kem đánh răng Colgate Total 12 180g (Lô 16),Tuýp,42000,10,Hóa mỹ phẩm & Tẩy rửa,279
SP000998,Bàn chải đánh răng P/S than tre (Lô 16),Cái,18000,10,Hóa mỹ phẩm & Tẩy rửa,286
SP000999,Nước lau sàn Sunlight hoa lily túi 3.6kg (Lô 16),Túi,85000,10,Hóa mỹ phẩm & Tẩy rửa,293
SP001000,Xịt muỗi Raid hương cam chanh 600ml (Lô 16),Chai,68000,10,Hóa mỹ phẩm & Tẩy rửa,300
SP001001,Giấy vệ sinh cuộn cao cấp Pulppy lốc 10 cuộn (Lô 16),Lốc,92000,8,Đồ gia dụng & Tiện ích,307
SP001002,Khăn giấy lụa rút Paseo 200 tờ (Lô 16),Hộp,25000,8,Đồ gia dụng & Tiện ích,314
SP001003,Màng bọc thực phẩm PE Sunhouse 30cmx150m (Lô 16),Hộp,75000,8,Đồ gia dụng & Tiện ích,321
SP001004,Túi rác đen tự hủy sinh học Opec 3 cuộn (Lô 16),Gói,38000,8,Đồ gia dụng & Tiện ích,328
SP001005,Băng dính dán thùng trong suốt 5cm x 100y (Lô 16),Cuộn,16000,8,Đồ gia dụng & Tiện ích,335
SP001006,Pin tiểu AA Panasonic vỉ 4 viên (Lô 16),Vỉ,26000,8,Đồ gia dụng & Tiện ích,342
SP001007,Khẩu trang y tế 4 lớp kháng khuẩn hộp 50 cái (Lô 16),Hộp,35000,8,Đồ gia dụng & Tiện ích,349
SP001008,Nước rửa tay Lifebuoy hương chanh chai 450ml (Lô 16),Chai,52000,8,Đồ gia dụng & Tiện ích,356
SP001009,Coca Cola Sleek 320ml (Lô 17),Lon,11550,8,Đồ uống & Giải khát,363
SP001010,Pepsi Sleek 320ml (Lô 17),Lon,11025,8,Đồ uống & Giải khát,370
SP001011,Nước cam ép Twister 450ml (Lô 17),Chai,12600,8,Đồ uống & Giải khát,377
SP001012,Trà xanh Không Độ 455ml (Lô 17),Chai,10500,8,Đồ uống & Giải khát,384
SP001013,Trà Ô Long Tea+ Plus 455ml (Lô 17),Chai,12600,8,Đồ uống & Giải khát,391
SP001014,Nước tăng lực Red Bull 250ml (Lô 17),Lon,14700,8,Đồ uống & Giải khát,398
SP001015,Nước khoáng Lavie 500ml (Lô 17),Chai,6300,8,Đồ uống & Giải khát,405
SP001016,Nước tinh khiết Aquafina 500ml (Lô 17),Chai,6300,8,Đồ uống & Giải khát,412
SP001017,Cà phê sữa đá Highlands 235ml (Lô 17),Lon,16800,8,Đồ uống & Giải khát,419
SP001018,Bia Heineken Sleek 330ml (Lô 17),Lon,23100,10,Đồ uống & Giải khát,426
SP001019,Bia Tiger Crystal 330ml (Lô 17),Lon,20475,10,Đồ uống & Giải khát,433
SP001020,Bia Sài Gòn Special 330ml (Lô 17),Lon,17325,10,Đồ uống & Giải khát,440
SP001021,Sữa tươi tiệt trùng Vinamilk 180ml (Lô 17),Hộp,8925,0,Đồ uống & Giải khát,447
SP001022,Sữa chua uống Susu 110ml (Lô 17),Chai,6825,0,Đồ uống & Giải khát,454
SP001023,Nước ép bưởi hồng Vfresh 1L (Lô 17),Hộp,40950,8,Đồ uống & Giải khát,461
SP001024,Bánh ChocoPie Orion hộp 12 cái (Lô 17),Hộp,60900,8,Bánh kẹo & Ăn vặt,468
SP001025,Bánh Cosy mè giòn rụm Kinh Đô 288g (Lô 17),Gói,30450,8,Bánh kẹo & Ăn vặt,475
SP001026,Snack khoai tây Ostar vị tảo biển 90g (Lô 17),Gói,19950,8,Bánh kẹo & Ăn vặt,482
SP001027,Snack khoai tây Lay's tự nhiên 95g (Lô 17),Gói,22050,8,Bánh kẹo & Ăn vặt,489
SP001028,Bánh que Pocky socola Glico 40g (Lô 17),Hộp,14700,8,Bánh kẹo & Ăn vặt,496
SP001029,Kẹo dẻo Chupa Chups Sour Tubes 160g (Lô 17),Gói,25200,8,Bánh kẹo & Ăn vặt,53
SP001030,Bánh mì tươi nhân bơ sữa Kinh Đô 80g (Lô 17),Cái,9450,8,Bánh kẹo & Ăn vặt,60
SP001031,Bánh xốp Nabati phô mai 130g (Lô 17),Hộp,12600,8,Bánh kẹo & Ăn vặt,67
SP001032,Hạt điều rang muối vỏ lụa Bình Phước 500g (Lô 17),Hộp,141750,8,Bánh kẹo & Ăn vặt,74
SP001033,Hạt hướng dương Chacheer 130g (Lô 17),Gói,15750,8,Bánh kẹo & Ăn vặt,81
SP001034,Rong biển sấy vị truyền thống TaoKaeNoi 32g (Lô 17),Gói,27300,8,Bánh kẹo & Ăn vặt,88
SP001035,Nước mắm Nam Ngư Đệ Nhị chai 900ml (Lô 17),Chai,29400,8,Gia vị & Đồ nấu nướng,95
SP001036,Nước mắm Chinsu Cá Hồi chai 500ml (Lô 17),Chai,49350,8,Gia vị & Đồ nấu nướng,102
SP001037,Dầu ăn Simply đậu nành can 1L (Lô 17),Chai,61950,8,Gia vị & Đồ nấu nướng,109
SP001038,Dầu ăn Neptune Gold can 2L (Lô 17),Chai,141750,8,Gia vị & Đồ nấu nướng,116
SP001039,Hạt nêm Knorr thịt thăn xương ống 400g (Lô 17),Gói,38850,8,Gia vị & Đồ nấu nướng,123
SP001040,Bột ngọt Ajinomoto gói 454g (Lô 17),Gói,35700,8,Gia vị & Đồ nấu nướng,130
SP001041,Tương ớt Chinsu nắp bật 250g (Lô 17),Chai,15750,8,Gia vị & Đồ nấu nướng,137
SP001042,Tương cà Cholimex chai 330g (Lô 17),Chai,16800,8,Gia vị & Đồ nấu nướng,144
SP001043,Muối I-ốt Bạc Liêu túi 500g (Lô 17),Gói,6300,8,Gia vị & Đồ nấu nướng,151
SP001044,Đường tinh luyện Biên Hòa Daily 1kg (Lô 17),Gói,32550,8,Gia vị & Đồ nấu nướng,158
SP001045,Mì tôm Hảo Hảo tôm chua cay 75g (Lô 17),Gói,4725,8,Mì gói & Thực phẩm khô,165
SP001046,Mì Omachi sườn hầm ngũ quả 80g (Lô 17),Gói,8925,8,Mì gói & Thực phẩm khô,172
SP001047,Mì trộn Indomie Mi Goreng 85g (Lô 17),Gói,6825,8,Mì gói & Thực phẩm khô,179
SP001048,Phở gà Đệ Nhất Acecook 68g (Lô 17),Gói,8400,8,Mì gói & Thực phẩm khô,186
SP001049,Miến Phú Hương yến tiệc 210g (Lô 17),Gói,23100,8,Mì gói & Thực phẩm khô,193
SP001050,Cháo thịt bằm Cung Đình gói 50g (Lô 17),Gói,7350,8,Mì gói & Thực phẩm khô,200
SP001051,Cá nục sốt cà 3 Cô Gái lon 155g (Lô 17),Lon,19950,8,Mì gói & Thực phẩm khô,207
SP001052,Pate thịt heo Hạ Long lon 150g (Lô 17),Lon,28350,8,Mì gói & Thực phẩm khô,214
SP001053,Mì ly Modern lẩu thái tôm 65g (Lô 17),Ly,9975,8,Mì gói & Thực phẩm khô,221
SP001054,Nước rửa chén Sunlight chanh can 3.6kg (Lô 17),Can,114450,10,Hóa mỹ phẩm & Tẩy rửa,228
SP001055,Nước giặt OMO Matic cửa trên túi 3.6kg (Lô 17),Túi,183750,10,Hóa mỹ phẩm & Tẩy rửa,235
SP001056,Nước xả vải Comfort đậm đặc túi 3.2L (Lô 17),Túi,198450,10,Hóa mỹ phẩm & Tẩy rửa,242
SP001057,Dầu gội Clear thảo dược mát lạnh 630g (Lô 17),Chai,173250,10,Hóa mỹ phẩm & Tẩy rửa,249
SP001058,Dầu gội Pantene suôn mượt 650ml (Lô 17),Chai,162750,10,Hóa mỹ phẩm & Tẩy rửa,256
SP001059,Sữa tắm Lifebuoy bảo vệ vượt trội 800g (Lô 17),Chai,156450,10,Hóa mỹ phẩm & Tẩy rửa,263
SP001060,Kem đánh răng Colgate Total 12 180g (Lô 17),Tuýp,44100,10,Hóa mỹ phẩm & Tẩy rửa,270
SP001061,Bàn chải đánh răng P/S than tre (Lô 17),Cái,18900,10,Hóa mỹ phẩm & Tẩy rửa,277
SP001062,Nước lau sàn Sunlight hoa lily túi 3.6kg (Lô 17),Túi,89250,10,Hóa mỹ phẩm & Tẩy rửa,284
SP001063,Xịt muỗi Raid hương cam chanh 600ml (Lô 17),Chai,71400,10,Hóa mỹ phẩm & Tẩy rửa,291
SP001064,Giấy vệ sinh cuộn cao cấp Pulppy lốc 10 cuộn (Lô 17),Lốc,96600,8,Đồ gia dụng & Tiện ích,298
SP001065,Khăn giấy lụa rút Paseo 200 tờ (Lô 17),Hộp,26250,8,Đồ gia dụng & Tiện ích,305
SP001066,Màng bọc thực phẩm PE Sunhouse 30cmx150m (Lô 17),Hộp,78750,8,Đồ gia dụng & Tiện ích,312
SP001067,Túi rác đen tự hủy sinh học Opec 3 cuộn (Lô 17),Gói,39900,8,Đồ gia dụng & Tiện ích,319
SP001068,Băng dính dán thùng trong suốt 5cm x 100y (Lô 17),Cuộn,16800,8,Đồ gia dụng & Tiện ích,326
SP001069,Pin tiểu AA Panasonic vỉ 4 viên (Lô 17),Vỉ,27300,8,Đồ gia dụng & Tiện ích,333
SP001070,Khẩu trang y tế 4 lớp kháng khuẩn hộp 50 cái (Lô 17),Hộp,36750,8,Đồ gia dụng & Tiện ích,340
SP001071,Nước rửa tay Lifebuoy hương chanh chai 450ml (Lô 17),Chai,54600,8,Đồ gia dụng & Tiện ích,347
SP001072,Coca Cola Sleek 320ml (Lô 18),Lon,12100,8,Đồ uống & Giải khát,354
SP001073,Pepsi Sleek 320ml (Lô 18),Lon,11550,8,Đồ uống & Giải khát,361
SP001074,Nước cam ép Twister 450ml (Lô 18),Chai,13200,8,Đồ uống & Giải khát,368
SP001075,Trà xanh Không Độ 455ml (Lô 18),Chai,11000,8,Đồ uống & Giải khát,375
SP001076,Trà Ô Long Tea+ Plus 455ml (Lô 18),Chai,13200,8,Đồ uống & Giải khát,382
SP001077,Nước tăng lực Red Bull 250ml (Lô 18),Lon,15400,8,Đồ uống & Giải khát,389
SP001078,Nước khoáng Lavie 500ml (Lô 18),Chai,6600,8,Đồ uống & Giải khát,396
SP001079,Nước tinh khiết Aquafina 500ml (Lô 18),Chai,6600,8,Đồ uống & Giải khát,403
SP001080,Cà phê sữa đá Highlands 235ml (Lô 18),Lon,17600,8,Đồ uống & Giải khát,410
SP001081,Bia Heineken Sleek 330ml (Lô 18),Lon,24200,10,Đồ uống & Giải khát,417
SP001082,Bia Tiger Crystal 330ml (Lô 18),Lon,21450,10,Đồ uống & Giải khát,424
SP001083,Bia Sài Gòn Special 330ml (Lô 18),Lon,18150,10,Đồ uống & Giải khát,431
SP001084,Sữa tươi tiệt trùng Vinamilk 180ml (Lô 18),Hộp,9350,0,Đồ uống & Giải khát,438
SP001085,Sữa chua uống Susu 110ml (Lô 18),Chai,7150,0,Đồ uống & Giải khát,445
SP001086,Nước ép bưởi hồng Vfresh 1L (Lô 18),Hộp,42900,8,Đồ uống & Giải khát,452
SP001087,Bánh ChocoPie Orion hộp 12 cái (Lô 18),Hộp,63800,8,Bánh kẹo & Ăn vặt,459
SP001088,Bánh Cosy mè giòn rụm Kinh Đô 288g (Lô 18),Gói,31900,8,Bánh kẹo & Ăn vặt,466
SP001089,Snack khoai tây Ostar vị tảo biển 90g (Lô 18),Gói,20900,8,Bánh kẹo & Ăn vặt,473
SP001090,Snack khoai tây Lay's tự nhiên 95g (Lô 18),Gói,23100,8,Bánh kẹo & Ăn vặt,480
SP001091,Bánh que Pocky socola Glico 40g (Lô 18),Hộp,15400,8,Bánh kẹo & Ăn vặt,487
SP001092,Kẹo dẻo Chupa Chups Sour Tubes 160g (Lô 18),Gói,26400,8,Bánh kẹo & Ăn vặt,494
SP001093,Bánh mì tươi nhân bơ sữa Kinh Đô 80g (Lô 18),Cái,9900,8,Bánh kẹo & Ăn vặt,51
SP001094,Bánh xốp Nabati phô mai 130g (Lô 18),Hộp,13200,8,Bánh kẹo & Ăn vặt,58
SP001095,Hạt điều rang muối vỏ lụa Bình Phước 500g (Lô 18),Hộp,148500,8,Bánh kẹo & Ăn vặt,65
SP001096,Hạt hướng dương Chacheer 130g (Lô 18),Gói,16500,8,Bánh kẹo & Ăn vặt,72
SP001097,Rong biển sấy vị truyền thống TaoKaeNoi 32g (Lô 18),Gói,28600,8,Bánh kẹo & Ăn vặt,79
SP001098,Nước mắm Nam Ngư Đệ Nhị chai 900ml (Lô 18),Chai,30800,8,Gia vị & Đồ nấu nướng,86
SP001099,Nước mắm Chinsu Cá Hồi chai 500ml (Lô 18),Chai,51700,8,Gia vị & Đồ nấu nướng,93
SP001100,Dầu ăn Simply đậu nành can 1L (Lô 18),Chai,64900,8,Gia vị & Đồ nấu nướng,100
SP001101,Dầu ăn Neptune Gold can 2L (Lô 18),Chai,148500,8,Gia vị & Đồ nấu nướng,107
SP001102,Hạt nêm Knorr thịt thăn xương ống 400g (Lô 18),Gói,40700,8,Gia vị & Đồ nấu nướng,114
SP001103,Bột ngọt Ajinomoto gói 454g (Lô 18),Gói,37400,8,Gia vị & Đồ nấu nướng,121
SP001104,Tương ớt Chinsu nắp bật 250g (Lô 18),Chai,16500,8,Gia vị & Đồ nấu nướng,128
SP001105,Tương cà Cholimex chai 330g (Lô 18),Chai,17600,8,Gia vị & Đồ nấu nướng,135
SP001106,Muối I-ốt Bạc Liêu túi 500g (Lô 18),Gói,6600,8,Gia vị & Đồ nấu nướng,142
SP001107,Đường tinh luyện Biên Hòa Daily 1kg (Lô 18),Gói,34100,8,Gia vị & Đồ nấu nướng,149
SP001108,Mì tôm Hảo Hảo tôm chua cay 75g (Lô 18),Gói,4950,8,Mì gói & Thực phẩm khô,156
SP001109,Mì Omachi sườn hầm ngũ quả 80g (Lô 18),Gói,9350,8,Mì gói & Thực phẩm khô,163
SP001110,Mì trộn Indomie Mi Goreng 85g (Lô 18),Gói,7150,8,Mì gói & Thực phẩm khô,170
SP001111,Phở gà Đệ Nhất Acecook 68g (Lô 18),Gói,8800,8,Mì gói & Thực phẩm khô,177
SP001112,Miến Phú Hương yến tiệc 210g (Lô 18),Gói,24200,8,Mì gói & Thực phẩm khô,184
SP001113,Cháo thịt bằm Cung Đình gói 50g (Lô 18),Gói,7700,8,Mì gói & Thực phẩm khô,191
SP001114,Cá nục sốt cà 3 Cô Gái lon 155g (Lô 18),Lon,20900,8,Mì gói & Thực phẩm khô,198
SP001115,Pate thịt heo Hạ Long lon 150g (Lô 18),Lon,29700,8,Mì gói & Thực phẩm khô,205
SP001116,Mì ly Modern lẩu thái tôm 65g (Lô 18),Ly,10450,8,Mì gói & Thực phẩm khô,212
SP001117,Nước rửa chén Sunlight chanh can 3.6kg (Lô 18),Can,119900,10,Hóa mỹ phẩm & Tẩy rửa,219
SP001118,Nước giặt OMO Matic cửa trên túi 3.6kg (Lô 18),Túi,192500,10,Hóa mỹ phẩm & Tẩy rửa,226
SP001119,Nước xả vải Comfort đậm đặc túi 3.2L (Lô 18),Túi,207900,10,Hóa mỹ phẩm & Tẩy rửa,233
SP001120,Dầu gội Clear thảo dược mát lạnh 630g (Lô 18),Chai,181500,10,Hóa mỹ phẩm & Tẩy rửa,240
SP001121,Dầu gội Pantene suôn mượt 650ml (Lô 18),Chai,170500,10,Hóa mỹ phẩm & Tẩy rửa,247
SP001122,Sữa tắm Lifebuoy bảo vệ vượt trội 800g (Lô 18),Chai,163900,10,Hóa mỹ phẩm & Tẩy rửa,254
SP001123,Kem đánh răng Colgate Total 12 180g (Lô 18),Tuýp,46200,10,Hóa mỹ phẩm & Tẩy rửa,261
SP001124,Bàn chải đánh răng P/S than tre (Lô 18),Cái,19800,10,Hóa mỹ phẩm & Tẩy rửa,268
SP001125,Nước lau sàn Sunlight hoa lily túi 3.6kg (Lô 18),Túi,93500,10,Hóa mỹ phẩm & Tẩy rửa,275
SP001126,Xịt muỗi Raid hương cam chanh 600ml (Lô 18),Chai,74800,10,Hóa mỹ phẩm & Tẩy rửa,282
SP001127,Giấy vệ sinh cuộn cao cấp Pulppy lốc 10 cuộn (Lô 18),Lốc,101200,8,Đồ gia dụng & Tiện ích,289
SP001128,Khăn giấy lụa rút Paseo 200 tờ (Lô 18),Hộp,27500,8,Đồ gia dụng & Tiện ích,296
SP001129,Màng bọc thực phẩm PE Sunhouse 30cmx150m (Lô 18),Hộp,82500,8,Đồ gia dụng & Tiện ích,303
SP001130,Túi rác đen tự hủy sinh học Opec 3 cuộn (Lô 18),Gói,41800,8,Đồ gia dụng & Tiện ích,310
SP001131,Băng dính dán thùng trong suốt 5cm x 100y (Lô 18),Cuộn,17600,8,Đồ gia dụng & Tiện ích,317
SP001132,Pin tiểu AA Panasonic vỉ 4 viên (Lô 18),Vỉ,28600,8,Đồ gia dụng & Tiện ích,324
SP001133,Khẩu trang y tế 4 lớp kháng khuẩn hộp 50 cái (Lô 18),Hộp,38500,8,Đồ gia dụng & Tiện ích,331
SP001134,Nước rửa tay Lifebuoy hương chanh chai 450ml (Lô 18),Chai,57200,8,Đồ gia dụng & Tiện ích,338
SP001135,Coca Cola Sleek 320ml (Lô 19),Lon,12649,8,Đồ uống & Giải khát,345
SP001136,Pepsi Sleek 320ml (Lô 19),Lon,12074,8,Đồ uống & Giải khát,352
SP001137,Nước cam ép Twister 450ml (Lô 19),Chai,13799,8,Đồ uống & Giải khát,359
SP001138,Trà xanh Không Độ 455ml (Lô 19),Chai,11500,8,Đồ uống & Giải khát,366
SP001139,Trà Ô Long Tea+ Plus 455ml (Lô 19),Chai,13799,8,Đồ uống & Giải khát,373
SP001140,Nước tăng lực Red Bull 250ml (Lô 19),Lon,16099,8,Đồ uống & Giải khát,380
SP001141,Nước khoáng Lavie 500ml (Lô 19),Chai,6899,8,Đồ uống & Giải khát,387
SP001142,Nước tinh khiết Aquafina 500ml (Lô 19),Chai,6899,8,Đồ uống & Giải khát,394
SP001143,Cà phê sữa đá Highlands 235ml (Lô 19),Lon,18400,8,Đồ uống & Giải khát,401
SP001144,Bia Heineken Sleek 330ml (Lô 19),Lon,25299,10,Đồ uống & Giải khát,408
SP001145,Bia Tiger Crystal 330ml (Lô 19),Lon,22425,10,Đồ uống & Giải khát,415
SP001146,Bia Sài Gòn Special 330ml (Lô 19),Lon,18975,10,Đồ uống & Giải khát,422
SP001147,Sữa tươi tiệt trùng Vinamilk 180ml (Lô 19),Hộp,9775,0,Đồ uống & Giải khát,429
SP001148,Sữa chua uống Susu 110ml (Lô 19),Chai,7474,0,Đồ uống & Giải khát,436
SP001149,Nước ép bưởi hồng Vfresh 1L (Lô 19),Hộp,44850,8,Đồ uống & Giải khát,443
SP001150,Bánh ChocoPie Orion hộp 12 cái (Lô 19),Hộp,66700,8,Bánh kẹo & Ăn vặt,450
SP001151,Bánh Cosy mè giòn rụm Kinh Đô 288g (Lô 19),Gói,33350,8,Bánh kẹo & Ăn vặt,457
SP001152,Snack khoai tây Ostar vị tảo biển 90g (Lô 19),Gói,21850,8,Bánh kẹo & Ăn vặt,464
SP001153,Snack khoai tây Lay's tự nhiên 95g (Lô 19),Gói,24149,8,Bánh kẹo & Ăn vặt,471
SP001154,Bánh que Pocky socola Glico 40g (Lô 19),Hộp,16099,8,Bánh kẹo & Ăn vặt,478
SP001155,Kẹo dẻo Chupa Chups Sour Tubes 160g (Lô 19),Gói,27599,8,Bánh kẹo & Ăn vặt,485
SP001156,Bánh mì tươi nhân bơ sữa Kinh Đô 80g (Lô 19),Cái,10350,8,Bánh kẹo & Ăn vặt,492
SP001157,Bánh xốp Nabati phô mai 130g (Lô 19),Hộp,13799,8,Bánh kẹo & Ăn vặt,499
SP001158,Hạt điều rang muối vỏ lụa Bình Phước 500g (Lô 19),Hộp,155250,8,Bánh kẹo & Ăn vặt,56
SP001159,Hạt hướng dương Chacheer 130g (Lô 19),Gói,17250,8,Bánh kẹo & Ăn vặt,63
SP001160,Rong biển sấy vị truyền thống TaoKaeNoi 32g (Lô 19),Gói,29899,8,Bánh kẹo & Ăn vặt,70
SP001161,Nước mắm Nam Ngư Đệ Nhị chai 900ml (Lô 19),Chai,32199,8,Gia vị & Đồ nấu nướng,77
SP001162,Nước mắm Chinsu Cá Hồi chai 500ml (Lô 19),Chai,54049,8,Gia vị & Đồ nấu nướng,84
SP001163,Dầu ăn Simply đậu nành can 1L (Lô 19),Chai,67850,8,Gia vị & Đồ nấu nướng,91
SP001164,Dầu ăn Neptune Gold can 2L (Lô 19),Chai,155250,8,Gia vị & Đồ nấu nướng,98
SP001165,Hạt nêm Knorr thịt thăn xương ống 400g (Lô 19),Gói,42550,8,Gia vị & Đồ nấu nướng,105
SP001166,Bột ngọt Ajinomoto gói 454g (Lô 19),Gói,39100,8,Gia vị & Đồ nấu nướng,112
SP001167,Tương ớt Chinsu nắp bật 250g (Lô 19),Chai,17250,8,Gia vị & Đồ nấu nướng,119
SP001168,Tương cà Cholimex chai 330g (Lô 19),Chai,18400,8,Gia vị & Đồ nấu nướng,126
SP001169,Muối I-ốt Bạc Liêu túi 500g (Lô 19),Gói,6899,8,Gia vị & Đồ nấu nướng,133
SP001170,Đường tinh luyện Biên Hòa Daily 1kg (Lô 19),Gói,35650,8,Gia vị & Đồ nấu nướng,140
SP001171,Mì tôm Hảo Hảo tôm chua cay 75g (Lô 19),Gói,5175,8,Mì gói & Thực phẩm khô,147
SP001172,Mì Omachi sườn hầm ngũ quả 80g (Lô 19),Gói,9775,8,Mì gói & Thực phẩm khô,154
SP001173,Mì trộn Indomie Mi Goreng 85g (Lô 19),Gói,7474,8,Mì gói & Thực phẩm khô,161
SP001174,Phở gà Đệ Nhất Acecook 68g (Lô 19),Gói,9200,8,Mì gói & Thực phẩm khô,168
SP001175,Miến Phú Hương yến tiệc 210g (Lô 19),Gói,25299,8,Mì gói & Thực phẩm khô,175
SP001176,Cháo thịt bằm Cung Đình gói 50g (Lô 19),Gói,8049,8,Mì gói & Thực phẩm khô,182
SP001177,Cá nục sốt cà 3 Cô Gái lon 155g (Lô 19),Lon,21850,8,Mì gói & Thực phẩm khô,189
SP001178,Pate thịt heo Hạ Long lon 150g (Lô 19),Lon,31049,8,Mì gói & Thực phẩm khô,196
SP001179,Mì ly Modern lẩu thái tôm 65g (Lô 19),Ly,10925,8,Mì gói & Thực phẩm khô,203
SP001180,Nước rửa chén Sunlight chanh can 3.6kg (Lô 19),Can,125349,10,Hóa mỹ phẩm & Tẩy rửa,210
SP001181,Nước giặt OMO Matic cửa trên túi 3.6kg (Lô 19),Túi,201249,10,Hóa mỹ phẩm & Tẩy rửa,217
SP001182,Nước xả vải Comfort đậm đặc túi 3.2L (Lô 19),Túi,217349,10,Hóa mỹ phẩm & Tẩy rửa,224
SP001183,Dầu gội Clear thảo dược mát lạnh 630g (Lô 19),Chai,189749,10,Hóa mỹ phẩm & Tẩy rửa,231
SP001184,Dầu gội Pantene suôn mượt 650ml (Lô 19),Chai,178250,10,Hóa mỹ phẩm & Tẩy rửa,238
SP001185,Sữa tắm Lifebuoy bảo vệ vượt trội 800g (Lô 19),Chai,171350,10,Hóa mỹ phẩm & Tẩy rửa,245
SP001186,Kem đánh răng Colgate Total 12 180g (Lô 19),Tuýp,48299,10,Hóa mỹ phẩm & Tẩy rửa,252
SP001187,Bàn chải đánh răng P/S than tre (Lô 19),Cái,20700,10,Hóa mỹ phẩm & Tẩy rửa,259
SP001188,Nước lau sàn Sunlight hoa lily túi 3.6kg (Lô 19),Túi,97749,10,Hóa mỹ phẩm & Tẩy rửa,266
SP001189,Xịt muỗi Raid hương cam chanh 600ml (Lô 19),Chai,78200,10,Hóa mỹ phẩm & Tẩy rửa,273
SP001190,Giấy vệ sinh cuộn cao cấp Pulppy lốc 10 cuộn (Lô 19),Lốc,105799,8,Đồ gia dụng & Tiện ích,280
SP001191,Khăn giấy lụa rút Paseo 200 tờ (Lô 19),Hộp,28749,8,Đồ gia dụng & Tiện ích,287
SP001192,Màng bọc thực phẩm PE Sunhouse 30cmx150m (Lô 19),Hộp,86250,8,Đồ gia dụng & Tiện ích,294
SP001193,Túi rác đen tự hủy sinh học Opec 3 cuộn (Lô 19),Gói,43700,8,Đồ gia dụng & Tiện ích,301
SP001194,Băng dính dán thùng trong suốt 5cm x 100y (Lô 19),Cuộn,18400,8,Đồ gia dụng & Tiện ích,308
SP001195,Pin tiểu AA Panasonic vỉ 4 viên (Lô 19),Vỉ,29899,8,Đồ gia dụng & Tiện ích,315
SP001196,Khẩu trang y tế 4 lớp kháng khuẩn hộp 50 cái (Lô 19),Hộp,40250,8,Đồ gia dụng & Tiện ích,322
SP001197,Nước rửa tay Lifebuoy hương chanh chai 450ml (Lô 19),Chai,59799,8,Đồ gia dụng & Tiện ích,329
SP001198,Coca Cola Sleek 320ml (Lô 20),Lon,13200,8,Đồ uống & Giải khát,336
SP001199,Pepsi Sleek 320ml (Lô 20),Lon,12600,8,Đồ uống & Giải khát,343
SP001200,Nước cam ép Twister 450ml (Lô 20),Chai,14400,8,Đồ uống & Giải khát,350
SP001201,Trà xanh Không Độ 455ml (Lô 20),Chai,12000,8,Đồ uống & Giải khát,357
SP001202,Trà Ô Long Tea+ Plus 455ml (Lô 20),Chai,14400,8,Đồ uống & Giải khát,364
SP001203,Nước tăng lực Red Bull 250ml (Lô 20),Lon,16800,8,Đồ uống & Giải khát,371
SP001204,Nước khoáng Lavie 500ml (Lô 20),Chai,7200,8,Đồ uống & Giải khát,378
SP001205,Nước tinh khiết Aquafina 500ml (Lô 20),Chai,7200,8,Đồ uống & Giải khát,385
SP001206,Cà phê sữa đá Highlands 235ml (Lô 20),Lon,19200,8,Đồ uống & Giải khát,392
SP001207,Bia Heineken Sleek 330ml (Lô 20),Lon,26400,10,Đồ uống & Giải khát,399
SP001208,Bia Tiger Crystal 330ml (Lô 20),Lon,23400,10,Đồ uống & Giải khát,406
SP001209,Bia Sài Gòn Special 330ml (Lô 20),Lon,19800,10,Đồ uống & Giải khát,413
SP001210,Sữa tươi tiệt trùng Vinamilk 180ml (Lô 20),Hộp,10200,0,Đồ uống & Giải khát,420
SP001211,Sữa chua uống Susu 110ml (Lô 20),Chai,7800,0,Đồ uống & Giải khát,427
SP001212,Nước ép bưởi hồng Vfresh 1L (Lô 20),Hộp,46800,8,Đồ uống & Giải khát,434
SP001213,Bánh ChocoPie Orion hộp 12 cái (Lô 20),Hộp,69600,8,Bánh kẹo & Ăn vặt,441
SP001214,Bánh Cosy mè giòn rụm Kinh Đô 288g (Lô 20),Gói,34800,8,Bánh kẹo & Ăn vặt,448
SP001215,Snack khoai tây Ostar vị tảo biển 90g (Lô 20),Gói,22800,8,Bánh kẹo & Ăn vặt,455
SP001216,Snack khoai tây Lay's tự nhiên 95g (Lô 20),Gói,25200,8,Bánh kẹo & Ăn vặt,462
SP001217,Bánh que Pocky socola Glico 40g (Lô 20),Hộp,16800,8,Bánh kẹo & Ăn vặt,469
SP001218,Kẹo dẻo Chupa Chups Sour Tubes 160g (Lô 20),Gói,28800,8,Bánh kẹo & Ăn vặt,476
SP001219,Bánh mì tươi nhân bơ sữa Kinh Đô 80g (Lô 20),Cái,10800,8,Bánh kẹo & Ăn vặt,483
SP001220,Bánh xốp Nabati phô mai 130g (Lô 20),Hộp,14400,8,Bánh kẹo & Ăn vặt,490
SP001221,Hạt điều rang muối vỏ lụa Bình Phước 500g (Lô 20),Hộp,162000,8,Bánh kẹo & Ăn vặt,497
SP001222,Hạt hướng dương Chacheer 130g (Lô 20),Gói,18000,8,Bánh kẹo & Ăn vặt,54
SP001223,Rong biển sấy vị truyền thống TaoKaeNoi 32g (Lô 20),Gói,31200,8,Bánh kẹo & Ăn vặt,61
SP001224,Nước mắm Nam Ngư Đệ Nhị chai 900ml (Lô 20),Chai,33600,8,Gia vị & Đồ nấu nướng,68
SP001225,Nước mắm Chinsu Cá Hồi chai 500ml (Lô 20),Chai,56400,8,Gia vị & Đồ nấu nướng,75
SP001226,Dầu ăn Simply đậu nành can 1L (Lô 20),Chai,70800,8,Gia vị & Đồ nấu nướng,82
SP001227,Dầu ăn Neptune Gold can 2L (Lô 20),Chai,162000,8,Gia vị & Đồ nấu nướng,89
SP001228,Hạt nêm Knorr thịt thăn xương ống 400g (Lô 20),Gói,44400,8,Gia vị & Đồ nấu nướng,96
SP001229,Bột ngọt Ajinomoto gói 454g (Lô 20),Gói,40800,8,Gia vị & Đồ nấu nướng,103
SP001230,Tương ớt Chinsu nắp bật 250g (Lô 20),Chai,18000,8,Gia vị & Đồ nấu nướng,110
SP001231,Tương cà Cholimex chai 330g (Lô 20),Chai,19200,8,Gia vị & Đồ nấu nướng,117
SP001232,Muối I-ốt Bạc Liêu túi 500g (Lô 20),Gói,7200,8,Gia vị & Đồ nấu nướng,124
SP001233,Đường tinh luyện Biên Hòa Daily 1kg (Lô 20),Gói,37200,8,Gia vị & Đồ nấu nướng,131
SP001234,Mì tôm Hảo Hảo tôm chua cay 75g (Lô 20),Gói,5400,8,Mì gói & Thực phẩm khô,138
SP001235,Mì Omachi sườn hầm ngũ quả 80g (Lô 20),Gói,10200,8,Mì gói & Thực phẩm khô,145
SP001236,Mì trộn Indomie Mi Goreng 85g (Lô 20),Gói,7800,8,Mì gói & Thực phẩm khô,152
SP001237,Phở gà Đệ Nhất Acecook 68g (Lô 20),Gói,9600,8,Mì gói & Thực phẩm khô,159
SP001238,Miến Phú Hương yến tiệc 210g (Lô 20),Gói,26400,8,Mì gói & Thực phẩm khô,166
SP001239,Cháo thịt bằm Cung Đình gói 50g (Lô 20),Gói,8400,8,Mì gói & Thực phẩm khô,173
SP001240,Cá nục sốt cà 3 Cô Gái lon 155g (Lô 20),Lon,22800,8,Mì gói & Thực phẩm khô,180
SP001241,Pate thịt heo Hạ Long lon 150g (Lô 20),Lon,32400,8,Mì gói & Thực phẩm khô,187
SP001242,Mì ly Modern lẩu thái tôm 65g (Lô 20),Ly,11400,8,Mì gói & Thực phẩm khô,194
SP001243,Nước rửa chén Sunlight chanh can 3.6kg (Lô 20),Can,130800,10,Hóa mỹ phẩm & Tẩy rửa,201
SP001244,Nước giặt OMO Matic cửa trên túi 3.6kg (Lô 20),Túi,210000,10,Hóa mỹ phẩm & Tẩy rửa,208
SP001245,Nước xả vải Comfort đậm đặc túi 3.2L (Lô 20),Túi,226800,10,Hóa mỹ phẩm & Tẩy rửa,215
SP001246,Dầu gội Clear thảo dược mát lạnh 630g (Lô 20),Chai,198000,10,Hóa mỹ phẩm & Tẩy rửa,222
SP001247,Dầu gội Pantene suôn mượt 650ml (Lô 20),Chai,186000,10,Hóa mỹ phẩm & Tẩy rửa,229
SP001248,Sữa tắm Lifebuoy bảo vệ vượt trội 800g (Lô 20),Chai,178800,10,Hóa mỹ phẩm & Tẩy rửa,236
SP001249,Kem đánh răng Colgate Total 12 180g (Lô 20),Tuýp,50400,10,Hóa mỹ phẩm & Tẩy rửa,243
SP001250,Bàn chải đánh răng P/S than tre (Lô 20),Cái,21600,10,Hóa mỹ phẩm & Tẩy rửa,250
SP001251,Nước lau sàn Sunlight hoa lily túi 3.6kg (Lô 20),Túi,102000,10,Hóa mỹ phẩm & Tẩy rửa,257
SP001252,Xịt muỗi Raid hương cam chanh 600ml (Lô 20),Chai,81600,10,Hóa mỹ phẩm & Tẩy rửa,264
SP001253,Giấy vệ sinh cuộn cao cấp Pulppy lốc 10 cuộn (Lô 20),Lốc,110400,8,Đồ gia dụng & Tiện ích,271
SP001254,Khăn giấy lụa rút Paseo 200 tờ (Lô 20),Hộp,30000,8,Đồ gia dụng & Tiện ích,278
SP001255,Màng bọc thực phẩm PE Sunhouse 30cmx150m (Lô 20),Hộp,90000,8,Đồ gia dụng & Tiện ích,285
SP001256,Túi rác đen tự hủy sinh học Opec 3 cuộn (Lô 20),Gói,45600,8,Đồ gia dụng & Tiện ích,292
SP001257,Băng dính dán thùng trong suốt 5cm x 100y (Lô 20),Cuộn,19200,8,Đồ gia dụng & Tiện ích,299
SP001258,Pin tiểu AA Panasonic vỉ 4 viên (Lô 20),Vỉ,31200,8,Đồ gia dụng & Tiện ích,306
SP001259,Khẩu trang y tế 4 lớp kháng khuẩn hộp 50 cái (Lô 20),Hộp,42000,8,Đồ gia dụng & Tiện ích,313
SP001260,Nước rửa tay Lifebuoy hương chanh chai 450ml (Lô 20),Chai,62400,8,Đồ gia dụng & Tiện ích,320
SP001261,Coca Cola Sleek 320ml (Lô 21),Lon,11000,8,Đồ uống & Giải khát,327
SP001262,Pepsi Sleek 320ml (Lô 21),Lon,10500,8,Đồ uống & Giải khát,334
SP001263,Nước cam ép Twister 450ml (Lô 21),Chai,12000,8,Đồ uống & Giải khát,341
SP001264,Trà xanh Không Độ 455ml (Lô 21),Chai,10000,8,Đồ uống & Giải khát,348
SP001265,Trà Ô Long Tea+ Plus 455ml (Lô 21),Chai,12000,8,Đồ uống & Giải khát,355
SP001266,Nước tăng lực Red Bull 250ml (Lô 21),Lon,14000,8,Đồ uống & Giải khát,362
SP001267,Nước khoáng Lavie 500ml (Lô 21),Chai,6000,8,Đồ uống & Giải khát,369
SP001268,Nước tinh khiết Aquafina 500ml (Lô 21),Chai,6000,8,Đồ uống & Giải khát,376
SP001269,Cà phê sữa đá Highlands 235ml (Lô 21),Lon,16000,8,Đồ uống & Giải khát,383
SP001270,Bia Heineken Sleek 330ml (Lô 21),Lon,22000,10,Đồ uống & Giải khát,390
SP001271,Bia Tiger Crystal 330ml (Lô 21),Lon,19500,10,Đồ uống & Giải khát,397
SP001272,Bia Sài Gòn Special 330ml (Lô 21),Lon,16500,10,Đồ uống & Giải khát,404
SP001273,Sữa tươi tiệt trùng Vinamilk 180ml (Lô 21),Hộp,8500,0,Đồ uống & Giải khát,411
SP001274,Sữa chua uống Susu 110ml (Lô 21),Chai,6500,0,Đồ uống & Giải khát,418
SP001275,Nước ép bưởi hồng Vfresh 1L (Lô 21),Hộp,39000,8,Đồ uống & Giải khát,425
SP001276,Bánh ChocoPie Orion hộp 12 cái (Lô 21),Hộp,58000,8,Bánh kẹo & Ăn vặt,432
SP001277,Bánh Cosy mè giòn rụm Kinh Đô 288g (Lô 21),Gói,29000,8,Bánh kẹo & Ăn vặt,439
SP001278,Snack khoai tây Ostar vị tảo biển 90g (Lô 21),Gói,19000,8,Bánh kẹo & Ăn vặt,446
SP001279,Snack khoai tây Lay's tự nhiên 95g (Lô 21),Gói,21000,8,Bánh kẹo & Ăn vặt,453
SP001280,Bánh que Pocky socola Glico 40g (Lô 21),Hộp,14000,8,Bánh kẹo & Ăn vặt,460
SP001281,Kẹo dẻo Chupa Chups Sour Tubes 160g (Lô 21),Gói,24000,8,Bánh kẹo & Ăn vặt,467
SP001282,Bánh mì tươi nhân bơ sữa Kinh Đô 80g (Lô 21),Cái,9000,8,Bánh kẹo & Ăn vặt,474
SP001283,Bánh xốp Nabati phô mai 130g (Lô 21),Hộp,12000,8,Bánh kẹo & Ăn vặt,481
SP001284,Hạt điều rang muối vỏ lụa Bình Phước 500g (Lô 21),Hộp,135000,8,Bánh kẹo & Ăn vặt,488
SP001285,Hạt hướng dương Chacheer 130g (Lô 21),Gói,15000,8,Bánh kẹo & Ăn vặt,495
SP001286,Rong biển sấy vị truyền thống TaoKaeNoi 32g (Lô 21),Gói,26000,8,Bánh kẹo & Ăn vặt,52
SP001287,Nước mắm Nam Ngư Đệ Nhị chai 900ml (Lô 21),Chai,28000,8,Gia vị & Đồ nấu nướng,59
SP001288,Nước mắm Chinsu Cá Hồi chai 500ml (Lô 21),Chai,47000,8,Gia vị & Đồ nấu nướng,66
SP001289,Dầu ăn Simply đậu nành can 1L (Lô 21),Chai,59000,8,Gia vị & Đồ nấu nướng,73
SP001290,Dầu ăn Neptune Gold can 2L (Lô 21),Chai,135000,8,Gia vị & Đồ nấu nướng,80
SP001291,Hạt nêm Knorr thịt thăn xương ống 400g (Lô 21),Gói,37000,8,Gia vị & Đồ nấu nướng,87
SP001292,Bột ngọt Ajinomoto gói 454g (Lô 21),Gói,34000,8,Gia vị & Đồ nấu nướng,94
SP001293,Tương ớt Chinsu nắp bật 250g (Lô 21),Chai,15000,8,Gia vị & Đồ nấu nướng,101
SP001294,Tương cà Cholimex chai 330g (Lô 21),Chai,16000,8,Gia vị & Đồ nấu nướng,108
SP001295,Muối I-ốt Bạc Liêu túi 500g (Lô 21),Gói,6000,8,Gia vị & Đồ nấu nướng,115
SP001296,Đường tinh luyện Biên Hòa Daily 1kg (Lô 21),Gói,31000,8,Gia vị & Đồ nấu nướng,122
SP001297,Mì tôm Hảo Hảo tôm chua cay 75g (Lô 21),Gói,4500,8,Mì gói & Thực phẩm khô,129
SP001298,Mì Omachi sườn hầm ngũ quả 80g (Lô 21),Gói,8500,8,Mì gói & Thực phẩm khô,136
SP001299,Mì trộn Indomie Mi Goreng 85g (Lô 21),Gói,6500,8,Mì gói & Thực phẩm khô,143
SP001300,Phở gà Đệ Nhất Acecook 68g (Lô 21),Gói,8000,8,Mì gói & Thực phẩm khô,150
SP001301,Miến Phú Hương yến tiệc 210g (Lô 21),Gói,22000,8,Mì gói & Thực phẩm khô,157
SP001302,Cháo thịt bằm Cung Đình gói 50g (Lô 21),Gói,7000,8,Mì gói & Thực phẩm khô,164
SP001303,Cá nục sốt cà 3 Cô Gái lon 155g (Lô 21),Lon,19000,8,Mì gói & Thực phẩm khô,171
SP001304,Pate thịt heo Hạ Long lon 150g (Lô 21),Lon,27000,8,Mì gói & Thực phẩm khô,178
SP001305,Mì ly Modern lẩu thái tôm 65g (Lô 21),Ly,9500,8,Mì gói & Thực phẩm khô,185
SP001306,Nước rửa chén Sunlight chanh can 3.6kg (Lô 21),Can,109000,10,Hóa mỹ phẩm & Tẩy rửa,192
SP001307,Nước giặt OMO Matic cửa trên túi 3.6kg (Lô 21),Túi,175000,10,Hóa mỹ phẩm & Tẩy rửa,199
SP001308,Nước xả vải Comfort đậm đặc túi 3.2L (Lô 21),Túi,189000,10,Hóa mỹ phẩm & Tẩy rửa,206
SP001309,Dầu gội Clear thảo dược mát lạnh 630g (Lô 21),Chai,165000,10,Hóa mỹ phẩm & Tẩy rửa,213
SP001310,Dầu gội Pantene suôn mượt 650ml (Lô 21),Chai,155000,10,Hóa mỹ phẩm & Tẩy rửa,220
SP001311,Sữa tắm Lifebuoy bảo vệ vượt trội 800g (Lô 21),Chai,149000,10,Hóa mỹ phẩm & Tẩy rửa,227
SP001312,Kem đánh răng Colgate Total 12 180g (Lô 21),Tuýp,42000,10,Hóa mỹ phẩm & Tẩy rửa,234
SP001313,Bàn chải đánh răng P/S than tre (Lô 21),Cái,18000,10,Hóa mỹ phẩm & Tẩy rửa,241
SP001314,Nước lau sàn Sunlight hoa lily túi 3.6kg (Lô 21),Túi,85000,10,Hóa mỹ phẩm & Tẩy rửa,248
SP001315,Xịt muỗi Raid hương cam chanh 600ml (Lô 21),Chai,68000,10,Hóa mỹ phẩm & Tẩy rửa,255
SP001316,Giấy vệ sinh cuộn cao cấp Pulppy lốc 10 cuộn (Lô 21),Lốc,92000,8,Đồ gia dụng & Tiện ích,262
SP001317,Khăn giấy lụa rút Paseo 200 tờ (Lô 21),Hộp,25000,8,Đồ gia dụng & Tiện ích,269
SP001318,Màng bọc thực phẩm PE Sunhouse 30cmx150m (Lô 21),Hộp,75000,8,Đồ gia dụng & Tiện ích,276
SP001319,Túi rác đen tự hủy sinh học Opec 3 cuộn (Lô 21),Gói,38000,8,Đồ gia dụng & Tiện ích,283
SP001320,Băng dính dán thùng trong suốt 5cm x 100y (Lô 21),Cuộn,16000,8,Đồ gia dụng & Tiện ích,290
SP001321,Pin tiểu AA Panasonic vỉ 4 viên (Lô 21),Vỉ,26000,8,Đồ gia dụng & Tiện ích,297
SP001322,Khẩu trang y tế 4 lớp kháng khuẩn hộp 50 cái (Lô 21),Hộp,35000,8,Đồ gia dụng & Tiện ích,304
SP001323,Nước rửa tay Lifebuoy hương chanh chai 450ml (Lô 21),Chai,52000,8,Đồ gia dụng & Tiện ích,311
SP001324,Coca Cola Sleek 320ml (Lô 22),Lon,11550,8,Đồ uống & Giải khát,318
SP001325,Pepsi Sleek 320ml (Lô 22),Lon,11025,8,Đồ uống & Giải khát,325
SP001326,Nước cam ép Twister 450ml (Lô 22),Chai,12600,8,Đồ uống & Giải khát,332
SP001327,Trà xanh Không Độ 455ml (Lô 22),Chai,10500,8,Đồ uống & Giải khát,339
SP001328,Trà Ô Long Tea+ Plus 455ml (Lô 22),Chai,12600,8,Đồ uống & Giải khát,346
SP001329,Nước tăng lực Red Bull 250ml (Lô 22),Lon,14700,8,Đồ uống & Giải khát,353
SP001330,Nước khoáng Lavie 500ml (Lô 22),Chai,6300,8,Đồ uống & Giải khát,360
SP001331,Nước tinh khiết Aquafina 500ml (Lô 22),Chai,6300,8,Đồ uống & Giải khát,367
SP001332,Cà phê sữa đá Highlands 235ml (Lô 22),Lon,16800,8,Đồ uống & Giải khát,374
SP001333,Bia Heineken Sleek 330ml (Lô 22),Lon,23100,10,Đồ uống & Giải khát,381
SP001334,Bia Tiger Crystal 330ml (Lô 22),Lon,20475,10,Đồ uống & Giải khát,388
SP001335,Bia Sài Gòn Special 330ml (Lô 22),Lon,17325,10,Đồ uống & Giải khát,395
SP001336,Sữa tươi tiệt trùng Vinamilk 180ml (Lô 22),Hộp,8925,0,Đồ uống & Giải khát,402
SP001337,Sữa chua uống Susu 110ml (Lô 22),Chai,6825,0,Đồ uống & Giải khát,409
SP001338,Nước ép bưởi hồng Vfresh 1L (Lô 22),Hộp,40950,8,Đồ uống & Giải khát,416
SP001339,Bánh ChocoPie Orion hộp 12 cái (Lô 22),Hộp,60900,8,Bánh kẹo & Ăn vặt,423
SP001340,Bánh Cosy mè giòn rụm Kinh Đô 288g (Lô 22),Gói,30450,8,Bánh kẹo & Ăn vặt,430
SP001341,Snack khoai tây Ostar vị tảo biển 90g (Lô 22),Gói,19950,8,Bánh kẹo & Ăn vặt,437
SP001342,Snack khoai tây Lay's tự nhiên 95g (Lô 22),Gói,22050,8,Bánh kẹo & Ăn vặt,444
SP001343,Bánh que Pocky socola Glico 40g (Lô 22),Hộp,14700,8,Bánh kẹo & Ăn vặt,451
SP001344,Kẹo dẻo Chupa Chups Sour Tubes 160g (Lô 22),Gói,25200,8,Bánh kẹo & Ăn vặt,458
SP001345,Bánh mì tươi nhân bơ sữa Kinh Đô 80g (Lô 22),Cái,9450,8,Bánh kẹo & Ăn vặt,465
SP001346,Bánh xốp Nabati phô mai 130g (Lô 22),Hộp,12600,8,Bánh kẹo & Ăn vặt,472
SP001347,Hạt điều rang muối vỏ lụa Bình Phước 500g (Lô 22),Hộp,141750,8,Bánh kẹo & Ăn vặt,479
SP001348,Hạt hướng dương Chacheer 130g (Lô 22),Gói,15750,8,Bánh kẹo & Ăn vặt,486
SP001349,Rong biển sấy vị truyền thống TaoKaeNoi 32g (Lô 22),Gói,27300,8,Bánh kẹo & Ăn vặt,493
SP001350,Nước mắm Nam Ngư Đệ Nhị chai 900ml (Lô 22),Chai,29400,8,Gia vị & Đồ nấu nướng,50
SP001351,Nước mắm Chinsu Cá Hồi chai 500ml (Lô 22),Chai,49350,8,Gia vị & Đồ nấu nướng,57
SP001352,Dầu ăn Simply đậu nành can 1L (Lô 22),Chai,61950,8,Gia vị & Đồ nấu nướng,64
SP001353,Dầu ăn Neptune Gold can 2L (Lô 22),Chai,141750,8,Gia vị & Đồ nấu nướng,71
SP001354,Hạt nêm Knorr thịt thăn xương ống 400g (Lô 22),Gói,38850,8,Gia vị & Đồ nấu nướng,78
SP001355,Bột ngọt Ajinomoto gói 454g (Lô 22),Gói,35700,8,Gia vị & Đồ nấu nướng,85
SP001356,Tương ớt Chinsu nắp bật 250g (Lô 22),Chai,15750,8,Gia vị & Đồ nấu nướng,92
SP001357,Tương cà Cholimex chai 330g (Lô 22),Chai,16800,8,Gia vị & Đồ nấu nướng,99
SP001358,Muối I-ốt Bạc Liêu túi 500g (Lô 22),Gói,6300,8,Gia vị & Đồ nấu nướng,106
SP001359,Đường tinh luyện Biên Hòa Daily 1kg (Lô 22),Gói,32550,8,Gia vị & Đồ nấu nướng,113
SP001360,Mì tôm Hảo Hảo tôm chua cay 75g (Lô 22),Gói,4725,8,Mì gói & Thực phẩm khô,120
SP001361,Mì Omachi sườn hầm ngũ quả 80g (Lô 22),Gói,8925,8,Mì gói & Thực phẩm khô,127
SP001362,Mì trộn Indomie Mi Goreng 85g (Lô 22),Gói,6825,8,Mì gói & Thực phẩm khô,134
SP001363,Phở gà Đệ Nhất Acecook 68g (Lô 22),Gói,8400,8,Mì gói & Thực phẩm khô,141
SP001364,Miến Phú Hương yến tiệc 210g (Lô 22),Gói,23100,8,Mì gói & Thực phẩm khô,148
SP001365,Cháo thịt bằm Cung Đình gói 50g (Lô 22),Gói,7350,8,Mì gói & Thực phẩm khô,155
SP001366,Cá nục sốt cà 3 Cô Gái lon 155g (Lô 22),Lon,19950,8,Mì gói & Thực phẩm khô,162
SP001367,Pate thịt heo Hạ Long lon 150g (Lô 22),Lon,28350,8,Mì gói & Thực phẩm khô,169
SP001368,Mì ly Modern lẩu thái tôm 65g (Lô 22),Ly,9975,8,Mì gói & Thực phẩm khô,176
SP001369,Nước rửa chén Sunlight chanh can 3.6kg (Lô 22),Can,114450,10,Hóa mỹ phẩm & Tẩy rửa,183
SP001370,Nước giặt OMO Matic cửa trên túi 3.6kg (Lô 22),Túi,183750,10,Hóa mỹ phẩm & Tẩy rửa,190
SP001371,Nước xả vải Comfort đậm đặc túi 3.2L (Lô 22),Túi,198450,10,Hóa mỹ phẩm & Tẩy rửa,197
SP001372,Dầu gội Clear thảo dược mát lạnh 630g (Lô 22),Chai,173250,10,Hóa mỹ phẩm & Tẩy rửa,204
SP001373,Dầu gội Pantene suôn mượt 650ml (Lô 22),Chai,162750,10,Hóa mỹ phẩm & Tẩy rửa,211
SP001374,Sữa tắm Lifebuoy bảo vệ vượt trội 800g (Lô 22),Chai,156450,10,Hóa mỹ phẩm & Tẩy rửa,218
SP001375,Kem đánh răng Colgate Total 12 180g (Lô 22),Tuýp,44100,10,Hóa mỹ phẩm & Tẩy rửa,225
SP001376,Bàn chải đánh răng P/S than tre (Lô 22),Cái,18900,10,Hóa mỹ phẩm & Tẩy rửa,232
SP001377,Nước lau sàn Sunlight hoa lily túi 3.6kg (Lô 22),Túi,89250,10,Hóa mỹ phẩm & Tẩy rửa,239
SP001378,Xịt muỗi Raid hương cam chanh 600ml (Lô 22),Chai,71400,10,Hóa mỹ phẩm & Tẩy rửa,246
SP001379,Giấy vệ sinh cuộn cao cấp Pulppy lốc 10 cuộn (Lô 22),Lốc,96600,8,Đồ gia dụng & Tiện ích,253
SP001380,Khăn giấy lụa rút Paseo 200 tờ (Lô 22),Hộp,26250,8,Đồ gia dụng & Tiện ích,260
SP001381,Màng bọc thực phẩm PE Sunhouse 30cmx150m (Lô 22),Hộp,78750,8,Đồ gia dụng & Tiện ích,267
SP001382,Túi rác đen tự hủy sinh học Opec 3 cuộn (Lô 22),Gói,39900,8,Đồ gia dụng & Tiện ích,274
SP001383,Băng dính dán thùng trong suốt 5cm x 100y (Lô 22),Cuộn,16800,8,Đồ gia dụng & Tiện ích,281
SP001384,Pin tiểu AA Panasonic vỉ 4 viên (Lô 22),Vỉ,27300,8,Đồ gia dụng & Tiện ích,288
SP001385,Khẩu trang y tế 4 lớp kháng khuẩn hộp 50 cái (Lô 22),Hộp,36750,8,Đồ gia dụng & Tiện ích,295
SP001386,Nước rửa tay Lifebuoy hương chanh chai 450ml (Lô 22),Chai,54600,8,Đồ gia dụng & Tiện ích,302
SP001387,Coca Cola Sleek 320ml (Lô 23),Lon,12100,8,Đồ uống & Giải khát,309
SP001388,Pepsi Sleek 320ml (Lô 23),Lon,11550,8,Đồ uống & Giải khát,316
SP001389,Nước cam ép Twister 450ml (Lô 23),Chai,13200,8,Đồ uống & Giải khát,323
SP001390,Trà xanh Không Độ 455ml (Lô 23),Chai,11000,8,Đồ uống & Giải khát,330
SP001391,Trà Ô Long Tea+ Plus 455ml (Lô 23),Chai,13200,8,Đồ uống & Giải khát,337
SP001392,Nước tăng lực Red Bull 250ml (Lô 23),Lon,15400,8,Đồ uống & Giải khát,344
SP001393,Nước khoáng Lavie 500ml (Lô 23),Chai,6600,8,Đồ uống & Giải khát,351
SP001394,Nước tinh khiết Aquafina 500ml (Lô 23),Chai,6600,8,Đồ uống & Giải khát,358
SP001395,Cà phê sữa đá Highlands 235ml (Lô 23),Lon,17600,8,Đồ uống & Giải khát,365
SP001396,Bia Heineken Sleek 330ml (Lô 23),Lon,24200,10,Đồ uống & Giải khát,372
SP001397,Bia Tiger Crystal 330ml (Lô 23),Lon,21450,10,Đồ uống & Giải khát,379
SP001398,Bia Sài Gòn Special 330ml (Lô 23),Lon,18150,10,Đồ uống & Giải khát,386
SP001399,Sữa tươi tiệt trùng Vinamilk 180ml (Lô 23),Hộp,9350,0,Đồ uống & Giải khát,393
SP001400,Sữa chua uống Susu 110ml (Lô 23),Chai,7150,0,Đồ uống & Giải khát,400
SP001401,Nước ép bưởi hồng Vfresh 1L (Lô 23),Hộp,42900,8,Đồ uống & Giải khát,407
SP001402,Bánh ChocoPie Orion hộp 12 cái (Lô 23),Hộp,63800,8,Bánh kẹo & Ăn vặt,414
SP001403,Bánh Cosy mè giòn rụm Kinh Đô 288g (Lô 23),Gói,31900,8,Bánh kẹo & Ăn vặt,421
SP001404,Snack khoai tây Ostar vị tảo biển 90g (Lô 23),Gói,20900,8,Bánh kẹo & Ăn vặt,428
SP001405,Snack khoai tây Lay's tự nhiên 95g (Lô 23),Gói,23100,8,Bánh kẹo & Ăn vặt,435
SP001406,Bánh que Pocky socola Glico 40g (Lô 23),Hộp,15400,8,Bánh kẹo & Ăn vặt,442
SP001407,Kẹo dẻo Chupa Chups Sour Tubes 160g (Lô 23),Gói,26400,8,Bánh kẹo & Ăn vặt,449
SP001408,Bánh mì tươi nhân bơ sữa Kinh Đô 80g (Lô 23),Cái,9900,8,Bánh kẹo & Ăn vặt,456
SP001409,Bánh xốp Nabati phô mai 130g (Lô 23),Hộp,13200,8,Bánh kẹo & Ăn vặt,463
SP001410,Hạt điều rang muối vỏ lụa Bình Phước 500g (Lô 23),Hộp,148500,8,Bánh kẹo & Ăn vặt,470
SP001411,Hạt hướng dương Chacheer 130g (Lô 23),Gói,16500,8,Bánh kẹo & Ăn vặt,477
SP001412,Rong biển sấy vị truyền thống TaoKaeNoi 32g (Lô 23),Gói,28600,8,Bánh kẹo & Ăn vặt,484
SP001413,Nước mắm Nam Ngư Đệ Nhị chai 900ml (Lô 23),Chai,30800,8,Gia vị & Đồ nấu nướng,491
SP001414,Nước mắm Chinsu Cá Hồi chai 500ml (Lô 23),Chai,51700,8,Gia vị & Đồ nấu nướng,498
SP001415,Dầu ăn Simply đậu nành can 1L (Lô 23),Chai,64900,8,Gia vị & Đồ nấu nướng,55
SP001416,Dầu ăn Neptune Gold can 2L (Lô 23),Chai,148500,8,Gia vị & Đồ nấu nướng,62
SP001417,Hạt nêm Knorr thịt thăn xương ống 400g (Lô 23),Gói,40700,8,Gia vị & Đồ nấu nướng,69
SP001418,Bột ngọt Ajinomoto gói 454g (Lô 23),Gói,37400,8,Gia vị & Đồ nấu nướng,76
SP001419,Tương ớt Chinsu nắp bật 250g (Lô 23),Chai,16500,8,Gia vị & Đồ nấu nướng,83
SP001420,Tương cà Cholimex chai 330g (Lô 23),Chai,17600,8,Gia vị & Đồ nấu nướng,90
SP001421,Muối I-ốt Bạc Liêu túi 500g (Lô 23),Gói,6600,8,Gia vị & Đồ nấu nướng,97
SP001422,Đường tinh luyện Biên Hòa Daily 1kg (Lô 23),Gói,34100,8,Gia vị & Đồ nấu nướng,104
SP001423,Mì tôm Hảo Hảo tôm chua cay 75g (Lô 23),Gói,4950,8,Mì gói & Thực phẩm khô,111
SP001424,Mì Omachi sườn hầm ngũ quả 80g (Lô 23),Gói,9350,8,Mì gói & Thực phẩm khô,118
SP001425,Mì trộn Indomie Mi Goreng 85g (Lô 23),Gói,7150,8,Mì gói & Thực phẩm khô,125
SP001426,Phở gà Đệ Nhất Acecook 68g (Lô 23),Gói,8800,8,Mì gói & Thực phẩm khô,132
SP001427,Miến Phú Hương yến tiệc 210g (Lô 23),Gói,24200,8,Mì gói & Thực phẩm khô,139
SP001428,Cháo thịt bằm Cung Đình gói 50g (Lô 23),Gói,7700,8,Mì gói & Thực phẩm khô,146
SP001429,Cá nục sốt cà 3 Cô Gái lon 155g (Lô 23),Lon,20900,8,Mì gói & Thực phẩm khô,153
SP001430,Pate thịt heo Hạ Long lon 150g (Lô 23),Lon,29700,8,Mì gói & Thực phẩm khô,160
SP001431,Mì ly Modern lẩu thái tôm 65g (Lô 23),Ly,10450,8,Mì gói & Thực phẩm khô,167
SP001432,Nước rửa chén Sunlight chanh can 3.6kg (Lô 23),Can,119900,10,Hóa mỹ phẩm & Tẩy rửa,174
SP001433,Nước giặt OMO Matic cửa trên túi 3.6kg (Lô 23),Túi,192500,10,Hóa mỹ phẩm & Tẩy rửa,181
SP001434,Nước xả vải Comfort đậm đặc túi 3.2L (Lô 23),Túi,207900,10,Hóa mỹ phẩm & Tẩy rửa,188
SP001435,Dầu gội Clear thảo dược mát lạnh 630g (Lô 23),Chai,181500,10,Hóa mỹ phẩm & Tẩy rửa,195
SP001436,Dầu gội Pantene suôn mượt 650ml (Lô 23),Chai,170500,10,Hóa mỹ phẩm & Tẩy rửa,202
SP001437,Sữa tắm Lifebuoy bảo vệ vượt trội 800g (Lô 23),Chai,163900,10,Hóa mỹ phẩm & Tẩy rửa,209
SP001438,Kem đánh răng Colgate Total 12 180g (Lô 23),Tuýp,46200,10,Hóa mỹ phẩm & Tẩy rửa,216
SP001439,Bàn chải đánh răng P/S than tre (Lô 23),Cái,19800,10,Hóa mỹ phẩm & Tẩy rửa,223
SP001440,Nước lau sàn Sunlight hoa lily túi 3.6kg (Lô 23),Túi,93500,10,Hóa mỹ phẩm & Tẩy rửa,230
SP001441,Xịt muỗi Raid hương cam chanh 600ml (Lô 23),Chai,74800,10,Hóa mỹ phẩm & Tẩy rửa,237
SP001442,Giấy vệ sinh cuộn cao cấp Pulppy lốc 10 cuộn (Lô 23),Lốc,101200,8,Đồ gia dụng & Tiện ích,244
SP001443,Khăn giấy lụa rút Paseo 200 tờ (Lô 23),Hộp,27500,8,Đồ gia dụng & Tiện ích,251
SP001444,Màng bọc thực phẩm PE Sunhouse 30cmx150m (Lô 23),Hộp,82500,8,Đồ gia dụng & Tiện ích,258
SP001445,Túi rác đen tự hủy sinh học Opec 3 cuộn (Lô 23),Gói,41800,8,Đồ gia dụng & Tiện ích,265
SP001446,Băng dính dán thùng trong suốt 5cm x 100y (Lô 23),Cuộn,17600,8,Đồ gia dụng & Tiện ích,272
SP001447,Pin tiểu AA Panasonic vỉ 4 viên (Lô 23),Vỉ,28600,8,Đồ gia dụng & Tiện ích,279
SP001448,Khẩu trang y tế 4 lớp kháng khuẩn hộp 50 cái (Lô 23),Hộp,38500,8,Đồ gia dụng & Tiện ích,286
SP001449,Nước rửa tay Lifebuoy hương chanh chai 450ml (Lô 23),Chai,57200,8,Đồ gia dụng & Tiện ích,293
SP001450,Coca Cola Sleek 320ml (Lô 24),Lon,12649,8,Đồ uống & Giải khát,300
SP001451,Pepsi Sleek 320ml (Lô 24),Lon,12074,8,Đồ uống & Giải khát,307
SP001452,Nước cam ép Twister 450ml (Lô 24),Chai,13799,8,Đồ uống & Giải khát,314
SP001453,Trà xanh Không Độ 455ml (Lô 24),Chai,11500,8,Đồ uống & Giải khát,321
SP001454,Trà Ô Long Tea+ Plus 455ml (Lô 24),Chai,13799,8,Đồ uống & Giải khát,328
SP001455,Nước tăng lực Red Bull 250ml (Lô 24),Lon,16099,8,Đồ uống & Giải khát,335
SP001456,Nước khoáng Lavie 500ml (Lô 24),Chai,6899,8,Đồ uống & Giải khát,342
SP001457,Nước tinh khiết Aquafina 500ml (Lô 24),Chai,6899,8,Đồ uống & Giải khát,349
SP001458,Cà phê sữa đá Highlands 235ml (Lô 24),Lon,18400,8,Đồ uống & Giải khát,356
SP001459,Bia Heineken Sleek 330ml (Lô 24),Lon,25299,10,Đồ uống & Giải khát,363
SP001460,Bia Tiger Crystal 330ml (Lô 24),Lon,22425,10,Đồ uống & Giải khát,370
SP001461,Bia Sài Gòn Special 330ml (Lô 24),Lon,18975,10,Đồ uống & Giải khát,377
SP001462,Sữa tươi tiệt trùng Vinamilk 180ml (Lô 24),Hộp,9775,0,Đồ uống & Giải khát,384
SP001463,Sữa chua uống Susu 110ml (Lô 24),Chai,7474,0,Đồ uống & Giải khát,391
SP001464,Nước ép bưởi hồng Vfresh 1L (Lô 24),Hộp,44850,8,Đồ uống & Giải khát,398
SP001465,Bánh ChocoPie Orion hộp 12 cái (Lô 24),Hộp,66700,8,Bánh kẹo & Ăn vặt,405
SP001466,Bánh Cosy mè giòn rụm Kinh Đô 288g (Lô 24),Gói,33350,8,Bánh kẹo & Ăn vặt,412
SP001467,Snack khoai tây Ostar vị tảo biển 90g (Lô 24),Gói,21850,8,Bánh kẹo & Ăn vặt,419
SP001468,Snack khoai tây Lay's tự nhiên 95g (Lô 24),Gói,24149,8,Bánh kẹo & Ăn vặt,426
SP001469,Bánh que Pocky socola Glico 40g (Lô 24),Hộp,16099,8,Bánh kẹo & Ăn vặt,433
SP001470,Kẹo dẻo Chupa Chups Sour Tubes 160g (Lô 24),Gói,27599,8,Bánh kẹo & Ăn vặt,440
SP001471,Bánh mì tươi nhân bơ sữa Kinh Đô 80g (Lô 24),Cái,10350,8,Bánh kẹo & Ăn vặt,447
SP001472,Bánh xốp Nabati phô mai 130g (Lô 24),Hộp,13799,8,Bánh kẹo & Ăn vặt,454
SP001473,Hạt điều rang muối vỏ lụa Bình Phước 500g (Lô 24),Hộp,155250,8,Bánh kẹo & Ăn vặt,461
SP001474,Hạt hướng dương Chacheer 130g (Lô 24),Gói,17250,8,Bánh kẹo & Ăn vặt,468
SP001475,Rong biển sấy vị truyền thống TaoKaeNoi 32g (Lô 24),Gói,29899,8,Bánh kẹo & Ăn vặt,475
SP001476,Nước mắm Nam Ngư Đệ Nhị chai 900ml (Lô 24),Chai,32199,8,Gia vị & Đồ nấu nướng,482
SP001477,Nước mắm Chinsu Cá Hồi chai 500ml (Lô 24),Chai,54049,8,Gia vị & Đồ nấu nướng,489
SP001478,Dầu ăn Simply đậu nành can 1L (Lô 24),Chai,67850,8,Gia vị & Đồ nấu nướng,496
SP001479,Dầu ăn Neptune Gold can 2L (Lô 24),Chai,155250,8,Gia vị & Đồ nấu nướng,53
SP001480,Hạt nêm Knorr thịt thăn xương ống 400g (Lô 24),Gói,42550,8,Gia vị & Đồ nấu nướng,60
SP001481,Bột ngọt Ajinomoto gói 454g (Lô 24),Gói,39100,8,Gia vị & Đồ nấu nướng,67
SP001482,Tương ớt Chinsu nắp bật 250g (Lô 24),Chai,17250,8,Gia vị & Đồ nấu nướng,74
SP001483,Tương cà Cholimex chai 330g (Lô 24),Chai,18400,8,Gia vị & Đồ nấu nướng,81
SP001484,Muối I-ốt Bạc Liêu túi 500g (Lô 24),Gói,6899,8,Gia vị & Đồ nấu nướng,88
SP001485,Đường tinh luyện Biên Hòa Daily 1kg (Lô 24),Gói,35650,8,Gia vị & Đồ nấu nướng,95
SP001486,Mì tôm Hảo Hảo tôm chua cay 75g (Lô 24),Gói,5175,8,Mì gói & Thực phẩm khô,102
SP001487,Mì Omachi sườn hầm ngũ quả 80g (Lô 24),Gói,9775,8,Mì gói & Thực phẩm khô,109
SP001488,Mì trộn Indomie Mi Goreng 85g (Lô 24),Gói,7474,8,Mì gói & Thực phẩm khô,116
SP001489,Phở gà Đệ Nhất Acecook 68g (Lô 24),Gói,9200,8,Mì gói & Thực phẩm khô,123
SP001490,Miến Phú Hương yến tiệc 210g (Lô 24),Gói,25299,8,Mì gói & Thực phẩm khô,130
SP001491,Cháo thịt bằm Cung Đình gói 50g (Lô 24),Gói,8049,8,Mì gói & Thực phẩm khô,137
SP001492,Cá nục sốt cà 3 Cô Gái lon 155g (Lô 24),Lon,21850,8,Mì gói & Thực phẩm khô,144
SP001493,Pate thịt heo Hạ Long lon 150g (Lô 24),Lon,31049,8,Mì gói & Thực phẩm khô,151
SP001494,Mì ly Modern lẩu thái tôm 65g (Lô 24),Ly,10925,8,Mì gói & Thực phẩm khô,158
SP001495,Nước rửa chén Sunlight chanh can 3.6kg (Lô 24),Can,125349,10,Hóa mỹ phẩm & Tẩy rửa,165
SP001496,Nước giặt OMO Matic cửa trên túi 3.6kg (Lô 24),Túi,201249,10,Hóa mỹ phẩm & Tẩy rửa,172
SP001497,Nước xả vải Comfort đậm đặc túi 3.2L (Lô 24),Túi,217349,10,Hóa mỹ phẩm & Tẩy rửa,179
SP001498,Dầu gội Clear thảo dược mát lạnh 630g (Lô 24),Chai,189749,10,Hóa mỹ phẩm & Tẩy rửa,186
SP001499,Dầu gội Pantene suôn mượt 650ml (Lô 24),Chai,178250,10,Hóa mỹ phẩm & Tẩy rửa,193
SP001500,Sữa tắm Lifebuoy bảo vệ vượt trội 800g (Lô 24),Chai,171350,10,Hóa mỹ phẩm & Tẩy rửa,200
SP001501,Kem đánh răng Colgate Total 12 180g (Lô 24),Tuýp,48299,10,Hóa mỹ phẩm & Tẩy rửa,207
SP001502,Bàn chải đánh răng P/S than tre (Lô 24),Cái,20700,10,Hóa mỹ phẩm & Tẩy rửa,214
SP001503,Nước lau sàn Sunlight hoa lily túi 3.6kg (Lô 24),Túi,97749,10,Hóa mỹ phẩm & Tẩy rửa,221
SP001504,Xịt muỗi Raid hương cam chanh 600ml (Lô 24),Chai,78200,10,Hóa mỹ phẩm & Tẩy rửa,228
SP001505,Giấy vệ sinh cuộn cao cấp Pulppy lốc 10 cuộn (Lô 24),Lốc,105799,8,Đồ gia dụng & Tiện ích,235
SP001506,Khăn giấy lụa rút Paseo 200 tờ (Lô 24),Hộp,28749,8,Đồ gia dụng & Tiện ích,242
SP001507,Màng bọc thực phẩm PE Sunhouse 30cmx150m (Lô 24),Hộp,86250,8,Đồ gia dụng & Tiện ích,249
SP001508,Túi rác đen tự hủy sinh học Opec 3 cuộn (Lô 24),Gói,43700,8,Đồ gia dụng & Tiện ích,256
SP001509,Băng dính dán thùng trong suốt 5cm x 100y (Lô 24),Cuộn,18400,8,Đồ gia dụng & Tiện ích,263
SP001510,Pin tiểu AA Panasonic vỉ 4 viên (Lô 24),Vỉ,29899,8,Đồ gia dụng & Tiện ích,270
SP001511,Khẩu trang y tế 4 lớp kháng khuẩn hộp 50 cái (Lô 24),Hộp,40250,8,Đồ gia dụng & Tiện ích,277
SP001512,Nước rửa tay Lifebuoy hương chanh chai 450ml (Lô 24),Chai,59799,8,Đồ gia dụng & Tiện ích,284
SP001513,Coca Cola Sleek 320ml (Lô 25),Lon,13200,8,Đồ uống & Giải khát,291
SP001514,Pepsi Sleek 320ml (Lô 25),Lon,12600,8,Đồ uống & Giải khát,298
SP001515,Nước cam ép Twister 450ml (Lô 25),Chai,14400,8,Đồ uống & Giải khát,305
SP001516,Trà xanh Không Độ 455ml (Lô 25),Chai,12000,8,Đồ uống & Giải khát,312
SP001517,Trà Ô Long Tea+ Plus 455ml (Lô 25),Chai,14400,8,Đồ uống & Giải khát,319
SP001518,Nước tăng lực Red Bull 250ml (Lô 25),Lon,16800,8,Đồ uống & Giải khát,326
SP001519,Nước khoáng Lavie 500ml (Lô 25),Chai,7200,8,Đồ uống & Giải khát,333
SP001520,Nước tinh khiết Aquafina 500ml (Lô 25),Chai,7200,8,Đồ uống & Giải khát,340
SP001521,Cà phê sữa đá Highlands 235ml (Lô 25),Lon,19200,8,Đồ uống & Giải khát,347
SP001522,Bia Heineken Sleek 330ml (Lô 25),Lon,26400,10,Đồ uống & Giải khát,354
SP001523,Bia Tiger Crystal 330ml (Lô 25),Lon,23400,10,Đồ uống & Giải khát,361
SP001524,Bia Sài Gòn Special 330ml (Lô 25),Lon,19800,10,Đồ uống & Giải khát,368
SP001525,Sữa tươi tiệt trùng Vinamilk 180ml (Lô 25),Hộp,10200,0,Đồ uống & Giải khát,375
SP001526,Sữa chua uống Susu 110ml (Lô 25),Chai,7800,0,Đồ uống & Giải khát,382
SP001527,Nước ép bưởi hồng Vfresh 1L (Lô 25),Hộp,46800,8,Đồ uống & Giải khát,389
SP001528,Bánh ChocoPie Orion hộp 12 cái (Lô 25),Hộp,69600,8,Bánh kẹo & Ăn vặt,396
SP001529,Bánh Cosy mè giòn rụm Kinh Đô 288g (Lô 25),Gói,34800,8,Bánh kẹo & Ăn vặt,403
SP001530,Snack khoai tây Ostar vị tảo biển 90g (Lô 25),Gói,22800,8,Bánh kẹo & Ăn vặt,410
SP001531,Snack khoai tây Lay's tự nhiên 95g (Lô 25),Gói,25200,8,Bánh kẹo & Ăn vặt,417
SP001532,Bánh que Pocky socola Glico 40g (Lô 25),Hộp,16800,8,Bánh kẹo & Ăn vặt,424
SP001533,Kẹo dẻo Chupa Chups Sour Tubes 160g (Lô 25),Gói,28800,8,Bánh kẹo & Ăn vặt,431
SP001534,Bánh mì tươi nhân bơ sữa Kinh Đô 80g (Lô 25),Cái,10800,8,Bánh kẹo & Ăn vặt,438
SP001535,Bánh xốp Nabati phô mai 130g (Lô 25),Hộp,14400,8,Bánh kẹo & Ăn vặt,445
SP001536,Hạt điều rang muối vỏ lụa Bình Phước 500g (Lô 25),Hộp,162000,8,Bánh kẹo & Ăn vặt,452
SP001537,Hạt hướng dương Chacheer 130g (Lô 25),Gói,18000,8,Bánh kẹo & Ăn vặt,459
SP001538,Rong biển sấy vị truyền thống TaoKaeNoi 32g (Lô 25),Gói,31200,8,Bánh kẹo & Ăn vặt,466
SP001539,Nước mắm Nam Ngư Đệ Nhị chai 900ml (Lô 25),Chai,33600,8,Gia vị & Đồ nấu nướng,473
SP001540,Nước mắm Chinsu Cá Hồi chai 500ml (Lô 25),Chai,56400,8,Gia vị & Đồ nấu nướng,480
SP001541,Dầu ăn Simply đậu nành can 1L (Lô 25),Chai,70800,8,Gia vị & Đồ nấu nướng,487
SP001542,Dầu ăn Neptune Gold can 2L (Lô 25),Chai,162000,8,Gia vị & Đồ nấu nướng,494
SP001543,Hạt nêm Knorr thịt thăn xương ống 400g (Lô 25),Gói,44400,8,Gia vị & Đồ nấu nướng,51
SP001544,Bột ngọt Ajinomoto gói 454g (Lô 25),Gói,40800,8,Gia vị & Đồ nấu nướng,58
SP001545,Tương ớt Chinsu nắp bật 250g (Lô 25),Chai,18000,8,Gia vị & Đồ nấu nướng,65
SP001546,Tương cà Cholimex chai 330g (Lô 25),Chai,19200,8,Gia vị & Đồ nấu nướng,72
SP001547,Muối I-ốt Bạc Liêu túi 500g (Lô 25),Gói,7200,8,Gia vị & Đồ nấu nướng,79
SP001548,Đường tinh luyện Biên Hòa Daily 1kg (Lô 25),Gói,37200,8,Gia vị & Đồ nấu nướng,86
SP001549,Mì tôm Hảo Hảo tôm chua cay 75g (Lô 25),Gói,5400,8,Mì gói & Thực phẩm khô,93
SP001550,Mì Omachi sườn hầm ngũ quả 80g (Lô 25),Gói,10200,8,Mì gói & Thực phẩm khô,100
SP001551,Mì trộn Indomie Mi Goreng 85g (Lô 25),Gói,7800,8,Mì gói & Thực phẩm khô,107
SP001552,Phở gà Đệ Nhất Acecook 68g (Lô 25),Gói,9600,8,Mì gói & Thực phẩm khô,114
SP001553,Miến Phú Hương yến tiệc 210g (Lô 25),Gói,26400,8,Mì gói & Thực phẩm khô,121
SP001554,Cháo thịt bằm Cung Đình gói 50g (Lô 25),Gói,8400,8,Mì gói & Thực phẩm khô,128
SP001555,Cá nục sốt cà 3 Cô Gái lon 155g (Lô 25),Lon,22800,8,Mì gói & Thực phẩm khô,135
SP001556,Pate thịt heo Hạ Long lon 150g (Lô 25),Lon,32400,8,Mì gói & Thực phẩm khô,142
SP001557,Mì ly Modern lẩu thái tôm 65g (Lô 25),Ly,11400,8,Mì gói & Thực phẩm khô,149
SP001558,Nước rửa chén Sunlight chanh can 3.6kg (Lô 25),Can,130800,10,Hóa mỹ phẩm & Tẩy rửa,156
SP001559,Nước giặt OMO Matic cửa trên túi 3.6kg (Lô 25),Túi,210000,10,Hóa mỹ phẩm & Tẩy rửa,163
SP001560,Nước xả vải Comfort đậm đặc túi 3.2L (Lô 25),Túi,226800,10,Hóa mỹ phẩm & Tẩy rửa,170
SP001561,Dầu gội Clear thảo dược mát lạnh 630g (Lô 25),Chai,198000,10,Hóa mỹ phẩm & Tẩy rửa,177
SP001562,Dầu gội Pantene suôn mượt 650ml (Lô 25),Chai,186000,10,Hóa mỹ phẩm & Tẩy rửa,184
SP001563,Sữa tắm Lifebuoy bảo vệ vượt trội 800g (Lô 25),Chai,178800,10,Hóa mỹ phẩm & Tẩy rửa,191
SP001564,Kem đánh răng Colgate Total 12 180g (Lô 25),Tuýp,50400,10,Hóa mỹ phẩm & Tẩy rửa,198
SP001565,Bàn chải đánh răng P/S than tre (Lô 25),Cái,21600,10,Hóa mỹ phẩm & Tẩy rửa,205
SP001566,Nước lau sàn Sunlight hoa lily túi 3.6kg (Lô 25),Túi,102000,10,Hóa mỹ phẩm & Tẩy rửa,212
SP001567,Xịt muỗi Raid hương cam chanh 600ml (Lô 25),Chai,81600,10,Hóa mỹ phẩm & Tẩy rửa,219
SP001568,Giấy vệ sinh cuộn cao cấp Pulppy lốc 10 cuộn (Lô 25),Lốc,110400,8,Đồ gia dụng & Tiện ích,226
SP001569,Khăn giấy lụa rút Paseo 200 tờ (Lô 25),Hộp,30000,8,Đồ gia dụng & Tiện ích,233
SP001570,Màng bọc thực phẩm PE Sunhouse 30cmx150m (Lô 25),Hộp,90000,8,Đồ gia dụng & Tiện ích,240
SP001571,Túi rác đen tự hủy sinh học Opec 3 cuộn (Lô 25),Gói,45600,8,Đồ gia dụng & Tiện ích,247
SP001572,Băng dính dán thùng trong suốt 5cm x 100y (Lô 25),Cuộn,19200,8,Đồ gia dụng & Tiện ích,254
SP001573,Pin tiểu AA Panasonic vỉ 4 viên (Lô 25),Vỉ,31200,8,Đồ gia dụng & Tiện ích,261
SP001574,Khẩu trang y tế 4 lớp kháng khuẩn hộp 50 cái (Lô 25),Hộp,42000,8,Đồ gia dụng & Tiện ích,268
SP001575,Nước rửa tay Lifebuoy hương chanh chai 450ml (Lô 25),Chai,62400,8,Đồ gia dụng & Tiện ích,275
SP001576,Coca Cola Sleek 320ml (Lô 26),Lon,11000,8,Đồ uống & Giải khát,282
SP001577,Pepsi Sleek 320ml (Lô 26),Lon,10500,8,Đồ uống & Giải khát,289
SP001578,Nước cam ép Twister 450ml (Lô 26),Chai,12000,8,Đồ uống & Giải khát,296
SP001579,Trà xanh Không Độ 455ml (Lô 26),Chai,10000,8,Đồ uống & Giải khát,303
SP001580,Trà Ô Long Tea+ Plus 455ml (Lô 26),Chai,12000,8,Đồ uống & Giải khát,310
SP001581,Nước tăng lực Red Bull 250ml (Lô 26),Lon,14000,8,Đồ uống & Giải khát,317
SP001582,Nước khoáng Lavie 500ml (Lô 26),Chai,6000,8,Đồ uống & Giải khát,324
SP001583,Nước tinh khiết Aquafina 500ml (Lô 26),Chai,6000,8,Đồ uống & Giải khát,331
SP001584,Cà phê sữa đá Highlands 235ml (Lô 26),Lon,16000,8,Đồ uống & Giải khát,338
SP001585,Bia Heineken Sleek 330ml (Lô 26),Lon,22000,10,Đồ uống & Giải khát,345
SP001586,Bia Tiger Crystal 330ml (Lô 26),Lon,19500,10,Đồ uống & Giải khát,352
SP001587,Bia Sài Gòn Special 330ml (Lô 26),Lon,16500,10,Đồ uống & Giải khát,359
SP001588,Sữa tươi tiệt trùng Vinamilk 180ml (Lô 26),Hộp,8500,0,Đồ uống & Giải khát,366
SP001589,Sữa chua uống Susu 110ml (Lô 26),Chai,6500,0,Đồ uống & Giải khát,373
SP001590,Nước ép bưởi hồng Vfresh 1L (Lô 26),Hộp,39000,8,Đồ uống & Giải khát,380
SP001591,Bánh ChocoPie Orion hộp 12 cái (Lô 26),Hộp,58000,8,Bánh kẹo & Ăn vặt,387
SP001592,Bánh Cosy mè giòn rụm Kinh Đô 288g (Lô 26),Gói,29000,8,Bánh kẹo & Ăn vặt,394
SP001593,Snack khoai tây Ostar vị tảo biển 90g (Lô 26),Gói,19000,8,Bánh kẹo & Ăn vặt,401
SP001594,Snack khoai tây Lay's tự nhiên 95g (Lô 26),Gói,21000,8,Bánh kẹo & Ăn vặt,408
SP001595,Bánh que Pocky socola Glico 40g (Lô 26),Hộp,14000,8,Bánh kẹo & Ăn vặt,415
SP001596,Kẹo dẻo Chupa Chups Sour Tubes 160g (Lô 26),Gói,24000,8,Bánh kẹo & Ăn vặt,422
SP001597,Bánh mì tươi nhân bơ sữa Kinh Đô 80g (Lô 26),Cái,9000,8,Bánh kẹo & Ăn vặt,429
SP001598,Bánh xốp Nabati phô mai 130g (Lô 26),Hộp,12000,8,Bánh kẹo & Ăn vặt,436
SP001599,Hạt điều rang muối vỏ lụa Bình Phước 500g (Lô 26),Hộp,135000,8,Bánh kẹo & Ăn vặt,443
SP001600,Hạt hướng dương Chacheer 130g (Lô 26),Gói,15000,8,Bánh kẹo & Ăn vặt,450
SP001601,Rong biển sấy vị truyền thống TaoKaeNoi 32g (Lô 26),Gói,26000,8,Bánh kẹo & Ăn vặt,457
SP001602,Nước mắm Nam Ngư Đệ Nhị chai 900ml (Lô 26),Chai,28000,8,Gia vị & Đồ nấu nướng,464
SP001603,Nước mắm Chinsu Cá Hồi chai 500ml (Lô 26),Chai,47000,8,Gia vị & Đồ nấu nướng,471
SP001604,Dầu ăn Simply đậu nành can 1L (Lô 26),Chai,59000,8,Gia vị & Đồ nấu nướng,478
SP001605,Dầu ăn Neptune Gold can 2L (Lô 26),Chai,135000,8,Gia vị & Đồ nấu nướng,485
SP001606,Hạt nêm Knorr thịt thăn xương ống 400g (Lô 26),Gói,37000,8,Gia vị & Đồ nấu nướng,492
SP001607,Bột ngọt Ajinomoto gói 454g (Lô 26),Gói,34000,8,Gia vị & Đồ nấu nướng,499
SP001608,Tương ớt Chinsu nắp bật 250g (Lô 26),Chai,15000,8,Gia vị & Đồ nấu nướng,56
SP001609,Tương cà Cholimex chai 330g (Lô 26),Chai,16000,8,Gia vị & Đồ nấu nướng,63
SP001610,Muối I-ốt Bạc Liêu túi 500g (Lô 26),Gói,6000,8,Gia vị & Đồ nấu nướng,70
SP001611,Đường tinh luyện Biên Hòa Daily 1kg (Lô 26),Gói,31000,8,Gia vị & Đồ nấu nướng,77
SP001612,Mì tôm Hảo Hảo tôm chua cay 75g (Lô 26),Gói,4500,8,Mì gói & Thực phẩm khô,84
SP001613,Mì Omachi sườn hầm ngũ quả 80g (Lô 26),Gói,8500,8,Mì gói & Thực phẩm khô,91
SP001614,Mì trộn Indomie Mi Goreng 85g (Lô 26),Gói,6500,8,Mì gói & Thực phẩm khô,98
SP001615,Phở gà Đệ Nhất Acecook 68g (Lô 26),Gói,8000,8,Mì gói & Thực phẩm khô,105
SP001616,Miến Phú Hương yến tiệc 210g (Lô 26),Gói,22000,8,Mì gói & Thực phẩm khô,112
SP001617,Cháo thịt bằm Cung Đình gói 50g (Lô 26),Gói,7000,8,Mì gói & Thực phẩm khô,119
SP001618,Cá nục sốt cà 3 Cô Gái lon 155g (Lô 26),Lon,19000,8,Mì gói & Thực phẩm khô,126
SP001619,Pate thịt heo Hạ Long lon 150g (Lô 26),Lon,27000,8,Mì gói & Thực phẩm khô,133
SP001620,Mì ly Modern lẩu thái tôm 65g (Lô 26),Ly,9500,8,Mì gói & Thực phẩm khô,140
SP001621,Nước rửa chén Sunlight chanh can 3.6kg (Lô 26),Can,109000,10,Hóa mỹ phẩm & Tẩy rửa,147
SP001622,Nước giặt OMO Matic cửa trên túi 3.6kg (Lô 26),Túi,175000,10,Hóa mỹ phẩm & Tẩy rửa,154
SP001623,Nước xả vải Comfort đậm đặc túi 3.2L (Lô 26),Túi,189000,10,Hóa mỹ phẩm & Tẩy rửa,161
SP001624,Dầu gội Clear thảo dược mát lạnh 630g (Lô 26),Chai,165000,10,Hóa mỹ phẩm & Tẩy rửa,168
SP001625,Dầu gội Pantene suôn mượt 650ml (Lô 26),Chai,155000,10,Hóa mỹ phẩm & Tẩy rửa,175
SP001626,Sữa tắm Lifebuoy bảo vệ vượt trội 800g (Lô 26),Chai,149000,10,Hóa mỹ phẩm & Tẩy rửa,182
SP001627,Kem đánh răng Colgate Total 12 180g (Lô 26),Tuýp,42000,10,Hóa mỹ phẩm & Tẩy rửa,189
SP001628,Bàn chải đánh răng P/S than tre (Lô 26),Cái,18000,10,Hóa mỹ phẩm & Tẩy rửa,196
SP001629,Nước lau sàn Sunlight hoa lily túi 3.6kg (Lô 26),Túi,85000,10,Hóa mỹ phẩm & Tẩy rửa,203
SP001630,Xịt muỗi Raid hương cam chanh 600ml (Lô 26),Chai,68000,10,Hóa mỹ phẩm & Tẩy rửa,210
SP001631,Giấy vệ sinh cuộn cao cấp Pulppy lốc 10 cuộn (Lô 26),Lốc,92000,8,Đồ gia dụng & Tiện ích,217
SP001632,Khăn giấy lụa rút Paseo 200 tờ (Lô 26),Hộp,25000,8,Đồ gia dụng & Tiện ích,224
SP001633,Màng bọc thực phẩm PE Sunhouse 30cmx150m (Lô 26),Hộp,75000,8,Đồ gia dụng & Tiện ích,231
SP001634,Túi rác đen tự hủy sinh học Opec 3 cuộn (Lô 26),Gói,38000,8,Đồ gia dụng & Tiện ích,238
SP001635,Băng dính dán thùng trong suốt 5cm x 100y (Lô 26),Cuộn,16000,8,Đồ gia dụng & Tiện ích,245
SP001636,Pin tiểu AA Panasonic vỉ 4 viên (Lô 26),Vỉ,26000,8,Đồ gia dụng & Tiện ích,252
SP001637,Khẩu trang y tế 4 lớp kháng khuẩn hộp 50 cái (Lô 26),Hộp,35000,8,Đồ gia dụng & Tiện ích,259
SP001638,Nước rửa tay Lifebuoy hương chanh chai 450ml (Lô 26),Chai,52000,8,Đồ gia dụng & Tiện ích,266
SP001639,Coca Cola Sleek 320ml (Lô 27),Lon,11550,8,Đồ uống & Giải khát,273
SP001640,Pepsi Sleek 320ml (Lô 27),Lon,11025,8,Đồ uống & Giải khát,280
SP001641,Nước cam ép Twister 450ml (Lô 27),Chai,12600,8,Đồ uống & Giải khát,287
SP001642,Trà xanh Không Độ 455ml (Lô 27),Chai,10500,8,Đồ uống & Giải khát,294
SP001643,Trà Ô Long Tea+ Plus 455ml (Lô 27),Chai,12600,8,Đồ uống & Giải khát,301
SP001644,Nước tăng lực Red Bull 250ml (Lô 27),Lon,14700,8,Đồ uống & Giải khát,308
SP001645,Nước khoáng Lavie 500ml (Lô 27),Chai,6300,8,Đồ uống & Giải khát,315
SP001646,Nước tinh khiết Aquafina 500ml (Lô 27),Chai,6300,8,Đồ uống & Giải khát,322
SP001647,Cà phê sữa đá Highlands 235ml (Lô 27),Lon,16800,8,Đồ uống & Giải khát,329
SP001648,Bia Heineken Sleek 330ml (Lô 27),Lon,23100,10,Đồ uống & Giải khát,336
SP001649,Bia Tiger Crystal 330ml (Lô 27),Lon,20475,10,Đồ uống & Giải khát,343
SP001650,Bia Sài Gòn Special 330ml (Lô 27),Lon,17325,10,Đồ uống & Giải khát,350
SP001651,Sữa tươi tiệt trùng Vinamilk 180ml (Lô 27),Hộp,8925,0,Đồ uống & Giải khát,357
SP001652,Sữa chua uống Susu 110ml (Lô 27),Chai,6825,0,Đồ uống & Giải khát,364
SP001653,Nước ép bưởi hồng Vfresh 1L (Lô 27),Hộp,40950,8,Đồ uống & Giải khát,371
SP001654,Bánh ChocoPie Orion hộp 12 cái (Lô 27),Hộp,60900,8,Bánh kẹo & Ăn vặt,378
SP001655,Bánh Cosy mè giòn rụm Kinh Đô 288g (Lô 27),Gói,30450,8,Bánh kẹo & Ăn vặt,385
SP001656,Snack khoai tây Ostar vị tảo biển 90g (Lô 27),Gói,19950,8,Bánh kẹo & Ăn vặt,392
SP001657,Snack khoai tây Lay's tự nhiên 95g (Lô 27),Gói,22050,8,Bánh kẹo & Ăn vặt,399
SP001658,Bánh que Pocky socola Glico 40g (Lô 27),Hộp,14700,8,Bánh kẹo & Ăn vặt,406
SP001659,Kẹo dẻo Chupa Chups Sour Tubes 160g (Lô 27),Gói,25200,8,Bánh kẹo & Ăn vặt,413
SP001660,Bánh mì tươi nhân bơ sữa Kinh Đô 80g (Lô 27),Cái,9450,8,Bánh kẹo & Ăn vặt,420
SP001661,Bánh xốp Nabati phô mai 130g (Lô 27),Hộp,12600,8,Bánh kẹo & Ăn vặt,427
SP001662,Hạt điều rang muối vỏ lụa Bình Phước 500g (Lô 27),Hộp,141750,8,Bánh kẹo & Ăn vặt,434
SP001663,Hạt hướng dương Chacheer 130g (Lô 27),Gói,15750,8,Bánh kẹo & Ăn vặt,441
SP001664,Rong biển sấy vị truyền thống TaoKaeNoi 32g (Lô 27),Gói,27300,8,Bánh kẹo & Ăn vặt,448
SP001665,Nước mắm Nam Ngư Đệ Nhị chai 900ml (Lô 27),Chai,29400,8,Gia vị & Đồ nấu nướng,455
SP001666,Nước mắm Chinsu Cá Hồi chai 500ml (Lô 27),Chai,49350,8,Gia vị & Đồ nấu nướng,462
SP001667,Dầu ăn Simply đậu nành can 1L (Lô 27),Chai,61950,8,Gia vị & Đồ nấu nướng,469
SP001668,Dầu ăn Neptune Gold can 2L (Lô 27),Chai,141750,8,Gia vị & Đồ nấu nướng,476
SP001669,Hạt nêm Knorr thịt thăn xương ống 400g (Lô 27),Gói,38850,8,Gia vị & Đồ nấu nướng,483
SP001670,Bột ngọt Ajinomoto gói 454g (Lô 27),Gói,35700,8,Gia vị & Đồ nấu nướng,490
SP001671,Tương ớt Chinsu nắp bật 250g (Lô 27),Chai,15750,8,Gia vị & Đồ nấu nướng,497
SP001672,Tương cà Cholimex chai 330g (Lô 27),Chai,16800,8,Gia vị & Đồ nấu nướng,54
SP001673,Muối I-ốt Bạc Liêu túi 500g (Lô 27),Gói,6300,8,Gia vị & Đồ nấu nướng,61
SP001674,Đường tinh luyện Biên Hòa Daily 1kg (Lô 27),Gói,32550,8,Gia vị & Đồ nấu nướng,68
SP001675,Mì tôm Hảo Hảo tôm chua cay 75g (Lô 27),Gói,4725,8,Mì gói & Thực phẩm khô,75
SP001676,Mì Omachi sườn hầm ngũ quả 80g (Lô 27),Gói,8925,8,Mì gói & Thực phẩm khô,82
SP001677,Mì trộn Indomie Mi Goreng 85g (Lô 27),Gói,6825,8,Mì gói & Thực phẩm khô,89
SP001678,Phở gà Đệ Nhất Acecook 68g (Lô 27),Gói,8400,8,Mì gói & Thực phẩm khô,96
SP001679,Miến Phú Hương yến tiệc 210g (Lô 27),Gói,23100,8,Mì gói & Thực phẩm khô,103
SP001680,Cháo thịt bằm Cung Đình gói 50g (Lô 27),Gói,7350,8,Mì gói & Thực phẩm khô,110
SP001681,Cá nục sốt cà 3 Cô Gái lon 155g (Lô 27),Lon,19950,8,Mì gói & Thực phẩm khô,117
SP001682,Pate thịt heo Hạ Long lon 150g (Lô 27),Lon,28350,8,Mì gói & Thực phẩm khô,124
SP001683,Mì ly Modern lẩu thái tôm 65g (Lô 27),Ly,9975,8,Mì gói & Thực phẩm khô,131
SP001684,Nước rửa chén Sunlight chanh can 3.6kg (Lô 27),Can,114450,10,Hóa mỹ phẩm & Tẩy rửa,138
SP001685,Nước giặt OMO Matic cửa trên túi 3.6kg (Lô 27),Túi,183750,10,Hóa mỹ phẩm & Tẩy rửa,145
SP001686,Nước xả vải Comfort đậm đặc túi 3.2L (Lô 27),Túi,198450,10,Hóa mỹ phẩm & Tẩy rửa,152
SP001687,Dầu gội Clear thảo dược mát lạnh 630g (Lô 27),Chai,173250,10,Hóa mỹ phẩm & Tẩy rửa,159
SP001688,Dầu gội Pantene suôn mượt 650ml (Lô 27),Chai,162750,10,Hóa mỹ phẩm & Tẩy rửa,166
SP001689,Sữa tắm Lifebuoy bảo vệ vượt trội 800g (Lô 27),Chai,156450,10,Hóa mỹ phẩm & Tẩy rửa,173
SP001690,Kem đánh răng Colgate Total 12 180g (Lô 27),Tuýp,44100,10,Hóa mỹ phẩm & Tẩy rửa,180
SP001691,Bàn chải đánh răng P/S than tre (Lô 27),Cái,18900,10,Hóa mỹ phẩm & Tẩy rửa,187
SP001692,Nước lau sàn Sunlight hoa lily túi 3.6kg (Lô 27),Túi,89250,10,Hóa mỹ phẩm & Tẩy rửa,194
SP001693,Xịt muỗi Raid hương cam chanh 600ml (Lô 27),Chai,71400,10,Hóa mỹ phẩm & Tẩy rửa,201
SP001694,Giấy vệ sinh cuộn cao cấp Pulppy lốc 10 cuộn (Lô 27),Lốc,96600,8,Đồ gia dụng & Tiện ích,208
SP001695,Khăn giấy lụa rút Paseo 200 tờ (Lô 27),Hộp,26250,8,Đồ gia dụng & Tiện ích,215
SP001696,Màng bọc thực phẩm PE Sunhouse 30cmx150m (Lô 27),Hộp,78750,8,Đồ gia dụng & Tiện ích,222
SP001697,Túi rác đen tự hủy sinh học Opec 3 cuộn (Lô 27),Gói,39900,8,Đồ gia dụng & Tiện ích,229
SP001698,Băng dính dán thùng trong suốt 5cm x 100y (Lô 27),Cuộn,16800,8,Đồ gia dụng & Tiện ích,236
SP001699,Pin tiểu AA Panasonic vỉ 4 viên (Lô 27),Vỉ,27300,8,Đồ gia dụng & Tiện ích,243
SP001700,Khẩu trang y tế 4 lớp kháng khuẩn hộp 50 cái (Lô 27),Hộp,36750,8,Đồ gia dụng & Tiện ích,250
SP001701,Nước rửa tay Lifebuoy hương chanh chai 450ml (Lô 27),Chai,54600,8,Đồ gia dụng & Tiện ích,257
SP001702,Coca Cola Sleek 320ml (Lô 28),Lon,12100,8,Đồ uống & Giải khát,264
SP001703,Pepsi Sleek 320ml (Lô 28),Lon,11550,8,Đồ uống & Giải khát,271
SP001704,Nước cam ép Twister 450ml (Lô 28),Chai,13200,8,Đồ uống & Giải khát,278
SP001705,Trà xanh Không Độ 455ml (Lô 28),Chai,11000,8,Đồ uống & Giải khát,285
SP001706,Trà Ô Long Tea+ Plus 455ml (Lô 28),Chai,13200,8,Đồ uống & Giải khát,292
SP001707,Nước tăng lực Red Bull 250ml (Lô 28),Lon,15400,8,Đồ uống & Giải khát,299
SP001708,Nước khoáng Lavie 500ml (Lô 28),Chai,6600,8,Đồ uống & Giải khát,306
SP001709,Nước tinh khiết Aquafina 500ml (Lô 28),Chai,6600,8,Đồ uống & Giải khát,313
SP001710,Cà phê sữa đá Highlands 235ml (Lô 28),Lon,17600,8,Đồ uống & Giải khát,320
SP001711,Bia Heineken Sleek 330ml (Lô 28),Lon,24200,10,Đồ uống & Giải khát,327
SP001712,Bia Tiger Crystal 330ml (Lô 28),Lon,21450,10,Đồ uống & Giải khát,334
SP001713,Bia Sài Gòn Special 330ml (Lô 28),Lon,18150,10,Đồ uống & Giải khát,341
SP001714,Sữa tươi tiệt trùng Vinamilk 180ml (Lô 28),Hộp,9350,0,Đồ uống & Giải khát,348
SP001715,Sữa chua uống Susu 110ml (Lô 28),Chai,7150,0,Đồ uống & Giải khát,355
SP001716,Nước ép bưởi hồng Vfresh 1L (Lô 28),Hộp,42900,8,Đồ uống & Giải khát,362
SP001717,Bánh ChocoPie Orion hộp 12 cái (Lô 28),Hộp,63800,8,Bánh kẹo & Ăn vặt,369
SP001718,Bánh Cosy mè giòn rụm Kinh Đô 288g (Lô 28),Gói,31900,8,Bánh kẹo & Ăn vặt,376
SP001719,Snack khoai tây Ostar vị tảo biển 90g (Lô 28),Gói,20900,8,Bánh kẹo & Ăn vặt,383
SP001720,Snack khoai tây Lay's tự nhiên 95g (Lô 28),Gói,23100,8,Bánh kẹo & Ăn vặt,390
SP001721,Bánh que Pocky socola Glico 40g (Lô 28),Hộp,15400,8,Bánh kẹo & Ăn vặt,397
SP001722,Kẹo dẻo Chupa Chups Sour Tubes 160g (Lô 28),Gói,26400,8,Bánh kẹo & Ăn vặt,404
SP001723,Bánh mì tươi nhân bơ sữa Kinh Đô 80g (Lô 28),Cái,9900,8,Bánh kẹo & Ăn vặt,411
SP001724,Bánh xốp Nabati phô mai 130g (Lô 28),Hộp,13200,8,Bánh kẹo & Ăn vặt,418
SP001725,Hạt điều rang muối vỏ lụa Bình Phước 500g (Lô 28),Hộp,148500,8,Bánh kẹo & Ăn vặt,425
SP001726,Hạt hướng dương Chacheer 130g (Lô 28),Gói,16500,8,Bánh kẹo & Ăn vặt,432
SP001727,Rong biển sấy vị truyền thống TaoKaeNoi 32g (Lô 28),Gói,28600,8,Bánh kẹo & Ăn vặt,439
SP001728,Nước mắm Nam Ngư Đệ Nhị chai 900ml (Lô 28),Chai,30800,8,Gia vị & Đồ nấu nướng,446
SP001729,Nước mắm Chinsu Cá Hồi chai 500ml (Lô 28),Chai,51700,8,Gia vị & Đồ nấu nướng,453
SP001730,Dầu ăn Simply đậu nành can 1L (Lô 28),Chai,64900,8,Gia vị & Đồ nấu nướng,460
SP001731,Dầu ăn Neptune Gold can 2L (Lô 28),Chai,148500,8,Gia vị & Đồ nấu nướng,467
SP001732,Hạt nêm Knorr thịt thăn xương ống 400g (Lô 28),Gói,40700,8,Gia vị & Đồ nấu nướng,474
SP001733,Bột ngọt Ajinomoto gói 454g (Lô 28),Gói,37400,8,Gia vị & Đồ nấu nướng,481
SP001734,Tương ớt Chinsu nắp bật 250g (Lô 28),Chai,16500,8,Gia vị & Đồ nấu nướng,488
SP001735,Tương cà Cholimex chai 330g (Lô 28),Chai,17600,8,Gia vị & Đồ nấu nướng,495
SP001736,Muối I-ốt Bạc Liêu túi 500g (Lô 28),Gói,6600,8,Gia vị & Đồ nấu nướng,52
SP001737,Đường tinh luyện Biên Hòa Daily 1kg (Lô 28),Gói,34100,8,Gia vị & Đồ nấu nướng,59
SP001738,Mì tôm Hảo Hảo tôm chua cay 75g (Lô 28),Gói,4950,8,Mì gói & Thực phẩm khô,66
SP001739,Mì Omachi sườn hầm ngũ quả 80g (Lô 28),Gói,9350,8,Mì gói & Thực phẩm khô,73
SP001740,Mì trộn Indomie Mi Goreng 85g (Lô 28),Gói,7150,8,Mì gói & Thực phẩm khô,80
SP001741,Phở gà Đệ Nhất Acecook 68g (Lô 28),Gói,8800,8,Mì gói & Thực phẩm khô,87
SP001742,Miến Phú Hương yến tiệc 210g (Lô 28),Gói,24200,8,Mì gói & Thực phẩm khô,94
SP001743,Cháo thịt bằm Cung Đình gói 50g (Lô 28),Gói,7700,8,Mì gói & Thực phẩm khô,101
SP001744,Cá nục sốt cà 3 Cô Gái lon 155g (Lô 28),Lon,20900,8,Mì gói & Thực phẩm khô,108
SP001745,Pate thịt heo Hạ Long lon 150g (Lô 28),Lon,29700,8,Mì gói & Thực phẩm khô,115
SP001746,Mì ly Modern lẩu thái tôm 65g (Lô 28),Ly,10450,8,Mì gói & Thực phẩm khô,122
SP001747,Nước rửa chén Sunlight chanh can 3.6kg (Lô 28),Can,119900,10,Hóa mỹ phẩm & Tẩy rửa,129
SP001748,Nước giặt OMO Matic cửa trên túi 3.6kg (Lô 28),Túi,192500,10,Hóa mỹ phẩm & Tẩy rửa,136
SP001749,Nước xả vải Comfort đậm đặc túi 3.2L (Lô 28),Túi,207900,10,Hóa mỹ phẩm & Tẩy rửa,143
SP001750,Dầu gội Clear thảo dược mát lạnh 630g (Lô 28),Chai,181500,10,Hóa mỹ phẩm & Tẩy rửa,150
SP001751,Dầu gội Pantene suôn mượt 650ml (Lô 28),Chai,170500,10,Hóa mỹ phẩm & Tẩy rửa,157
SP001752,Sữa tắm Lifebuoy bảo vệ vượt trội 800g (Lô 28),Chai,163900,10,Hóa mỹ phẩm & Tẩy rửa,164
SP001753,Kem đánh răng Colgate Total 12 180g (Lô 28),Tuýp,46200,10,Hóa mỹ phẩm & Tẩy rửa,171
SP001754,Bàn chải đánh răng P/S than tre (Lô 28),Cái,19800,10,Hóa mỹ phẩm & Tẩy rửa,178
SP001755,Nước lau sàn Sunlight hoa lily túi 3.6kg (Lô 28),Túi,93500,10,Hóa mỹ phẩm & Tẩy rửa,185
SP001756,Xịt muỗi Raid hương cam chanh 600ml (Lô 28),Chai,74800,10,Hóa mỹ phẩm & Tẩy rửa,192
SP001757,Giấy vệ sinh cuộn cao cấp Pulppy lốc 10 cuộn (Lô 28),Lốc,101200,8,Đồ gia dụng & Tiện ích,199
SP001758,Khăn giấy lụa rút Paseo 200 tờ (Lô 28),Hộp,27500,8,Đồ gia dụng & Tiện ích,206
SP001759,Màng bọc thực phẩm PE Sunhouse 30cmx150m (Lô 28),Hộp,82500,8,Đồ gia dụng & Tiện ích,213
SP001760,Túi rác đen tự hủy sinh học Opec 3 cuộn (Lô 28),Gói,41800,8,Đồ gia dụng & Tiện ích,220
SP001761,Băng dính dán thùng trong suốt 5cm x 100y (Lô 28),Cuộn,17600,8,Đồ gia dụng & Tiện ích,227
SP001762,Pin tiểu AA Panasonic vỉ 4 viên (Lô 28),Vỉ,28600,8,Đồ gia dụng & Tiện ích,234
SP001763,Khẩu trang y tế 4 lớp kháng khuẩn hộp 50 cái (Lô 28),Hộp,38500,8,Đồ gia dụng & Tiện ích,241
SP001764,Nước rửa tay Lifebuoy hương chanh chai 450ml (Lô 28),Chai,57200,8,Đồ gia dụng & Tiện ích,248
SP001765,Coca Cola Sleek 320ml (Lô 29),Lon,12649,8,Đồ uống & Giải khát,255
SP001766,Pepsi Sleek 320ml (Lô 29),Lon,12074,8,Đồ uống & Giải khát,262
SP001767,Nước cam ép Twister 450ml (Lô 29),Chai,13799,8,Đồ uống & Giải khát,269
SP001768,Trà xanh Không Độ 455ml (Lô 29),Chai,11500,8,Đồ uống & Giải khát,276
SP001769,Trà Ô Long Tea+ Plus 455ml (Lô 29),Chai,13799,8,Đồ uống & Giải khát,283
SP001770,Nước tăng lực Red Bull 250ml (Lô 29),Lon,16099,8,Đồ uống & Giải khát,290
SP001771,Nước khoáng Lavie 500ml (Lô 29),Chai,6899,8,Đồ uống & Giải khát,297
SP001772,Nước tinh khiết Aquafina 500ml (Lô 29),Chai,6899,8,Đồ uống & Giải khát,304
SP001773,Cà phê sữa đá Highlands 235ml (Lô 29),Lon,18400,8,Đồ uống & Giải khát,311
SP001774,Bia Heineken Sleek 330ml (Lô 29),Lon,25299,10,Đồ uống & Giải khát,318
SP001775,Bia Tiger Crystal 330ml (Lô 29),Lon,22425,10,Đồ uống & Giải khát,325
SP001776,Bia Sài Gòn Special 330ml (Lô 29),Lon,18975,10,Đồ uống & Giải khát,332
SP001777,Sữa tươi tiệt trùng Vinamilk 180ml (Lô 29),Hộp,9775,0,Đồ uống & Giải khát,339
SP001778,Sữa chua uống Susu 110ml (Lô 29),Chai,7474,0,Đồ uống & Giải khát,346
SP001779,Nước ép bưởi hồng Vfresh 1L (Lô 29),Hộp,44850,8,Đồ uống & Giải khát,353
SP001780,Bánh ChocoPie Orion hộp 12 cái (Lô 29),Hộp,66700,8,Bánh kẹo & Ăn vặt,360
SP001781,Bánh Cosy mè giòn rụm Kinh Đô 288g (Lô 29),Gói,33350,8,Bánh kẹo & Ăn vặt,367
SP001782,Snack khoai tây Ostar vị tảo biển 90g (Lô 29),Gói,21850,8,Bánh kẹo & Ăn vặt,374
SP001783,Snack khoai tây Lay's tự nhiên 95g (Lô 29),Gói,24149,8,Bánh kẹo & Ăn vặt,381
SP001784,Bánh que Pocky socola Glico 40g (Lô 29),Hộp,16099,8,Bánh kẹo & Ăn vặt,388
SP001785,Kẹo dẻo Chupa Chups Sour Tubes 160g (Lô 29),Gói,27599,8,Bánh kẹo & Ăn vặt,395
SP001786,Bánh mì tươi nhân bơ sữa Kinh Đô 80g (Lô 29),Cái,10350,8,Bánh kẹo & Ăn vặt,402
SP001787,Bánh xốp Nabati phô mai 130g (Lô 29),Hộp,13799,8,Bánh kẹo & Ăn vặt,409
SP001788,Hạt điều rang muối vỏ lụa Bình Phước 500g (Lô 29),Hộp,155250,8,Bánh kẹo & Ăn vặt,416
SP001789,Hạt hướng dương Chacheer 130g (Lô 29),Gói,17250,8,Bánh kẹo & Ăn vặt,423
SP001790,Rong biển sấy vị truyền thống TaoKaeNoi 32g (Lô 29),Gói,29899,8,Bánh kẹo & Ăn vặt,430
SP001791,Nước mắm Nam Ngư Đệ Nhị chai 900ml (Lô 29),Chai,32199,8,Gia vị & Đồ nấu nướng,437
SP001792,Nước mắm Chinsu Cá Hồi chai 500ml (Lô 29),Chai,54049,8,Gia vị & Đồ nấu nướng,444
SP001793,Dầu ăn Simply đậu nành can 1L (Lô 29),Chai,67850,8,Gia vị & Đồ nấu nướng,451
SP001794,Dầu ăn Neptune Gold can 2L (Lô 29),Chai,155250,8,Gia vị & Đồ nấu nướng,458
SP001795,Hạt nêm Knorr thịt thăn xương ống 400g (Lô 29),Gói,42550,8,Gia vị & Đồ nấu nướng,465
SP001796,Bột ngọt Ajinomoto gói 454g (Lô 29),Gói,39100,8,Gia vị & Đồ nấu nướng,472
SP001797,Tương ớt Chinsu nắp bật 250g (Lô 29),Chai,17250,8,Gia vị & Đồ nấu nướng,479
SP001798,Tương cà Cholimex chai 330g (Lô 29),Chai,18400,8,Gia vị & Đồ nấu nướng,486
SP001799,Muối I-ốt Bạc Liêu túi 500g (Lô 29),Gói,6899,8,Gia vị & Đồ nấu nướng,493
SP001800,Đường tinh luyện Biên Hòa Daily 1kg (Lô 29),Gói,35650,8,Gia vị & Đồ nấu nướng,50
SP001801,Mì tôm Hảo Hảo tôm chua cay 75g (Lô 29),Gói,5175,8,Mì gói & Thực phẩm khô,57
SP001802,Mì Omachi sườn hầm ngũ quả 80g (Lô 29),Gói,9775,8,Mì gói & Thực phẩm khô,64
SP001803,Mì trộn Indomie Mi Goreng 85g (Lô 29),Gói,7474,8,Mì gói & Thực phẩm khô,71
SP001804,Phở gà Đệ Nhất Acecook 68g (Lô 29),Gói,9200,8,Mì gói & Thực phẩm khô,78
SP001805,Miến Phú Hương yến tiệc 210g (Lô 29),Gói,25299,8,Mì gói & Thực phẩm khô,85
SP001806,Cháo thịt bằm Cung Đình gói 50g (Lô 29),Gói,8049,8,Mì gói & Thực phẩm khô,92
SP001807,Cá nục sốt cà 3 Cô Gái lon 155g (Lô 29),Lon,21850,8,Mì gói & Thực phẩm khô,99
SP001808,Pate thịt heo Hạ Long lon 150g (Lô 29),Lon,31049,8,Mì gói & Thực phẩm khô,106
SP001809,Mì ly Modern lẩu thái tôm 65g (Lô 29),Ly,10925,8,Mì gói & Thực phẩm khô,113
SP001810,Nước rửa chén Sunlight chanh can 3.6kg (Lô 29),Can,125349,10,Hóa mỹ phẩm & Tẩy rửa,120
SP001811,Nước giặt OMO Matic cửa trên túi 3.6kg (Lô 29),Túi,201249,10,Hóa mỹ phẩm & Tẩy rửa,127
SP001812,Nước xả vải Comfort đậm đặc túi 3.2L (Lô 29),Túi,217349,10,Hóa mỹ phẩm & Tẩy rửa,134
SP001813,Dầu gội Clear thảo dược mát lạnh 630g (Lô 29),Chai,189749,10,Hóa mỹ phẩm & Tẩy rửa,141
SP001814,Dầu gội Pantene suôn mượt 650ml (Lô 29),Chai,178250,10,Hóa mỹ phẩm & Tẩy rửa,148
SP001815,Sữa tắm Lifebuoy bảo vệ vượt trội 800g (Lô 29),Chai,171350,10,Hóa mỹ phẩm & Tẩy rửa,155
SP001816,Kem đánh răng Colgate Total 12 180g (Lô 29),Tuýp,48299,10,Hóa mỹ phẩm & Tẩy rửa,162
SP001817,Bàn chải đánh răng P/S than tre (Lô 29),Cái,20700,10,Hóa mỹ phẩm & Tẩy rửa,169
SP001818,Nước lau sàn Sunlight hoa lily túi 3.6kg (Lô 29),Túi,97749,10,Hóa mỹ phẩm & Tẩy rửa,176
SP001819,Xịt muỗi Raid hương cam chanh 600ml (Lô 29),Chai,78200,10,Hóa mỹ phẩm & Tẩy rửa,183
SP001820,Giấy vệ sinh cuộn cao cấp Pulppy lốc 10 cuộn (Lô 29),Lốc,105799,8,Đồ gia dụng & Tiện ích,190
SP001821,Khăn giấy lụa rút Paseo 200 tờ (Lô 29),Hộp,28749,8,Đồ gia dụng & Tiện ích,197
SP001822,Màng bọc thực phẩm PE Sunhouse 30cmx150m (Lô 29),Hộp,86250,8,Đồ gia dụng & Tiện ích,204
SP001823,Túi rác đen tự hủy sinh học Opec 3 cuộn (Lô 29),Gói,43700,8,Đồ gia dụng & Tiện ích,211
SP001824,Băng dính dán thùng trong suốt 5cm x 100y (Lô 29),Cuộn,18400,8,Đồ gia dụng & Tiện ích,218
SP001825,Pin tiểu AA Panasonic vỉ 4 viên (Lô 29),Vỉ,29899,8,Đồ gia dụng & Tiện ích,225
SP001826,Khẩu trang y tế 4 lớp kháng khuẩn hộp 50 cái (Lô 29),Hộp,40250,8,Đồ gia dụng & Tiện ích,232
SP001827,Nước rửa tay Lifebuoy hương chanh chai 450ml (Lô 29),Chai,59799,8,Đồ gia dụng & Tiện ích,239
SP001828,Coca Cola Sleek 320ml (Lô 30),Lon,13200,8,Đồ uống & Giải khát,246
SP001829,Pepsi Sleek 320ml (Lô 30),Lon,12600,8,Đồ uống & Giải khát,253
SP001830,Nước cam ép Twister 450ml (Lô 30),Chai,14400,8,Đồ uống & Giải khát,260
SP001831,Trà xanh Không Độ 455ml (Lô 30),Chai,12000,8,Đồ uống & Giải khát,267
SP001832,Trà Ô Long Tea+ Plus 455ml (Lô 30),Chai,14400,8,Đồ uống & Giải khát,274
SP001833,Nước tăng lực Red Bull 250ml (Lô 30),Lon,16800,8,Đồ uống & Giải khát,281
SP001834,Nước khoáng Lavie 500ml (Lô 30),Chai,7200,8,Đồ uống & Giải khát,288
SP001835,Nước tinh khiết Aquafina 500ml (Lô 30),Chai,7200,8,Đồ uống & Giải khát,295
SP001836,Cà phê sữa đá Highlands 235ml (Lô 30),Lon,19200,8,Đồ uống & Giải khát,302
SP001837,Bia Heineken Sleek 330ml (Lô 30),Lon,26400,10,Đồ uống & Giải khát,309
SP001838,Bia Tiger Crystal 330ml (Lô 30),Lon,23400,10,Đồ uống & Giải khát,316
SP001839,Bia Sài Gòn Special 330ml (Lô 30),Lon,19800,10,Đồ uống & Giải khát,323
SP001840,Sữa tươi tiệt trùng Vinamilk 180ml (Lô 30),Hộp,10200,0,Đồ uống & Giải khát,330
SP001841,Sữa chua uống Susu 110ml (Lô 30),Chai,7800,0,Đồ uống & Giải khát,337
SP001842,Nước ép bưởi hồng Vfresh 1L (Lô 30),Hộp,46800,8,Đồ uống & Giải khát,344
SP001843,Bánh ChocoPie Orion hộp 12 cái (Lô 30),Hộp,69600,8,Bánh kẹo & Ăn vặt,351
SP001844,Bánh Cosy mè giòn rụm Kinh Đô 288g (Lô 30),Gói,34800,8,Bánh kẹo & Ăn vặt,358
SP001845,Snack khoai tây Ostar vị tảo biển 90g (Lô 30),Gói,22800,8,Bánh kẹo & Ăn vặt,365
SP001846,Snack khoai tây Lay's tự nhiên 95g (Lô 30),Gói,25200,8,Bánh kẹo & Ăn vặt,372
SP001847,Bánh que Pocky socola Glico 40g (Lô 30),Hộp,16800,8,Bánh kẹo & Ăn vặt,379
SP001848,Kẹo dẻo Chupa Chups Sour Tubes 160g (Lô 30),Gói,28800,8,Bánh kẹo & Ăn vặt,386
SP001849,Bánh mì tươi nhân bơ sữa Kinh Đô 80g (Lô 30),Cái,10800,8,Bánh kẹo & Ăn vặt,393
SP001850,Bánh xốp Nabati phô mai 130g (Lô 30),Hộp,14400,8,Bánh kẹo & Ăn vặt,400
SP001851,Hạt điều rang muối vỏ lụa Bình Phước 500g (Lô 30),Hộp,162000,8,Bánh kẹo & Ăn vặt,407
SP001852,Hạt hướng dương Chacheer 130g (Lô 30),Gói,18000,8,Bánh kẹo & Ăn vặt,414
SP001853,Rong biển sấy vị truyền thống TaoKaeNoi 32g (Lô 30),Gói,31200,8,Bánh kẹo & Ăn vặt,421
SP001854,Nước mắm Nam Ngư Đệ Nhị chai 900ml (Lô 30),Chai,33600,8,Gia vị & Đồ nấu nướng,428
SP001855,Nước mắm Chinsu Cá Hồi chai 500ml (Lô 30),Chai,56400,8,Gia vị & Đồ nấu nướng,435
SP001856,Dầu ăn Simply đậu nành can 1L (Lô 30),Chai,70800,8,Gia vị & Đồ nấu nướng,442
SP001857,Dầu ăn Neptune Gold can 2L (Lô 30),Chai,162000,8,Gia vị & Đồ nấu nướng,449
SP001858,Hạt nêm Knorr thịt thăn xương ống 400g (Lô 30),Gói,44400,8,Gia vị & Đồ nấu nướng,456
SP001859,Bột ngọt Ajinomoto gói 454g (Lô 30),Gói,40800,8,Gia vị & Đồ nấu nướng,463
SP001860,Tương ớt Chinsu nắp bật 250g (Lô 30),Chai,18000,8,Gia vị & Đồ nấu nướng,470
SP001861,Tương cà Cholimex chai 330g (Lô 30),Chai,19200,8,Gia vị & Đồ nấu nướng,477
SP001862,Muối I-ốt Bạc Liêu túi 500g (Lô 30),Gói,7200,8,Gia vị & Đồ nấu nướng,484
SP001863,Đường tinh luyện Biên Hòa Daily 1kg (Lô 30),Gói,37200,8,Gia vị & Đồ nấu nướng,491
SP001864,Mì tôm Hảo Hảo tôm chua cay 75g (Lô 30),Gói,5400,8,Mì gói & Thực phẩm khô,498
SP001865,Mì Omachi sườn hầm ngũ quả 80g (Lô 30),Gói,10200,8,Mì gói & Thực phẩm khô,55
SP001866,Mì trộn Indomie Mi Goreng 85g (Lô 30),Gói,7800,8,Mì gói & Thực phẩm khô,62
SP001867,Phở gà Đệ Nhất Acecook 68g (Lô 30),Gói,9600,8,Mì gói & Thực phẩm khô,69
SP001868,Miến Phú Hương yến tiệc 210g (Lô 30),Gói,26400,8,Mì gói & Thực phẩm khô,76
SP001869,Cháo thịt bằm Cung Đình gói 50g (Lô 30),Gói,8400,8,Mì gói & Thực phẩm khô,83
SP001870,Cá nục sốt cà 3 Cô Gái lon 155g (Lô 30),Lon,22800,8,Mì gói & Thực phẩm khô,90
SP001871,Pate thịt heo Hạ Long lon 150g (Lô 30),Lon,32400,8,Mì gói & Thực phẩm khô,97
SP001872,Mì ly Modern lẩu thái tôm 65g (Lô 30),Ly,11400,8,Mì gói & Thực phẩm khô,104
SP001873,Nước rửa chén Sunlight chanh can 3.6kg (Lô 30),Can,130800,10,Hóa mỹ phẩm & Tẩy rửa,111
SP001874,Nước giặt OMO Matic cửa trên túi 3.6kg (Lô 30),Túi,210000,10,Hóa mỹ phẩm & Tẩy rửa,118
SP001875,Nước xả vải Comfort đậm đặc túi 3.2L (Lô 30),Túi,226800,10,Hóa mỹ phẩm & Tẩy rửa,125
SP001876,Dầu gội Clear thảo dược mát lạnh 630g (Lô 30),Chai,198000,10,Hóa mỹ phẩm & Tẩy rửa,132
SP001877,Dầu gội Pantene suôn mượt 650ml (Lô 30),Chai,186000,10,Hóa mỹ phẩm & Tẩy rửa,139
SP001878,Sữa tắm Lifebuoy bảo vệ vượt trội 800g (Lô 30),Chai,178800,10,Hóa mỹ phẩm & Tẩy rửa,146
SP001879,Kem đánh răng Colgate Total 12 180g (Lô 30),Tuýp,50400,10,Hóa mỹ phẩm & Tẩy rửa,153
SP001880,Bàn chải đánh răng P/S than tre (Lô 30),Cái,21600,10,Hóa mỹ phẩm & Tẩy rửa,160
SP001881,Nước lau sàn Sunlight hoa lily túi 3.6kg (Lô 30),Túi,102000,10,Hóa mỹ phẩm & Tẩy rửa,167
SP001882,Xịt muỗi Raid hương cam chanh 600ml (Lô 30),Chai,81600,10,Hóa mỹ phẩm & Tẩy rửa,174
SP001883,Giấy vệ sinh cuộn cao cấp Pulppy lốc 10 cuộn (Lô 30),Lốc,110400,8,Đồ gia dụng & Tiện ích,181
SP001884,Khăn giấy lụa rút Paseo 200 tờ (Lô 30),Hộp,30000,8,Đồ gia dụng & Tiện ích,188
SP001885,Màng bọc thực phẩm PE Sunhouse 30cmx150m (Lô 30),Hộp,90000,8,Đồ gia dụng & Tiện ích,195
SP001886,Túi rác đen tự hủy sinh học Opec 3 cuộn (Lô 30),Gói,45600,8,Đồ gia dụng & Tiện ích,202
SP001887,Băng dính dán thùng trong suốt 5cm x 100y (Lô 30),Cuộn,19200,8,Đồ gia dụng & Tiện ích,209
SP001888,Pin tiểu AA Panasonic vỉ 4 viên (Lô 30),Vỉ,31200,8,Đồ gia dụng & Tiện ích,216
SP001889,Khẩu trang y tế 4 lớp kháng khuẩn hộp 50 cái (Lô 30),Hộp,42000,8,Đồ gia dụng & Tiện ích,223
SP001890,Nước rửa tay Lifebuoy hương chanh chai 450ml (Lô 30),Chai,62400,8,Đồ gia dụng & Tiện ích,230
SP001891,Coca Cola Sleek 320ml (Lô 31),Lon,11000,8,Đồ uống & Giải khát,237
SP001892,Pepsi Sleek 320ml (Lô 31),Lon,10500,8,Đồ uống & Giải khát,244
SP001893,Nước cam ép Twister 450ml (Lô 31),Chai,12000,8,Đồ uống & Giải khát,251
SP001894,Trà xanh Không Độ 455ml (Lô 31),Chai,10000,8,Đồ uống & Giải khát,258
SP001895,Trà Ô Long Tea+ Plus 455ml (Lô 31),Chai,12000,8,Đồ uống & Giải khát,265
SP001896,Nước tăng lực Red Bull 250ml (Lô 31),Lon,14000,8,Đồ uống & Giải khát,272
SP001897,Nước khoáng Lavie 500ml (Lô 31),Chai,6000,8,Đồ uống & Giải khát,279
SP001898,Nước tinh khiết Aquafina 500ml (Lô 31),Chai,6000,8,Đồ uống & Giải khát,286
SP001899,Cà phê sữa đá Highlands 235ml (Lô 31),Lon,16000,8,Đồ uống & Giải khát,293
SP001900,Bia Heineken Sleek 330ml (Lô 31),Lon,22000,10,Đồ uống & Giải khát,300
SP001901,Bia Tiger Crystal 330ml (Lô 31),Lon,19500,10,Đồ uống & Giải khát,307
SP001902,Bia Sài Gòn Special 330ml (Lô 31),Lon,16500,10,Đồ uống & Giải khát,314
SP001903,Sữa tươi tiệt trùng Vinamilk 180ml (Lô 31),Hộp,8500,0,Đồ uống & Giải khát,321
SP001904,Sữa chua uống Susu 110ml (Lô 31),Chai,6500,0,Đồ uống & Giải khát,328
SP001905,Nước ép bưởi hồng Vfresh 1L (Lô 31),Hộp,39000,8,Đồ uống & Giải khát,335
SP001906,Bánh ChocoPie Orion hộp 12 cái (Lô 31),Hộp,58000,8,Bánh kẹo & Ăn vặt,342
SP001907,Bánh Cosy mè giòn rụm Kinh Đô 288g (Lô 31),Gói,29000,8,Bánh kẹo & Ăn vặt,349
SP001908,Snack khoai tây Ostar vị tảo biển 90g (Lô 31),Gói,19000,8,Bánh kẹo & Ăn vặt,356
SP001909,Snack khoai tây Lay's tự nhiên 95g (Lô 31),Gói,21000,8,Bánh kẹo & Ăn vặt,363
SP001910,Bánh que Pocky socola Glico 40g (Lô 31),Hộp,14000,8,Bánh kẹo & Ăn vặt,370
SP001911,Kẹo dẻo Chupa Chups Sour Tubes 160g (Lô 31),Gói,24000,8,Bánh kẹo & Ăn vặt,377
SP001912,Bánh mì tươi nhân bơ sữa Kinh Đô 80g (Lô 31),Cái,9000,8,Bánh kẹo & Ăn vặt,384
SP001913,Bánh xốp Nabati phô mai 130g (Lô 31),Hộp,12000,8,Bánh kẹo & Ăn vặt,391
SP001914,Hạt điều rang muối vỏ lụa Bình Phước 500g (Lô 31),Hộp,135000,8,Bánh kẹo & Ăn vặt,398
SP001915,Hạt hướng dương Chacheer 130g (Lô 31),Gói,15000,8,Bánh kẹo & Ăn vặt,405
SP001916,Rong biển sấy vị truyền thống TaoKaeNoi 32g (Lô 31),Gói,26000,8,Bánh kẹo & Ăn vặt,412
SP001917,Nước mắm Nam Ngư Đệ Nhị chai 900ml (Lô 31),Chai,28000,8,Gia vị & Đồ nấu nướng,419
SP001918,Nước mắm Chinsu Cá Hồi chai 500ml (Lô 31),Chai,47000,8,Gia vị & Đồ nấu nướng,426
SP001919,Dầu ăn Simply đậu nành can 1L (Lô 31),Chai,59000,8,Gia vị & Đồ nấu nướng,433
SP001920,Dầu ăn Neptune Gold can 2L (Lô 31),Chai,135000,8,Gia vị & Đồ nấu nướng,440
SP001921,Hạt nêm Knorr thịt thăn xương ống 400g (Lô 31),Gói,37000,8,Gia vị & Đồ nấu nướng,447
SP001922,Bột ngọt Ajinomoto gói 454g (Lô 31),Gói,34000,8,Gia vị & Đồ nấu nướng,454
SP001923,Tương ớt Chinsu nắp bật 250g (Lô 31),Chai,15000,8,Gia vị & Đồ nấu nướng,461
SP001924,Tương cà Cholimex chai 330g (Lô 31),Chai,16000,8,Gia vị & Đồ nấu nướng,468
SP001925,Muối I-ốt Bạc Liêu túi 500g (Lô 31),Gói,6000,8,Gia vị & Đồ nấu nướng,475
SP001926,Đường tinh luyện Biên Hòa Daily 1kg (Lô 31),Gói,31000,8,Gia vị & Đồ nấu nướng,482
SP001927,Mì tôm Hảo Hảo tôm chua cay 75g (Lô 31),Gói,4500,8,Mì gói & Thực phẩm khô,489
SP001928,Mì Omachi sườn hầm ngũ quả 80g (Lô 31),Gói,8500,8,Mì gói & Thực phẩm khô,496
SP001929,Mì trộn Indomie Mi Goreng 85g (Lô 31),Gói,6500,8,Mì gói & Thực phẩm khô,53
SP001930,Phở gà Đệ Nhất Acecook 68g (Lô 31),Gói,8000,8,Mì gói & Thực phẩm khô,60
SP001931,Miến Phú Hương yến tiệc 210g (Lô 31),Gói,22000,8,Mì gói & Thực phẩm khô,67
SP001932,Cháo thịt bằm Cung Đình gói 50g (Lô 31),Gói,7000,8,Mì gói & Thực phẩm khô,74
SP001933,Cá nục sốt cà 3 Cô Gái lon 155g (Lô 31),Lon,19000,8,Mì gói & Thực phẩm khô,81
SP001934,Pate thịt heo Hạ Long lon 150g (Lô 31),Lon,27000,8,Mì gói & Thực phẩm khô,88
SP001935,Mì ly Modern lẩu thái tôm 65g (Lô 31),Ly,9500,8,Mì gói & Thực phẩm khô,95
SP001936,Nước rửa chén Sunlight chanh can 3.6kg (Lô 31),Can,109000,10,Hóa mỹ phẩm & Tẩy rửa,102
SP001937,Nước giặt OMO Matic cửa trên túi 3.6kg (Lô 31),Túi,175000,10,Hóa mỹ phẩm & Tẩy rửa,109
SP001938,Nước xả vải Comfort đậm đặc túi 3.2L (Lô 31),Túi,189000,10,Hóa mỹ phẩm & Tẩy rửa,116
SP001939,Dầu gội Clear thảo dược mát lạnh 630g (Lô 31),Chai,165000,10,Hóa mỹ phẩm & Tẩy rửa,123
SP001940,Dầu gội Pantene suôn mượt 650ml (Lô 31),Chai,155000,10,Hóa mỹ phẩm & Tẩy rửa,130
SP001941,Sữa tắm Lifebuoy bảo vệ vượt trội 800g (Lô 31),Chai,149000,10,Hóa mỹ phẩm & Tẩy rửa,137
SP001942,Kem đánh răng Colgate Total 12 180g (Lô 31),Tuýp,42000,10,Hóa mỹ phẩm & Tẩy rửa,144
SP001943,Bàn chải đánh răng P/S than tre (Lô 31),Cái,18000,10,Hóa mỹ phẩm & Tẩy rửa,151
SP001944,Nước lau sàn Sunlight hoa lily túi 3.6kg (Lô 31),Túi,85000,10,Hóa mỹ phẩm & Tẩy rửa,158
SP001945,Xịt muỗi Raid hương cam chanh 600ml (Lô 31),Chai,68000,10,Hóa mỹ phẩm & Tẩy rửa,165
SP001946,Giấy vệ sinh cuộn cao cấp Pulppy lốc 10 cuộn (Lô 31),Lốc,92000,8,Đồ gia dụng & Tiện ích,172
SP001947,Khăn giấy lụa rút Paseo 200 tờ (Lô 31),Hộp,25000,8,Đồ gia dụng & Tiện ích,179
SP001948,Màng bọc thực phẩm PE Sunhouse 30cmx150m (Lô 31),Hộp,75000,8,Đồ gia dụng & Tiện ích,186
SP001949,Túi rác đen tự hủy sinh học Opec 3 cuộn (Lô 31),Gói,38000,8,Đồ gia dụng & Tiện ích,193
SP001950,Băng dính dán thùng trong suốt 5cm x 100y (Lô 31),Cuộn,16000,8,Đồ gia dụng & Tiện ích,200
SP001951,Pin tiểu AA Panasonic vỉ 4 viên (Lô 31),Vỉ,26000,8,Đồ gia dụng & Tiện ích,207
SP001952,Khẩu trang y tế 4 lớp kháng khuẩn hộp 50 cái (Lô 31),Hộp,35000,8,Đồ gia dụng & Tiện ích,214
SP001953,Nước rửa tay Lifebuoy hương chanh chai 450ml (Lô 31),Chai,52000,8,Đồ gia dụng & Tiện ích,221
SP001954,Coca Cola Sleek 320ml (Lô 32),Lon,11550,8,Đồ uống & Giải khát,228
SP001955,Pepsi Sleek 320ml (Lô 32),Lon,11025,8,Đồ uống & Giải khát,235
SP001956,Nước cam ép Twister 450ml (Lô 32),Chai,12600,8,Đồ uống & Giải khát,242
SP001957,Trà xanh Không Độ 455ml (Lô 32),Chai,10500,8,Đồ uống & Giải khát,249
SP001958,Trà Ô Long Tea+ Plus 455ml (Lô 32),Chai,12600,8,Đồ uống & Giải khát,256
SP001959,Nước tăng lực Red Bull 250ml (Lô 32),Lon,14700,8,Đồ uống & Giải khát,263
SP001960,Nước khoáng Lavie 500ml (Lô 32),Chai,6300,8,Đồ uống & Giải khát,270
SP001961,Nước tinh khiết Aquafina 500ml (Lô 32),Chai,6300,8,Đồ uống & Giải khát,277
SP001962,Cà phê sữa đá Highlands 235ml (Lô 32),Lon,16800,8,Đồ uống & Giải khát,284
SP001963,Bia Heineken Sleek 330ml (Lô 32),Lon,23100,10,Đồ uống & Giải khát,291
SP001964,Bia Tiger Crystal 330ml (Lô 32),Lon,20475,10,Đồ uống & Giải khát,298
SP001965,Bia Sài Gòn Special 330ml (Lô 32),Lon,17325,10,Đồ uống & Giải khát,305
SP001966,Sữa tươi tiệt trùng Vinamilk 180ml (Lô 32),Hộp,8925,0,Đồ uống & Giải khát,312
SP001967,Sữa chua uống Susu 110ml (Lô 32),Chai,6825,0,Đồ uống & Giải khát,319
SP001968,Nước ép bưởi hồng Vfresh 1L (Lô 32),Hộp,40950,8,Đồ uống & Giải khát,326
SP001969,Bánh ChocoPie Orion hộp 12 cái (Lô 32),Hộp,60900,8,Bánh kẹo & Ăn vặt,333
SP001970,Bánh Cosy mè giòn rụm Kinh Đô 288g (Lô 32),Gói,30450,8,Bánh kẹo & Ăn vặt,340
SP001971,Snack khoai tây Ostar vị tảo biển 90g (Lô 32),Gói,19950,8,Bánh kẹo & Ăn vặt,347
SP001972,Snack khoai tây Lay's tự nhiên 95g (Lô 32),Gói,22050,8,Bánh kẹo & Ăn vặt,354
SP001973,Bánh que Pocky socola Glico 40g (Lô 32),Hộp,14700,8,Bánh kẹo & Ăn vặt,361
SP001974,Kẹo dẻo Chupa Chups Sour Tubes 160g (Lô 32),Gói,25200,8,Bánh kẹo & Ăn vặt,368
SP001975,Bánh mì tươi nhân bơ sữa Kinh Đô 80g (Lô 32),Cái,9450,8,Bánh kẹo & Ăn vặt,375
SP001976,Bánh xốp Nabati phô mai 130g (Lô 32),Hộp,12600,8,Bánh kẹo & Ăn vặt,382
SP001977,Hạt điều rang muối vỏ lụa Bình Phước 500g (Lô 32),Hộp,141750,8,Bánh kẹo & Ăn vặt,389
SP001978,Hạt hướng dương Chacheer 130g (Lô 32),Gói,15750,8,Bánh kẹo & Ăn vặt,396
SP001979,Rong biển sấy vị truyền thống TaoKaeNoi 32g (Lô 32),Gói,27300,8,Bánh kẹo & Ăn vặt,403
SP001980,Nước mắm Nam Ngư Đệ Nhị chai 900ml (Lô 32),Chai,29400,8,Gia vị & Đồ nấu nướng,410
SP001981,Nước mắm Chinsu Cá Hồi chai 500ml (Lô 32),Chai,49350,8,Gia vị & Đồ nấu nướng,417
SP001982,Dầu ăn Simply đậu nành can 1L (Lô 32),Chai,61950,8,Gia vị & Đồ nấu nướng,424
SP001983,Dầu ăn Neptune Gold can 2L (Lô 32),Chai,141750,8,Gia vị & Đồ nấu nướng,431
SP001984,Hạt nêm Knorr thịt thăn xương ống 400g (Lô 32),Gói,38850,8,Gia vị & Đồ nấu nướng,438
SP001985,Bột ngọt Ajinomoto gói 454g (Lô 32),Gói,35700,8,Gia vị & Đồ nấu nướng,445
SP001986,Tương ớt Chinsu nắp bật 250g (Lô 32),Chai,15750,8,Gia vị & Đồ nấu nướng,452
SP001987,Tương cà Cholimex chai 330g (Lô 32),Chai,16800,8,Gia vị & Đồ nấu nướng,459
SP001988,Muối I-ốt Bạc Liêu túi 500g (Lô 32),Gói,6300,8,Gia vị & Đồ nấu nướng,466
SP001989,Đường tinh luyện Biên Hòa Daily 1kg (Lô 32),Gói,32550,8,Gia vị & Đồ nấu nướng,473
SP001990,Mì tôm Hảo Hảo tôm chua cay 75g (Lô 32),Gói,4725,8,Mì gói & Thực phẩm khô,480
SP001991,Mì Omachi sườn hầm ngũ quả 80g (Lô 32),Gói,8925,8,Mì gói & Thực phẩm khô,487
SP001992,Mì trộn Indomie Mi Goreng 85g (Lô 32),Gói,6825,8,Mì gói & Thực phẩm khô,494
SP001993,Phở gà Đệ Nhất Acecook 68g (Lô 32),Gói,8400,8,Mì gói & Thực phẩm khô,51
SP001994,Miến Phú Hương yến tiệc 210g (Lô 32),Gói,23100,8,Mì gói & Thực phẩm khô,58
SP001995,Cháo thịt bằm Cung Đình gói 50g (Lô 32),Gói,7350,8,Mì gói & Thực phẩm khô,65
SP001996,Cá nục sốt cà 3 Cô Gái lon 155g (Lô 32),Lon,19950,8,Mì gói & Thực phẩm khô,72
SP001997,Pate thịt heo Hạ Long lon 150g (Lô 32),Lon,28350,8,Mì gói & Thực phẩm khô,79
SP001998,Mì ly Modern lẩu thái tôm 65g (Lô 32),Ly,9975,8,Mì gói & Thực phẩm khô,86
SP001999,Nước rửa chén Sunlight chanh can 3.6kg (Lô 32),Can,114450,10,Hóa mỹ phẩm & Tẩy rửa,93
SP002000,Nước giặt OMO Matic cửa trên túi 3.6kg (Lô 32),Túi,183750,10,Hóa mỹ phẩm & Tẩy rửa,100
SP002001,Nước xả vải Comfort đậm đặc túi 3.2L (Lô 32),Túi,198450,10,Hóa mỹ phẩm & Tẩy rửa,107
SP002002,Dầu gội Clear thảo dược mát lạnh 630g (Lô 32),Chai,173250,10,Hóa mỹ phẩm & Tẩy rửa,114
SP002003,Dầu gội Pantene suôn mượt 650ml (Lô 32),Chai,162750,10,Hóa mỹ phẩm & Tẩy rửa,121
SP002004,Sữa tắm Lifebuoy bảo vệ vượt trội 800g (Lô 32),Chai,156450,10,Hóa mỹ phẩm & Tẩy rửa,128
SP002005,Kem đánh răng Colgate Total 12 180g (Lô 32),Tuýp,44100,10,Hóa mỹ phẩm & Tẩy rửa,135
SP002006,Bàn chải đánh răng P/S than tre (Lô 32),Cái,18900,10,Hóa mỹ phẩm & Tẩy rửa,142
SP002007,Nước lau sàn Sunlight hoa lily túi 3.6kg (Lô 32),Túi,89250,10,Hóa mỹ phẩm & Tẩy rửa,149
SP002008,Xịt muỗi Raid hương cam chanh 600ml (Lô 32),Chai,71400,10,Hóa mỹ phẩm & Tẩy rửa,156
SP002009,Giấy vệ sinh cuộn cao cấp Pulppy lốc 10 cuộn (Lô 32),Lốc,96600,8,Đồ gia dụng & Tiện ích,163
SP002010,Khăn giấy lụa rút Paseo 200 tờ (Lô 32),Hộp,26250,8,Đồ gia dụng & Tiện ích,170
SP002011,Màng bọc thực phẩm PE Sunhouse 30cmx150m (Lô 32),Hộp,78750,8,Đồ gia dụng & Tiện ích,177
SP002012,Túi rác đen tự hủy sinh học Opec 3 cuộn (Lô 32),Gói,39900,8,Đồ gia dụng & Tiện ích,184
SP002013,Băng dính dán thùng trong suốt 5cm x 100y (Lô 32),Cuộn,16800,8,Đồ gia dụng & Tiện ích,191
SP002014,Pin tiểu AA Panasonic vỉ 4 viên (Lô 32),Vỉ,27300,8,Đồ gia dụng & Tiện ích,198
SP002015,Khẩu trang y tế 4 lớp kháng khuẩn hộp 50 cái (Lô 32),Hộp,36750,8,Đồ gia dụng & Tiện ích,205
SP002016,Nước rửa tay Lifebuoy hương chanh chai 450ml (Lô 32),Chai,54600,8,Đồ gia dụng & Tiện ích,212
SP002017,Coca Cola Sleek 320ml (Lô 33),Lon,12100,8,Đồ uống & Giải khát,219
SP002018,Pepsi Sleek 320ml (Lô 33),Lon,11550,8,Đồ uống & Giải khát,226
SP002019,Nước cam ép Twister 450ml (Lô 33),Chai,13200,8,Đồ uống & Giải khát,233
SP002020,Trà xanh Không Độ 455ml (Lô 33),Chai,11000,8,Đồ uống & Giải khát,240
SP002021,Trà Ô Long Tea+ Plus 455ml (Lô 33),Chai,13200,8,Đồ uống & Giải khát,247
SP002022,Nước tăng lực Red Bull 250ml (Lô 33),Lon,15400,8,Đồ uống & Giải khát,254
SP002023,Nước khoáng Lavie 500ml (Lô 33),Chai,6600,8,Đồ uống & Giải khát,261
SP002024,Nước tinh khiết Aquafina 500ml (Lô 33),Chai,6600,8,Đồ uống & Giải khát,268
SP002025,Cà phê sữa đá Highlands 235ml (Lô 33),Lon,17600,8,Đồ uống & Giải khát,275
SP002026,Bia Heineken Sleek 330ml (Lô 33),Lon,24200,10,Đồ uống & Giải khát,282
SP002027,Bia Tiger Crystal 330ml (Lô 33),Lon,21450,10,Đồ uống & Giải khát,289
SP002028,Bia Sài Gòn Special 330ml (Lô 33),Lon,18150,10,Đồ uống & Giải khát,296
SP002029,Sữa tươi tiệt trùng Vinamilk 180ml (Lô 33),Hộp,9350,0,Đồ uống & Giải khát,303
SP002030,Sữa chua uống Susu 110ml (Lô 33),Chai,7150,0,Đồ uống & Giải khát,310
SP002031,Nước ép bưởi hồng Vfresh 1L (Lô 33),Hộp,42900,8,Đồ uống & Giải khát,317
SP002032,Bánh ChocoPie Orion hộp 12 cái (Lô 33),Hộp,63800,8,Bánh kẹo & Ăn vặt,324
SP002033,Bánh Cosy mè giòn rụm Kinh Đô 288g (Lô 33),Gói,31900,8,Bánh kẹo & Ăn vặt,331
SP002034,Snack khoai tây Ostar vị tảo biển 90g (Lô 33),Gói,20900,8,Bánh kẹo & Ăn vặt,338
SP002035,Snack khoai tây Lay's tự nhiên 95g (Lô 33),Gói,23100,8,Bánh kẹo & Ăn vặt,345
SP002036,Bánh que Pocky socola Glico 40g (Lô 33),Hộp,15400,8,Bánh kẹo & Ăn vặt,352
SP002037,Kẹo dẻo Chupa Chups Sour Tubes 160g (Lô 33),Gói,26400,8,Bánh kẹo & Ăn vặt,359
SP002038,Bánh mì tươi nhân bơ sữa Kinh Đô 80g (Lô 33),Cái,9900,8,Bánh kẹo & Ăn vặt,366
SP002039,Bánh xốp Nabati phô mai 130g (Lô 33),Hộp,13200,8,Bánh kẹo & Ăn vặt,373
SP002040,Hạt điều rang muối vỏ lụa Bình Phước 500g (Lô 33),Hộp,148500,8,Bánh kẹo & Ăn vặt,380
SP002041,Hạt hướng dương Chacheer 130g (Lô 33),Gói,16500,8,Bánh kẹo & Ăn vặt,387
SP002042,Rong biển sấy vị truyền thống TaoKaeNoi 32g (Lô 33),Gói,28600,8,Bánh kẹo & Ăn vặt,394
SP002043,Nước mắm Nam Ngư Đệ Nhị chai 900ml (Lô 33),Chai,30800,8,Gia vị & Đồ nấu nướng,401
SP002044,Nước mắm Chinsu Cá Hồi chai 500ml (Lô 33),Chai,51700,8,Gia vị & Đồ nấu nướng,408
SP002045,Dầu ăn Simply đậu nành can 1L (Lô 33),Chai,64900,8,Gia vị & Đồ nấu nướng,415
SP002046,Dầu ăn Neptune Gold can 2L (Lô 33),Chai,148500,8,Gia vị & Đồ nấu nướng,422
SP002047,Hạt nêm Knorr thịt thăn xương ống 400g (Lô 33),Gói,40700,8,Gia vị & Đồ nấu nướng,429
SP002048,Bột ngọt Ajinomoto gói 454g (Lô 33),Gói,37400,8,Gia vị & Đồ nấu nướng,436
SP002049,Tương ớt Chinsu nắp bật 250g (Lô 33),Chai,16500,8,Gia vị & Đồ nấu nướng,443
SP002050,Tương cà Cholimex chai 330g (Lô 33),Chai,17600,8,Gia vị & Đồ nấu nướng,450
SP002051,Muối I-ốt Bạc Liêu túi 500g (Lô 33),Gói,6600,8,Gia vị & Đồ nấu nướng,457
SP002052,Đường tinh luyện Biên Hòa Daily 1kg (Lô 33),Gói,34100,8,Gia vị & Đồ nấu nướng,464
SP002053,Mì tôm Hảo Hảo tôm chua cay 75g (Lô 33),Gói,4950,8,Mì gói & Thực phẩm khô,471
SP002054,Mì Omachi sườn hầm ngũ quả 80g (Lô 33),Gói,9350,8,Mì gói & Thực phẩm khô,478
SP002055,Mì trộn Indomie Mi Goreng 85g (Lô 33),Gói,7150,8,Mì gói & Thực phẩm khô,485
SP002056,Phở gà Đệ Nhất Acecook 68g (Lô 33),Gói,8800,8,Mì gói & Thực phẩm khô,492
SP002057,Miến Phú Hương yến tiệc 210g (Lô 33),Gói,24200,8,Mì gói & Thực phẩm khô,499
SP002058,Cháo thịt bằm Cung Đình gói 50g (Lô 33),Gói,7700,8,Mì gói & Thực phẩm khô,56
SP002059,Cá nục sốt cà 3 Cô Gái lon 155g (Lô 33),Lon,20900,8,Mì gói & Thực phẩm khô,63
SP002060,Pate thịt heo Hạ Long lon 150g (Lô 33),Lon,29700,8,Mì gói & Thực phẩm khô,70
SP002061,Mì ly Modern lẩu thái tôm 65g (Lô 33),Ly,10450,8,Mì gói & Thực phẩm khô,77
SP002062,Nước rửa chén Sunlight chanh can 3.6kg (Lô 33),Can,119900,10,Hóa mỹ phẩm & Tẩy rửa,84
SP002063,Nước giặt OMO Matic cửa trên túi 3.6kg (Lô 33),Túi,192500,10,Hóa mỹ phẩm & Tẩy rửa,91
SP002064,Nước xả vải Comfort đậm đặc túi 3.2L (Lô 33),Túi,207900,10,Hóa mỹ phẩm & Tẩy rửa,98
SP002065,Dầu gội Clear thảo dược mát lạnh 630g (Lô 33),Chai,181500,10,Hóa mỹ phẩm & Tẩy rửa,105
SP002066,Dầu gội Pantene suôn mượt 650ml (Lô 33),Chai,170500,10,Hóa mỹ phẩm & Tẩy rửa,112
SP002067,Sữa tắm Lifebuoy bảo vệ vượt trội 800g (Lô 33),Chai,163900,10,Hóa mỹ phẩm & Tẩy rửa,119
SP002068,Kem đánh răng Colgate Total 12 180g (Lô 33),Tuýp,46200,10,Hóa mỹ phẩm & Tẩy rửa,126
SP002069,Bàn chải đánh răng P/S than tre (Lô 33),Cái,19800,10,Hóa mỹ phẩm & Tẩy rửa,133
SP002070,Nước lau sàn Sunlight hoa lily túi 3.6kg (Lô 33),Túi,93500,10,Hóa mỹ phẩm & Tẩy rửa,140
SP002071,Xịt muỗi Raid hương cam chanh 600ml (Lô 33),Chai,74800,10,Hóa mỹ phẩm & Tẩy rửa,147
SP002072,Giấy vệ sinh cuộn cao cấp Pulppy lốc 10 cuộn (Lô 33),Lốc,101200,8,Đồ gia dụng & Tiện ích,154
SP002073,Khăn giấy lụa rút Paseo 200 tờ (Lô 33),Hộp,27500,8,Đồ gia dụng & Tiện ích,161
SP002074,Màng bọc thực phẩm PE Sunhouse 30cmx150m (Lô 33),Hộp,82500,8,Đồ gia dụng & Tiện ích,168
SP002075,Túi rác đen tự hủy sinh học Opec 3 cuộn (Lô 33),Gói,41800,8,Đồ gia dụng & Tiện ích,175
SP002076,Băng dính dán thùng trong suốt 5cm x 100y (Lô 33),Cuộn,17600,8,Đồ gia dụng & Tiện ích,182
SP002077,Pin tiểu AA Panasonic vỉ 4 viên (Lô 33),Vỉ,28600,8,Đồ gia dụng & Tiện ích,189
SP002078,Khẩu trang y tế 4 lớp kháng khuẩn hộp 50 cái (Lô 33),Hộp,38500,8,Đồ gia dụng & Tiện ích,196
SP002079,Nước rửa tay Lifebuoy hương chanh chai 450ml (Lô 33),Chai,57200,8,Đồ gia dụng & Tiện ích,203
SP002080,Coca Cola Sleek 320ml (Lô 34),Lon,12649,8,Đồ uống & Giải khát,210
SP002081,Pepsi Sleek 320ml (Lô 34),Lon,12074,8,Đồ uống & Giải khát,217
SP002082,Nước cam ép Twister 450ml (Lô 34),Chai,13799,8,Đồ uống & Giải khát,224
SP002083,Trà xanh Không Độ 455ml (Lô 34),Chai,11500,8,Đồ uống & Giải khát,231
SP002084,Trà Ô Long Tea+ Plus 455ml (Lô 34),Chai,13799,8,Đồ uống & Giải khát,238
SP002085,Nước tăng lực Red Bull 250ml (Lô 34),Lon,16099,8,Đồ uống & Giải khát,245
SP002086,Nước khoáng Lavie 500ml (Lô 34),Chai,6899,8,Đồ uống & Giải khát,252
SP002087,Nước tinh khiết Aquafina 500ml (Lô 34),Chai,6899,8,Đồ uống & Giải khát,259
SP002088,Cà phê sữa đá Highlands 235ml (Lô 34),Lon,18400,8,Đồ uống & Giải khát,266
SP002089,Bia Heineken Sleek 330ml (Lô 34),Lon,25299,10,Đồ uống & Giải khát,273
SP002090,Bia Tiger Crystal 330ml (Lô 34),Lon,22425,10,Đồ uống & Giải khát,280
SP002091,Bia Sài Gòn Special 330ml (Lô 34),Lon,18975,10,Đồ uống & Giải khát,287
SP002092,Sữa tươi tiệt trùng Vinamilk 180ml (Lô 34),Hộp,9775,0,Đồ uống & Giải khát,294
SP002093,Sữa chua uống Susu 110ml (Lô 34),Chai,7474,0,Đồ uống & Giải khát,301
SP002094,Nước ép bưởi hồng Vfresh 1L (Lô 34),Hộp,44850,8,Đồ uống & Giải khát,308
SP002095,Bánh ChocoPie Orion hộp 12 cái (Lô 34),Hộp,66700,8,Bánh kẹo & Ăn vặt,315
SP002096,Bánh Cosy mè giòn rụm Kinh Đô 288g (Lô 34),Gói,33350,8,Bánh kẹo & Ăn vặt,322
SP002097,Snack khoai tây Ostar vị tảo biển 90g (Lô 34),Gói,21850,8,Bánh kẹo & Ăn vặt,329
SP002098,Snack khoai tây Lay's tự nhiên 95g (Lô 34),Gói,24149,8,Bánh kẹo & Ăn vặt,336
SP002099,Bánh que Pocky socola Glico 40g (Lô 34),Hộp,16099,8,Bánh kẹo & Ăn vặt,343
SP002100,Kẹo dẻo Chupa Chups Sour Tubes 160g (Lô 34),Gói,27599,8,Bánh kẹo & Ăn vặt,350
SP002101,Bánh mì tươi nhân bơ sữa Kinh Đô 80g (Lô 34),Cái,10350,8,Bánh kẹo & Ăn vặt,357
SP002102,Bánh xốp Nabati phô mai 130g (Lô 34),Hộp,13799,8,Bánh kẹo & Ăn vặt,364
SP002103,Hạt điều rang muối vỏ lụa Bình Phước 500g (Lô 34),Hộp,155250,8,Bánh kẹo & Ăn vặt,371
SP002104,Hạt hướng dương Chacheer 130g (Lô 34),Gói,17250,8,Bánh kẹo & Ăn vặt,378
SP002105,Rong biển sấy vị truyền thống TaoKaeNoi 32g (Lô 34),Gói,29899,8,Bánh kẹo & Ăn vặt,385
SP002106,Nước mắm Nam Ngư Đệ Nhị chai 900ml (Lô 34),Chai,32199,8,Gia vị & Đồ nấu nướng,392
SP002107,Nước mắm Chinsu Cá Hồi chai 500ml (Lô 34),Chai,54049,8,Gia vị & Đồ nấu nướng,399
SP002108,Dầu ăn Simply đậu nành can 1L (Lô 34),Chai,67850,8,Gia vị & Đồ nấu nướng,406
SP002109,Dầu ăn Neptune Gold can 2L (Lô 34),Chai,155250,8,Gia vị & Đồ nấu nướng,413
SP002110,Hạt nêm Knorr thịt thăn xương ống 400g (Lô 34),Gói,42550,8,Gia vị & Đồ nấu nướng,420
SP002111,Bột ngọt Ajinomoto gói 454g (Lô 34),Gói,39100,8,Gia vị & Đồ nấu nướng,427
SP002112,Tương ớt Chinsu nắp bật 250g (Lô 34),Chai,17250,8,Gia vị & Đồ nấu nướng,434
SP002113,Tương cà Cholimex chai 330g (Lô 34),Chai,18400,8,Gia vị & Đồ nấu nướng,441
SP002114,Muối I-ốt Bạc Liêu túi 500g (Lô 34),Gói,6899,8,Gia vị & Đồ nấu nướng,448
SP002115,Đường tinh luyện Biên Hòa Daily 1kg (Lô 34),Gói,35650,8,Gia vị & Đồ nấu nướng,455
SP002116,Mì tôm Hảo Hảo tôm chua cay 75g (Lô 34),Gói,5175,8,Mì gói & Thực phẩm khô,462
SP002117,Mì Omachi sườn hầm ngũ quả 80g (Lô 34),Gói,9775,8,Mì gói & Thực phẩm khô,469
SP002118,Mì trộn Indomie Mi Goreng 85g (Lô 34),Gói,7474,8,Mì gói & Thực phẩm khô,476
SP002119,Phở gà Đệ Nhất Acecook 68g (Lô 34),Gói,9200,8,Mì gói & Thực phẩm khô,483
SP002120,Miến Phú Hương yến tiệc 210g (Lô 34),Gói,25299,8,Mì gói & Thực phẩm khô,490
SP002121,Cháo thịt bằm Cung Đình gói 50g (Lô 34),Gói,8049,8,Mì gói & Thực phẩm khô,497
SP002122,Cá nục sốt cà 3 Cô Gái lon 155g (Lô 34),Lon,21850,8,Mì gói & Thực phẩm khô,54
SP002123,Pate thịt heo Hạ Long lon 150g (Lô 34),Lon,31049,8,Mì gói & Thực phẩm khô,61
SP002124,Mì ly Modern lẩu thái tôm 65g (Lô 34),Ly,10925,8,Mì gói & Thực phẩm khô,68
SP002125,Nước rửa chén Sunlight chanh can 3.6kg (Lô 34),Can,125349,10,Hóa mỹ phẩm & Tẩy rửa,75
SP002126,Nước giặt OMO Matic cửa trên túi 3.6kg (Lô 34),Túi,201249,10,Hóa mỹ phẩm & Tẩy rửa,82
SP002127,Nước xả vải Comfort đậm đặc túi 3.2L (Lô 34),Túi,217349,10,Hóa mỹ phẩm & Tẩy rửa,89
SP002128,Dầu gội Clear thảo dược mát lạnh 630g (Lô 34),Chai,189749,10,Hóa mỹ phẩm & Tẩy rửa,96
SP002129,Dầu gội Pantene suôn mượt 650ml (Lô 34),Chai,178250,10,Hóa mỹ phẩm & Tẩy rửa,103
SP002130,Sữa tắm Lifebuoy bảo vệ vượt trội 800g (Lô 34),Chai,171350,10,Hóa mỹ phẩm & Tẩy rửa,110
SP002131,Kem đánh răng Colgate Total 12 180g (Lô 34),Tuýp,48299,10,Hóa mỹ phẩm & Tẩy rửa,117
SP002132,Bàn chải đánh răng P/S than tre (Lô 34),Cái,20700,10,Hóa mỹ phẩm & Tẩy rửa,124
SP002133,Nước lau sàn Sunlight hoa lily túi 3.6kg (Lô 34),Túi,97749,10,Hóa mỹ phẩm & Tẩy rửa,131
SP002134,Xịt muỗi Raid hương cam chanh 600ml (Lô 34),Chai,78200,10,Hóa mỹ phẩm & Tẩy rửa,138
SP002135,Giấy vệ sinh cuộn cao cấp Pulppy lốc 10 cuộn (Lô 34),Lốc,105799,8,Đồ gia dụng & Tiện ích,145
SP002136,Khăn giấy lụa rút Paseo 200 tờ (Lô 34),Hộp,28749,8,Đồ gia dụng & Tiện ích,152
SP002137,Màng bọc thực phẩm PE Sunhouse 30cmx150m (Lô 34),Hộp,86250,8,Đồ gia dụng & Tiện ích,159
SP002138,Túi rác đen tự hủy sinh học Opec 3 cuộn (Lô 34),Gói,43700,8,Đồ gia dụng & Tiện ích,166
SP002139,Băng dính dán thùng trong suốt 5cm x 100y (Lô 34),Cuộn,18400,8,Đồ gia dụng & Tiện ích,173
SP002140,Pin tiểu AA Panasonic vỉ 4 viên (Lô 34),Vỉ,29899,8,Đồ gia dụng & Tiện ích,180
SP002141,Khẩu trang y tế 4 lớp kháng khuẩn hộp 50 cái (Lô 34),Hộp,40250,8,Đồ gia dụng & Tiện ích,187
SP002142,Nước rửa tay Lifebuoy hương chanh chai 450ml (Lô 34),Chai,59799,8,Đồ gia dụng & Tiện ích,194
SP002143,Coca Cola Sleek 320ml (Lô 35),Lon,13200,8,Đồ uống & Giải khát,201
SP002144,Pepsi Sleek 320ml (Lô 35),Lon,12600,8,Đồ uống & Giải khát,208
SP002145,Nước cam ép Twister 450ml (Lô 35),Chai,14400,8,Đồ uống & Giải khát,215
SP002146,Trà xanh Không Độ 455ml (Lô 35),Chai,12000,8,Đồ uống & Giải khát,222
SP002147,Trà Ô Long Tea+ Plus 455ml (Lô 35),Chai,14400,8,Đồ uống & Giải khát,229
SP002148,Nước tăng lực Red Bull 250ml (Lô 35),Lon,16800,8,Đồ uống & Giải khát,236
SP002149,Nước khoáng Lavie 500ml (Lô 35),Chai,7200,8,Đồ uống & Giải khát,243
SP002150,Nước tinh khiết Aquafina 500ml (Lô 35),Chai,7200,8,Đồ uống & Giải khát,250
SP002151,Cà phê sữa đá Highlands 235ml (Lô 35),Lon,19200,8,Đồ uống & Giải khát,257
SP002152,Bia Heineken Sleek 330ml (Lô 35),Lon,26400,10,Đồ uống & Giải khát,264
SP002153,Bia Tiger Crystal 330ml (Lô 35),Lon,23400,10,Đồ uống & Giải khát,271
SP002154,Bia Sài Gòn Special 330ml (Lô 35),Lon,19800,10,Đồ uống & Giải khát,278
SP002155,Sữa tươi tiệt trùng Vinamilk 180ml (Lô 35),Hộp,10200,0,Đồ uống & Giải khát,285
SP002156,Sữa chua uống Susu 110ml (Lô 35),Chai,7800,0,Đồ uống & Giải khát,292
SP002157,Nước ép bưởi hồng Vfresh 1L (Lô 35),Hộp,46800,8,Đồ uống & Giải khát,299
SP002158,Bánh ChocoPie Orion hộp 12 cái (Lô 35),Hộp,69600,8,Bánh kẹo & Ăn vặt,306
SP002159,Bánh Cosy mè giòn rụm Kinh Đô 288g (Lô 35),Gói,34800,8,Bánh kẹo & Ăn vặt,313
SP002160,Snack khoai tây Ostar vị tảo biển 90g (Lô 35),Gói,22800,8,Bánh kẹo & Ăn vặt,320
SP002161,Snack khoai tây Lay's tự nhiên 95g (Lô 35),Gói,25200,8,Bánh kẹo & Ăn vặt,327
SP002162,Bánh que Pocky socola Glico 40g (Lô 35),Hộp,16800,8,Bánh kẹo & Ăn vặt,334
SP002163,Kẹo dẻo Chupa Chups Sour Tubes 160g (Lô 35),Gói,28800,8,Bánh kẹo & Ăn vặt,341
SP002164,Bánh mì tươi nhân bơ sữa Kinh Đô 80g (Lô 35),Cái,10800,8,Bánh kẹo & Ăn vặt,348
SP002165,Bánh xốp Nabati phô mai 130g (Lô 35),Hộp,14400,8,Bánh kẹo & Ăn vặt,355
SP002166,Hạt điều rang muối vỏ lụa Bình Phước 500g (Lô 35),Hộp,162000,8,Bánh kẹo & Ăn vặt,362
SP002167,Hạt hướng dương Chacheer 130g (Lô 35),Gói,18000,8,Bánh kẹo & Ăn vặt,369
SP002168,Rong biển sấy vị truyền thống TaoKaeNoi 32g (Lô 35),Gói,31200,8,Bánh kẹo & Ăn vặt,376
SP002169,Nước mắm Nam Ngư Đệ Nhị chai 900ml (Lô 35),Chai,33600,8,Gia vị & Đồ nấu nướng,383
SP002170,Nước mắm Chinsu Cá Hồi chai 500ml (Lô 35),Chai,56400,8,Gia vị & Đồ nấu nướng,390
SP002171,Dầu ăn Simply đậu nành can 1L (Lô 35),Chai,70800,8,Gia vị & Đồ nấu nướng,397
SP002172,Dầu ăn Neptune Gold can 2L (Lô 35),Chai,162000,8,Gia vị & Đồ nấu nướng,404
SP002173,Hạt nêm Knorr thịt thăn xương ống 400g (Lô 35),Gói,44400,8,Gia vị & Đồ nấu nướng,411
SP002174,Bột ngọt Ajinomoto gói 454g (Lô 35),Gói,40800,8,Gia vị & Đồ nấu nướng,418
SP002175,Tương ớt Chinsu nắp bật 250g (Lô 35),Chai,18000,8,Gia vị & Đồ nấu nướng,425
SP002176,Tương cà Cholimex chai 330g (Lô 35),Chai,19200,8,Gia vị & Đồ nấu nướng,432
SP002177,Muối I-ốt Bạc Liêu túi 500g (Lô 35),Gói,7200,8,Gia vị & Đồ nấu nướng,439
SP002178,Đường tinh luyện Biên Hòa Daily 1kg (Lô 35),Gói,37200,8,Gia vị & Đồ nấu nướng,446
SP002179,Mì tôm Hảo Hảo tôm chua cay 75g (Lô 35),Gói,5400,8,Mì gói & Thực phẩm khô,453
SP002180,Mì Omachi sườn hầm ngũ quả 80g (Lô 35),Gói,10200,8,Mì gói & Thực phẩm khô,460
SP002181,Mì trộn Indomie Mi Goreng 85g (Lô 35),Gói,7800,8,Mì gói & Thực phẩm khô,467
SP002182,Phở gà Đệ Nhất Acecook 68g (Lô 35),Gói,9600,8,Mì gói & Thực phẩm khô,474
SP002183,Miến Phú Hương yến tiệc 210g (Lô 35),Gói,26400,8,Mì gói & Thực phẩm khô,481
SP002184,Cháo thịt bằm Cung Đình gói 50g (Lô 35),Gói,8400,8,Mì gói & Thực phẩm khô,488
SP002185,Cá nục sốt cà 3 Cô Gái lon 155g (Lô 35),Lon,22800,8,Mì gói & Thực phẩm khô,495
SP002186,Pate thịt heo Hạ Long lon 150g (Lô 35),Lon,32400,8,Mì gói & Thực phẩm khô,52
SP002187,Mì ly Modern lẩu thái tôm 65g (Lô 35),Ly,11400,8,Mì gói & Thực phẩm khô,59
SP002188,Nước rửa chén Sunlight chanh can 3.6kg (Lô 35),Can,130800,10,Hóa mỹ phẩm & Tẩy rửa,66
SP002189,Nước giặt OMO Matic cửa trên túi 3.6kg (Lô 35),Túi,210000,10,Hóa mỹ phẩm & Tẩy rửa,73
SP002190,Nước xả vải Comfort đậm đặc túi 3.2L (Lô 35),Túi,226800,10,Hóa mỹ phẩm & Tẩy rửa,80
SP002191,Dầu gội Clear thảo dược mát lạnh 630g (Lô 35),Chai,198000,10,Hóa mỹ phẩm & Tẩy rửa,87
SP002192,Dầu gội Pantene suôn mượt 650ml (Lô 35),Chai,186000,10,Hóa mỹ phẩm & Tẩy rửa,94
SP002193,Sữa tắm Lifebuoy bảo vệ vượt trội 800g (Lô 35),Chai,178800,10,Hóa mỹ phẩm & Tẩy rửa,101
SP002194,Kem đánh răng Colgate Total 12 180g (Lô 35),Tuýp,50400,10,Hóa mỹ phẩm & Tẩy rửa,108
SP002195,Bàn chải đánh răng P/S than tre (Lô 35),Cái,21600,10,Hóa mỹ phẩm & Tẩy rửa,115
SP002196,Nước lau sàn Sunlight hoa lily túi 3.6kg (Lô 35),Túi,102000,10,Hóa mỹ phẩm & Tẩy rửa,122
SP002197,Xịt muỗi Raid hương cam chanh 600ml (Lô 35),Chai,81600,10,Hóa mỹ phẩm & Tẩy rửa,129
SP002198,Giấy vệ sinh cuộn cao cấp Pulppy lốc 10 cuộn (Lô 35),Lốc,110400,8,Đồ gia dụng & Tiện ích,136
SP002199,Khăn giấy lụa rút Paseo 200 tờ (Lô 35),Hộp,30000,8,Đồ gia dụng & Tiện ích,143
SP002200,Màng bọc thực phẩm PE Sunhouse 30cmx150m (Lô 35),Hộp,90000,8,Đồ gia dụng & Tiện ích,150
SP002201,Túi rác đen tự hủy sinh học Opec 3 cuộn (Lô 35),Gói,45600,8,Đồ gia dụng & Tiện ích,157
SP002202,Băng dính dán thùng trong suốt 5cm x 100y (Lô 35),Cuộn,19200,8,Đồ gia dụng & Tiện ích,164
SP002203,Pin tiểu AA Panasonic vỉ 4 viên (Lô 35),Vỉ,31200,8,Đồ gia dụng & Tiện ích,171
SP002204,Khẩu trang y tế 4 lớp kháng khuẩn hộp 50 cái (Lô 35),Hộp,42000,8,Đồ gia dụng & Tiện ích,178
SP002205,Nước rửa tay Lifebuoy hương chanh chai 450ml (Lô 35),Chai,62400,8,Đồ gia dụng & Tiện ích,185
SP002206,Coca Cola Sleek 320ml (Lô 36),Lon,11000,8,Đồ uống & Giải khát,192
SP002207,Pepsi Sleek 320ml (Lô 36),Lon,10500,8,Đồ uống & Giải khát,199
SP002208,Nước cam ép Twister 450ml (Lô 36),Chai,12000,8,Đồ uống & Giải khát,206
SP002209,Trà xanh Không Độ 455ml (Lô 36),Chai,10000,8,Đồ uống & Giải khát,213
SP002210,Trà Ô Long Tea+ Plus 455ml (Lô 36),Chai,12000,8,Đồ uống & Giải khát,220
SP002211,Nước tăng lực Red Bull 250ml (Lô 36),Lon,14000,8,Đồ uống & Giải khát,227
SP002212,Nước khoáng Lavie 500ml (Lô 36),Chai,6000,8,Đồ uống & Giải khát,234
SP002213,Nước tinh khiết Aquafina 500ml (Lô 36),Chai,6000,8,Đồ uống & Giải khát,241
SP002214,Cà phê sữa đá Highlands 235ml (Lô 36),Lon,16000,8,Đồ uống & Giải khát,248
SP002215,Bia Heineken Sleek 330ml (Lô 36),Lon,22000,10,Đồ uống & Giải khát,255
SP002216,Bia Tiger Crystal 330ml (Lô 36),Lon,19500,10,Đồ uống & Giải khát,262
SP002217,Bia Sài Gòn Special 330ml (Lô 36),Lon,16500,10,Đồ uống & Giải khát,269
SP002218,Sữa tươi tiệt trùng Vinamilk 180ml (Lô 36),Hộp,8500,0,Đồ uống & Giải khát,276
SP002219,Sữa chua uống Susu 110ml (Lô 36),Chai,6500,0,Đồ uống & Giải khát,283
SP002220,Nước ép bưởi hồng Vfresh 1L (Lô 36),Hộp,39000,8,Đồ uống & Giải khát,290
SP002221,Bánh ChocoPie Orion hộp 12 cái (Lô 36),Hộp,58000,8,Bánh kẹo & Ăn vặt,297
SP002222,Bánh Cosy mè giòn rụm Kinh Đô 288g (Lô 36),Gói,29000,8,Bánh kẹo & Ăn vặt,304
SP002223,Snack khoai tây Ostar vị tảo biển 90g (Lô 36),Gói,19000,8,Bánh kẹo & Ăn vặt,311
SP002224,Snack khoai tây Lay's tự nhiên 95g (Lô 36),Gói,21000,8,Bánh kẹo & Ăn vặt,318
SP002225,Bánh que Pocky socola Glico 40g (Lô 36),Hộp,14000,8,Bánh kẹo & Ăn vặt,325
SP002226,Kẹo dẻo Chupa Chups Sour Tubes 160g (Lô 36),Gói,24000,8,Bánh kẹo & Ăn vặt,332
SP002227,Bánh mì tươi nhân bơ sữa Kinh Đô 80g (Lô 36),Cái,9000,8,Bánh kẹo & Ăn vặt,339
SP002228,Bánh xốp Nabati phô mai 130g (Lô 36),Hộp,12000,8,Bánh kẹo & Ăn vặt,346
SP002229,Hạt điều rang muối vỏ lụa Bình Phước 500g (Lô 36),Hộp,135000,8,Bánh kẹo & Ăn vặt,353
SP002230,Hạt hướng dương Chacheer 130g (Lô 36),Gói,15000,8,Bánh kẹo & Ăn vặt,360
SP002231,Rong biển sấy vị truyền thống TaoKaeNoi 32g (Lô 36),Gói,26000,8,Bánh kẹo & Ăn vặt,367
SP002232,Nước mắm Nam Ngư Đệ Nhị chai 900ml (Lô 36),Chai,28000,8,Gia vị & Đồ nấu nướng,374
SP002233,Nước mắm Chinsu Cá Hồi chai 500ml (Lô 36),Chai,47000,8,Gia vị & Đồ nấu nướng,381
SP002234,Dầu ăn Simply đậu nành can 1L (Lô 36),Chai,59000,8,Gia vị & Đồ nấu nướng,388
SP002235,Dầu ăn Neptune Gold can 2L (Lô 36),Chai,135000,8,Gia vị & Đồ nấu nướng,395
SP002236,Hạt nêm Knorr thịt thăn xương ống 400g (Lô 36),Gói,37000,8,Gia vị & Đồ nấu nướng,402
SP002237,Bột ngọt Ajinomoto gói 454g (Lô 36),Gói,34000,8,Gia vị & Đồ nấu nướng,409
SP002238,Tương ớt Chinsu nắp bật 250g (Lô 36),Chai,15000,8,Gia vị & Đồ nấu nướng,416
SP002239,Tương cà Cholimex chai 330g (Lô 36),Chai,16000,8,Gia vị & Đồ nấu nướng,423
SP002240,Muối I-ốt Bạc Liêu túi 500g (Lô 36),Gói,6000,8,Gia vị & Đồ nấu nướng,430
SP002241,Đường tinh luyện Biên Hòa Daily 1kg (Lô 36),Gói,31000,8,Gia vị & Đồ nấu nướng,437
SP002242,Mì tôm Hảo Hảo tôm chua cay 75g (Lô 36),Gói,4500,8,Mì gói & Thực phẩm khô,444
SP002243,Mì Omachi sườn hầm ngũ quả 80g (Lô 36),Gói,8500,8,Mì gói & Thực phẩm khô,451
SP002244,Mì trộn Indomie Mi Goreng 85g (Lô 36),Gói,6500,8,Mì gói & Thực phẩm khô,458
SP002245,Phở gà Đệ Nhất Acecook 68g (Lô 36),Gói,8000,8,Mì gói & Thực phẩm khô,465
SP002246,Miến Phú Hương yến tiệc 210g (Lô 36),Gói,22000,8,Mì gói & Thực phẩm khô,472
SP002247,Cháo thịt bằm Cung Đình gói 50g (Lô 36),Gói,7000,8,Mì gói & Thực phẩm khô,479
SP002248,Cá nục sốt cà 3 Cô Gái lon 155g (Lô 36),Lon,19000,8,Mì gói & Thực phẩm khô,486
SP002249,Pate thịt heo Hạ Long lon 150g (Lô 36),Lon,27000,8,Mì gói & Thực phẩm khô,493
SP002250,Mì ly Modern lẩu thái tôm 65g (Lô 36),Ly,9500,8,Mì gói & Thực phẩm khô,50
SP002251,Nước rửa chén Sunlight chanh can 3.6kg (Lô 36),Can,109000,10,Hóa mỹ phẩm & Tẩy rửa,57
SP002252,Nước giặt OMO Matic cửa trên túi 3.6kg (Lô 36),Túi,175000,10,Hóa mỹ phẩm & Tẩy rửa,64
SP002253,Nước xả vải Comfort đậm đặc túi 3.2L (Lô 36),Túi,189000,10,Hóa mỹ phẩm & Tẩy rửa,71
SP002254,Dầu gội Clear thảo dược mát lạnh 630g (Lô 36),Chai,165000,10,Hóa mỹ phẩm & Tẩy rửa,78
SP002255,Dầu gội Pantene suôn mượt 650ml (Lô 36),Chai,155000,10,Hóa mỹ phẩm & Tẩy rửa,85
SP002256,Sữa tắm Lifebuoy bảo vệ vượt trội 800g (Lô 36),Chai,149000,10,Hóa mỹ phẩm & Tẩy rửa,92
SP002257,Kem đánh răng Colgate Total 12 180g (Lô 36),Tuýp,42000,10,Hóa mỹ phẩm & Tẩy rửa,99
SP002258,Bàn chải đánh răng P/S than tre (Lô 36),Cái,18000,10,Hóa mỹ phẩm & Tẩy rửa,106
SP002259,Nước lau sàn Sunlight hoa lily túi 3.6kg (Lô 36),Túi,85000,10,Hóa mỹ phẩm & Tẩy rửa,113
SP002260,Xịt muỗi Raid hương cam chanh 600ml (Lô 36),Chai,68000,10,Hóa mỹ phẩm & Tẩy rửa,120
SP002261,Giấy vệ sinh cuộn cao cấp Pulppy lốc 10 cuộn (Lô 36),Lốc,92000,8,Đồ gia dụng & Tiện ích,127
SP002262,Khăn giấy lụa rút Paseo 200 tờ (Lô 36),Hộp,25000,8,Đồ gia dụng & Tiện ích,134
SP002263,Màng bọc thực phẩm PE Sunhouse 30cmx150m (Lô 36),Hộp,75000,8,Đồ gia dụng & Tiện ích,141
SP002264,Túi rác đen tự hủy sinh học Opec 3 cuộn (Lô 36),Gói,38000,8,Đồ gia dụng & Tiện ích,148
SP002265,Băng dính dán thùng trong suốt 5cm x 100y (Lô 36),Cuộn,16000,8,Đồ gia dụng & Tiện ích,155
SP002266,Pin tiểu AA Panasonic vỉ 4 viên (Lô 36),Vỉ,26000,8,Đồ gia dụng & Tiện ích,162
SP002267,Khẩu trang y tế 4 lớp kháng khuẩn hộp 50 cái (Lô 36),Hộp,35000,8,Đồ gia dụng & Tiện ích,169
SP002268,Nước rửa tay Lifebuoy hương chanh chai 450ml (Lô 36),Chai,52000,8,Đồ gia dụng & Tiện ích,176
SP002269,Coca Cola Sleek 320ml (Lô 37),Lon,11550,8,Đồ uống & Giải khát,183
SP002270,Pepsi Sleek 320ml (Lô 37),Lon,11025,8,Đồ uống & Giải khát,190
SP002271,Nước cam ép Twister 450ml (Lô 37),Chai,12600,8,Đồ uống & Giải khát,197
SP002272,Trà xanh Không Độ 455ml (Lô 37),Chai,10500,8,Đồ uống & Giải khát,204
SP002273,Trà Ô Long Tea+ Plus 455ml (Lô 37),Chai,12600,8,Đồ uống & Giải khát,211
SP002274,Nước tăng lực Red Bull 250ml (Lô 37),Lon,14700,8,Đồ uống & Giải khát,218
SP002275,Nước khoáng Lavie 500ml (Lô 37),Chai,6300,8,Đồ uống & Giải khát,225
SP002276,Nước tinh khiết Aquafina 500ml (Lô 37),Chai,6300,8,Đồ uống & Giải khát,232
SP002277,Cà phê sữa đá Highlands 235ml (Lô 37),Lon,16800,8,Đồ uống & Giải khát,239
SP002278,Bia Heineken Sleek 330ml (Lô 37),Lon,23100,10,Đồ uống & Giải khát,246
SP002279,Bia Tiger Crystal 330ml (Lô 37),Lon,20475,10,Đồ uống & Giải khát,253
SP002280,Bia Sài Gòn Special 330ml (Lô 37),Lon,17325,10,Đồ uống & Giải khát,260
SP002281,Sữa tươi tiệt trùng Vinamilk 180ml (Lô 37),Hộp,8925,0,Đồ uống & Giải khát,267
SP002282,Sữa chua uống Susu 110ml (Lô 37),Chai,6825,0,Đồ uống & Giải khát,274
SP002283,Nước ép bưởi hồng Vfresh 1L (Lô 37),Hộp,40950,8,Đồ uống & Giải khát,281
SP002284,Bánh ChocoPie Orion hộp 12 cái (Lô 37),Hộp,60900,8,Bánh kẹo & Ăn vặt,288
SP002285,Bánh Cosy mè giòn rụm Kinh Đô 288g (Lô 37),Gói,30450,8,Bánh kẹo & Ăn vặt,295
SP002286,Snack khoai tây Ostar vị tảo biển 90g (Lô 37),Gói,19950,8,Bánh kẹo & Ăn vặt,302
SP002287,Snack khoai tây Lay's tự nhiên 95g (Lô 37),Gói,22050,8,Bánh kẹo & Ăn vặt,309
SP002288,Bánh que Pocky socola Glico 40g (Lô 37),Hộp,14700,8,Bánh kẹo & Ăn vặt,316
SP002289,Kẹo dẻo Chupa Chups Sour Tubes 160g (Lô 37),Gói,25200,8,Bánh kẹo & Ăn vặt,323
SP002290,Bánh mì tươi nhân bơ sữa Kinh Đô 80g (Lô 37),Cái,9450,8,Bánh kẹo & Ăn vặt,330
SP002291,Bánh xốp Nabati phô mai 130g (Lô 37),Hộp,12600,8,Bánh kẹo & Ăn vặt,337
SP002292,Hạt điều rang muối vỏ lụa Bình Phước 500g (Lô 37),Hộp,141750,8,Bánh kẹo & Ăn vặt,344
SP002293,Hạt hướng dương Chacheer 130g (Lô 37),Gói,15750,8,Bánh kẹo & Ăn vặt,351
SP002294,Rong biển sấy vị truyền thống TaoKaeNoi 32g (Lô 37),Gói,27300,8,Bánh kẹo & Ăn vặt,358
SP002295,Nước mắm Nam Ngư Đệ Nhị chai 900ml (Lô 37),Chai,29400,8,Gia vị & Đồ nấu nướng,365
SP002296,Nước mắm Chinsu Cá Hồi chai 500ml (Lô 37),Chai,49350,8,Gia vị & Đồ nấu nướng,372
SP002297,Dầu ăn Simply đậu nành can 1L (Lô 37),Chai,61950,8,Gia vị & Đồ nấu nướng,379
SP002298,Dầu ăn Neptune Gold can 2L (Lô 37),Chai,141750,8,Gia vị & Đồ nấu nướng,386
SP002299,Hạt nêm Knorr thịt thăn xương ống 400g (Lô 37),Gói,38850,8,Gia vị & Đồ nấu nướng,393
SP002300,Bột ngọt Ajinomoto gói 454g (Lô 37),Gói,35700,8,Gia vị & Đồ nấu nướng,400
SP002301,Tương ớt Chinsu nắp bật 250g (Lô 37),Chai,15750,8,Gia vị & Đồ nấu nướng,407
SP002302,Tương cà Cholimex chai 330g (Lô 37),Chai,16800,8,Gia vị & Đồ nấu nướng,414
SP002303,Muối I-ốt Bạc Liêu túi 500g (Lô 37),Gói,6300,8,Gia vị & Đồ nấu nướng,421
SP002304,Đường tinh luyện Biên Hòa Daily 1kg (Lô 37),Gói,32550,8,Gia vị & Đồ nấu nướng,428
SP002305,Mì tôm Hảo Hảo tôm chua cay 75g (Lô 37),Gói,4725,8,Mì gói & Thực phẩm khô,435
SP002306,Mì Omachi sườn hầm ngũ quả 80g (Lô 37),Gói,8925,8,Mì gói & Thực phẩm khô,442
SP002307,Mì trộn Indomie Mi Goreng 85g (Lô 37),Gói,6825,8,Mì gói & Thực phẩm khô,449
SP002308,Phở gà Đệ Nhất Acecook 68g (Lô 37),Gói,8400,8,Mì gói & Thực phẩm khô,456
SP002309,Miến Phú Hương yến tiệc 210g (Lô 37),Gói,23100,8,Mì gói & Thực phẩm khô,463
SP002310,Cháo thịt bằm Cung Đình gói 50g (Lô 37),Gói,7350,8,Mì gói & Thực phẩm khô,470
SP002311,Cá nục sốt cà 3 Cô Gái lon 155g (Lô 37),Lon,19950,8,Mì gói & Thực phẩm khô,477
SP002312,Pate thịt heo Hạ Long lon 150g (Lô 37),Lon,28350,8,Mì gói & Thực phẩm khô,484
SP002313,Mì ly Modern lẩu thái tôm 65g (Lô 37),Ly,9975,8,Mì gói & Thực phẩm khô,491
SP002314,Nước rửa chén Sunlight chanh can 3.6kg (Lô 37),Can,114450,10,Hóa mỹ phẩm & Tẩy rửa,498
SP002315,Nước giặt OMO Matic cửa trên túi 3.6kg (Lô 37),Túi,183750,10,Hóa mỹ phẩm & Tẩy rửa,55
SP002316,Nước xả vải Comfort đậm đặc túi 3.2L (Lô 37),Túi,198450,10,Hóa mỹ phẩm & Tẩy rửa,62
SP002317,Dầu gội Clear thảo dược mát lạnh 630g (Lô 37),Chai,173250,10,Hóa mỹ phẩm & Tẩy rửa,69
SP002318,Dầu gội Pantene suôn mượt 650ml (Lô 37),Chai,162750,10,Hóa mỹ phẩm & Tẩy rửa,76
SP002319,Sữa tắm Lifebuoy bảo vệ vượt trội 800g (Lô 37),Chai,156450,10,Hóa mỹ phẩm & Tẩy rửa,83
SP002320,Kem đánh răng Colgate Total 12 180g (Lô 37),Tuýp,44100,10,Hóa mỹ phẩm & Tẩy rửa,90
SP002321,Bàn chải đánh răng P/S than tre (Lô 37),Cái,18900,10,Hóa mỹ phẩm & Tẩy rửa,97
SP002322,Nước lau sàn Sunlight hoa lily túi 3.6kg (Lô 37),Túi,89250,10,Hóa mỹ phẩm & Tẩy rửa,104
SP002323,Xịt muỗi Raid hương cam chanh 600ml (Lô 37),Chai,71400,10,Hóa mỹ phẩm & Tẩy rửa,111
SP002324,Giấy vệ sinh cuộn cao cấp Pulppy lốc 10 cuộn (Lô 37),Lốc,96600,8,Đồ gia dụng & Tiện ích,118
SP002325,Khăn giấy lụa rút Paseo 200 tờ (Lô 37),Hộp,26250,8,Đồ gia dụng & Tiện ích,125
SP002326,Màng bọc thực phẩm PE Sunhouse 30cmx150m (Lô 37),Hộp,78750,8,Đồ gia dụng & Tiện ích,132
SP002327,Túi rác đen tự hủy sinh học Opec 3 cuộn (Lô 37),Gói,39900,8,Đồ gia dụng & Tiện ích,139
SP002328,Băng dính dán thùng trong suốt 5cm x 100y (Lô 37),Cuộn,16800,8,Đồ gia dụng & Tiện ích,146
SP002329,Pin tiểu AA Panasonic vỉ 4 viên (Lô 37),Vỉ,27300,8,Đồ gia dụng & Tiện ích,153
SP002330,Khẩu trang y tế 4 lớp kháng khuẩn hộp 50 cái (Lô 37),Hộp,36750,8,Đồ gia dụng & Tiện ích,160
SP002331,Nước rửa tay Lifebuoy hương chanh chai 450ml (Lô 37),Chai,54600,8,Đồ gia dụng & Tiện ích,167
SP002332,Coca Cola Sleek 320ml (Lô 38),Lon,12100,8,Đồ uống & Giải khát,174
SP002333,Pepsi Sleek 320ml (Lô 38),Lon,11550,8,Đồ uống & Giải khát,181
SP002334,Nước cam ép Twister 450ml (Lô 38),Chai,13200,8,Đồ uống & Giải khát,188
SP002335,Trà xanh Không Độ 455ml (Lô 38),Chai,11000,8,Đồ uống & Giải khát,195
SP002336,Trà Ô Long Tea+ Plus 455ml (Lô 38),Chai,13200,8,Đồ uống & Giải khát,202
SP002337,Nước tăng lực Red Bull 250ml (Lô 38),Lon,15400,8,Đồ uống & Giải khát,209
SP002338,Nước khoáng Lavie 500ml (Lô 38),Chai,6600,8,Đồ uống & Giải khát,216
SP002339,Nước tinh khiết Aquafina 500ml (Lô 38),Chai,6600,8,Đồ uống & Giải khát,223
SP002340,Cà phê sữa đá Highlands 235ml (Lô 38),Lon,17600,8,Đồ uống & Giải khát,230
SP002341,Bia Heineken Sleek 330ml (Lô 38),Lon,24200,10,Đồ uống & Giải khát,237
SP002342,Bia Tiger Crystal 330ml (Lô 38),Lon,21450,10,Đồ uống & Giải khát,244
SP002343,Bia Sài Gòn Special 330ml (Lô 38),Lon,18150,10,Đồ uống & Giải khát,251
SP002344,Sữa tươi tiệt trùng Vinamilk 180ml (Lô 38),Hộp,9350,0,Đồ uống & Giải khát,258
SP002345,Sữa chua uống Susu 110ml (Lô 38),Chai,7150,0,Đồ uống & Giải khát,265
SP002346,Nước ép bưởi hồng Vfresh 1L (Lô 38),Hộp,42900,8,Đồ uống & Giải khát,272
SP002347,Bánh ChocoPie Orion hộp 12 cái (Lô 38),Hộp,63800,8,Bánh kẹo & Ăn vặt,279
SP002348,Bánh Cosy mè giòn rụm Kinh Đô 288g (Lô 38),Gói,31900,8,Bánh kẹo & Ăn vặt,286
SP002349,Snack khoai tây Ostar vị tảo biển 90g (Lô 38),Gói,20900,8,Bánh kẹo & Ăn vặt,293
SP002350,Snack khoai tây Lay's tự nhiên 95g (Lô 38),Gói,23100,8,Bánh kẹo & Ăn vặt,300
SP002351,Bánh que Pocky socola Glico 40g (Lô 38),Hộp,15400,8,Bánh kẹo & Ăn vặt,307
SP002352,Kẹo dẻo Chupa Chups Sour Tubes 160g (Lô 38),Gói,26400,8,Bánh kẹo & Ăn vặt,314
SP002353,Bánh mì tươi nhân bơ sữa Kinh Đô 80g (Lô 38),Cái,9900,8,Bánh kẹo & Ăn vặt,321
SP002354,Bánh xốp Nabati phô mai 130g (Lô 38),Hộp,13200,8,Bánh kẹo & Ăn vặt,328
SP002355,Hạt điều rang muối vỏ lụa Bình Phước 500g (Lô 38),Hộp,148500,8,Bánh kẹo & Ăn vặt,335
SP002356,Hạt hướng dương Chacheer 130g (Lô 38),Gói,16500,8,Bánh kẹo & Ăn vặt,342
SP002357,Rong biển sấy vị truyền thống TaoKaeNoi 32g (Lô 38),Gói,28600,8,Bánh kẹo & Ăn vặt,349
SP002358,Nước mắm Nam Ngư Đệ Nhị chai 900ml (Lô 38),Chai,30800,8,Gia vị & Đồ nấu nướng,356
SP002359,Nước mắm Chinsu Cá Hồi chai 500ml (Lô 38),Chai,51700,8,Gia vị & Đồ nấu nướng,363
SP002360,Dầu ăn Simply đậu nành can 1L (Lô 38),Chai,64900,8,Gia vị & Đồ nấu nướng,370
SP002361,Dầu ăn Neptune Gold can 2L (Lô 38),Chai,148500,8,Gia vị & Đồ nấu nướng,377
SP002362,Hạt nêm Knorr thịt thăn xương ống 400g (Lô 38),Gói,40700,8,Gia vị & Đồ nấu nướng,384
SP002363,Bột ngọt Ajinomoto gói 454g (Lô 38),Gói,37400,8,Gia vị & Đồ nấu nướng,391
SP002364,Tương ớt Chinsu nắp bật 250g (Lô 38),Chai,16500,8,Gia vị & Đồ nấu nướng,398
SP002365,Tương cà Cholimex chai 330g (Lô 38),Chai,17600,8,Gia vị & Đồ nấu nướng,405
SP002366,Muối I-ốt Bạc Liêu túi 500g (Lô 38),Gói,6600,8,Gia vị & Đồ nấu nướng,412
SP002367,Đường tinh luyện Biên Hòa Daily 1kg (Lô 38),Gói,34100,8,Gia vị & Đồ nấu nướng,419
SP002368,Mì tôm Hảo Hảo tôm chua cay 75g (Lô 38),Gói,4950,8,Mì gói & Thực phẩm khô,426
SP002369,Mì Omachi sườn hầm ngũ quả 80g (Lô 38),Gói,9350,8,Mì gói & Thực phẩm khô,433
SP002370,Mì trộn Indomie Mi Goreng 85g (Lô 38),Gói,7150,8,Mì gói & Thực phẩm khô,440
SP002371,Phở gà Đệ Nhất Acecook 68g (Lô 38),Gói,8800,8,Mì gói & Thực phẩm khô,447
SP002372,Miến Phú Hương yến tiệc 210g (Lô 38),Gói,24200,8,Mì gói & Thực phẩm khô,454
SP002373,Cháo thịt bằm Cung Đình gói 50g (Lô 38),Gói,7700,8,Mì gói & Thực phẩm khô,461
SP002374,Cá nục sốt cà 3 Cô Gái lon 155g (Lô 38),Lon,20900,8,Mì gói & Thực phẩm khô,468
SP002375,Pate thịt heo Hạ Long lon 150g (Lô 38),Lon,29700,8,Mì gói & Thực phẩm khô,475
SP002376,Mì ly Modern lẩu thái tôm 65g (Lô 38),Ly,10450,8,Mì gói & Thực phẩm khô,482
SP002377,Nước rửa chén Sunlight chanh can 3.6kg (Lô 38),Can,119900,10,Hóa mỹ phẩm & Tẩy rửa,489
SP002378,Nước giặt OMO Matic cửa trên túi 3.6kg (Lô 38),Túi,192500,10,Hóa mỹ phẩm & Tẩy rửa,496
SP002379,Nước xả vải Comfort đậm đặc túi 3.2L (Lô 38),Túi,207900,10,Hóa mỹ phẩm & Tẩy rửa,53
SP002380,Dầu gội Clear thảo dược mát lạnh 630g (Lô 38),Chai,181500,10,Hóa mỹ phẩm & Tẩy rửa,60
SP002381,Dầu gội Pantene suôn mượt 650ml (Lô 38),Chai,170500,10,Hóa mỹ phẩm & Tẩy rửa,67
SP002382,Sữa tắm Lifebuoy bảo vệ vượt trội 800g (Lô 38),Chai,163900,10,Hóa mỹ phẩm & Tẩy rửa,74
SP002383,Kem đánh răng Colgate Total 12 180g (Lô 38),Tuýp,46200,10,Hóa mỹ phẩm & Tẩy rửa,81
SP002384,Bàn chải đánh răng P/S than tre (Lô 38),Cái,19800,10,Hóa mỹ phẩm & Tẩy rửa,88
SP002385,Nước lau sàn Sunlight hoa lily túi 3.6kg (Lô 38),Túi,93500,10,Hóa mỹ phẩm & Tẩy rửa,95
SP002386,Xịt muỗi Raid hương cam chanh 600ml (Lô 38),Chai,74800,10,Hóa mỹ phẩm & Tẩy rửa,102
SP002387,Giấy vệ sinh cuộn cao cấp Pulppy lốc 10 cuộn (Lô 38),Lốc,101200,8,Đồ gia dụng & Tiện ích,109
SP002388,Khăn giấy lụa rút Paseo 200 tờ (Lô 38),Hộp,27500,8,Đồ gia dụng & Tiện ích,116
SP002389,Màng bọc thực phẩm PE Sunhouse 30cmx150m (Lô 38),Hộp,82500,8,Đồ gia dụng & Tiện ích,123
SP002390,Túi rác đen tự hủy sinh học Opec 3 cuộn (Lô 38),Gói,41800,8,Đồ gia dụng & Tiện ích,130
SP002391,Băng dính dán thùng trong suốt 5cm x 100y (Lô 38),Cuộn,17600,8,Đồ gia dụng & Tiện ích,137
SP002392,Pin tiểu AA Panasonic vỉ 4 viên (Lô 38),Vỉ,28600,8,Đồ gia dụng & Tiện ích,144
SP002393,Khẩu trang y tế 4 lớp kháng khuẩn hộp 50 cái (Lô 38),Hộp,38500,8,Đồ gia dụng & Tiện ích,151
SP002394,Nước rửa tay Lifebuoy hương chanh chai 450ml (Lô 38),Chai,57200,8,Đồ gia dụng & Tiện ích,158
SP002395,Coca Cola Sleek 320ml (Lô 39),Lon,12649,8,Đồ uống & Giải khát,165
SP002396,Pepsi Sleek 320ml (Lô 39),Lon,12074,8,Đồ uống & Giải khát,172
SP002397,Nước cam ép Twister 450ml (Lô 39),Chai,13799,8,Đồ uống & Giải khát,179
SP002398,Trà xanh Không Độ 455ml (Lô 39),Chai,11500,8,Đồ uống & Giải khát,186
SP002399,Trà Ô Long Tea+ Plus 455ml (Lô 39),Chai,13799,8,Đồ uống & Giải khát,193
SP002400,Nước tăng lực Red Bull 250ml (Lô 39),Lon,16099,8,Đồ uống & Giải khát,200
SP002401,Nước khoáng Lavie 500ml (Lô 39),Chai,6899,8,Đồ uống & Giải khát,207
SP002402,Nước tinh khiết Aquafina 500ml (Lô 39),Chai,6899,8,Đồ uống & Giải khát,214
SP002403,Cà phê sữa đá Highlands 235ml (Lô 39),Lon,18400,8,Đồ uống & Giải khát,221
SP002404,Bia Heineken Sleek 330ml (Lô 39),Lon,25299,10,Đồ uống & Giải khát,228
SP002405,Bia Tiger Crystal 330ml (Lô 39),Lon,22425,10,Đồ uống & Giải khát,235
SP002406,Bia Sài Gòn Special 330ml (Lô 39),Lon,18975,10,Đồ uống & Giải khát,242
SP002407,Sữa tươi tiệt trùng Vinamilk 180ml (Lô 39),Hộp,9775,0,Đồ uống & Giải khát,249
SP002408,Sữa chua uống Susu 110ml (Lô 39),Chai,7474,0,Đồ uống & Giải khát,256
SP002409,Nước ép bưởi hồng Vfresh 1L (Lô 39),Hộp,44850,8,Đồ uống & Giải khát,263
SP002410,Bánh ChocoPie Orion hộp 12 cái (Lô 39),Hộp,66700,8,Bánh kẹo & Ăn vặt,270
SP002411,Bánh Cosy mè giòn rụm Kinh Đô 288g (Lô 39),Gói,33350,8,Bánh kẹo & Ăn vặt,277
SP002412,Snack khoai tây Ostar vị tảo biển 90g (Lô 39),Gói,21850,8,Bánh kẹo & Ăn vặt,284
SP002413,Snack khoai tây Lay's tự nhiên 95g (Lô 39),Gói,24149,8,Bánh kẹo & Ăn vặt,291
SP002414,Bánh que Pocky socola Glico 40g (Lô 39),Hộp,16099,8,Bánh kẹo & Ăn vặt,298
SP002415,Kẹo dẻo Chupa Chups Sour Tubes 160g (Lô 39),Gói,27599,8,Bánh kẹo & Ăn vặt,305
SP002416,Bánh mì tươi nhân bơ sữa Kinh Đô 80g (Lô 39),Cái,10350,8,Bánh kẹo & Ăn vặt,312
SP002417,Bánh xốp Nabati phô mai 130g (Lô 39),Hộp,13799,8,Bánh kẹo & Ăn vặt,319
SP002418,Hạt điều rang muối vỏ lụa Bình Phước 500g (Lô 39),Hộp,155250,8,Bánh kẹo & Ăn vặt,326
SP002419,Hạt hướng dương Chacheer 130g (Lô 39),Gói,17250,8,Bánh kẹo & Ăn vặt,333
SP002420,Rong biển sấy vị truyền thống TaoKaeNoi 32g (Lô 39),Gói,29899,8,Bánh kẹo & Ăn vặt,340
SP002421,Nước mắm Nam Ngư Đệ Nhị chai 900ml (Lô 39),Chai,32199,8,Gia vị & Đồ nấu nướng,347
SP002422,Nước mắm Chinsu Cá Hồi chai 500ml (Lô 39),Chai,54049,8,Gia vị & Đồ nấu nướng,354
SP002423,Dầu ăn Simply đậu nành can 1L (Lô 39),Chai,67850,8,Gia vị & Đồ nấu nướng,361
SP002424,Dầu ăn Neptune Gold can 2L (Lô 39),Chai,155250,8,Gia vị & Đồ nấu nướng,368
SP002425,Hạt nêm Knorr thịt thăn xương ống 400g (Lô 39),Gói,42550,8,Gia vị & Đồ nấu nướng,375
SP002426,Bột ngọt Ajinomoto gói 454g (Lô 39),Gói,39100,8,Gia vị & Đồ nấu nướng,382
SP002427,Tương ớt Chinsu nắp bật 250g (Lô 39),Chai,17250,8,Gia vị & Đồ nấu nướng,389
SP002428,Tương cà Cholimex chai 330g (Lô 39),Chai,18400,8,Gia vị & Đồ nấu nướng,396
SP002429,Muối I-ốt Bạc Liêu túi 500g (Lô 39),Gói,6899,8,Gia vị & Đồ nấu nướng,403
SP002430,Đường tinh luyện Biên Hòa Daily 1kg (Lô 39),Gói,35650,8,Gia vị & Đồ nấu nướng,410
SP002431,Mì tôm Hảo Hảo tôm chua cay 75g (Lô 39),Gói,5175,8,Mì gói & Thực phẩm khô,417
SP002432,Mì Omachi sườn hầm ngũ quả 80g (Lô 39),Gói,9775,8,Mì gói & Thực phẩm khô,424
SP002433,Mì trộn Indomie Mi Goreng 85g (Lô 39),Gói,7474,8,Mì gói & Thực phẩm khô,431
SP002434,Phở gà Đệ Nhất Acecook 68g (Lô 39),Gói,9200,8,Mì gói & Thực phẩm khô,438
SP002435,Miến Phú Hương yến tiệc 210g (Lô 39),Gói,25299,8,Mì gói & Thực phẩm khô,445
SP002436,Cháo thịt bằm Cung Đình gói 50g (Lô 39),Gói,8049,8,Mì gói & Thực phẩm khô,452
SP002437,Cá nục sốt cà 3 Cô Gái lon 155g (Lô 39),Lon,21850,8,Mì gói & Thực phẩm khô,459
SP002438,Pate thịt heo Hạ Long lon 150g (Lô 39),Lon,31049,8,Mì gói & Thực phẩm khô,466
SP002439,Mì ly Modern lẩu thái tôm 65g (Lô 39),Ly,10925,8,Mì gói & Thực phẩm khô,473
SP002440,Nước rửa chén Sunlight chanh can 3.6kg (Lô 39),Can,125349,10,Hóa mỹ phẩm & Tẩy rửa,480
SP002441,Nước giặt OMO Matic cửa trên túi 3.6kg (Lô 39),Túi,201249,10,Hóa mỹ phẩm & Tẩy rửa,487
SP002442,Nước xả vải Comfort đậm đặc túi 3.2L (Lô 39),Túi,217349,10,Hóa mỹ phẩm & Tẩy rửa,494
SP002443,Dầu gội Clear thảo dược mát lạnh 630g (Lô 39),Chai,189749,10,Hóa mỹ phẩm & Tẩy rửa,51
SP002444,Dầu gội Pantene suôn mượt 650ml (Lô 39),Chai,178250,10,Hóa mỹ phẩm & Tẩy rửa,58
SP002445,Sữa tắm Lifebuoy bảo vệ vượt trội 800g (Lô 39),Chai,171350,10,Hóa mỹ phẩm & Tẩy rửa,65
SP002446,Kem đánh răng Colgate Total 12 180g (Lô 39),Tuýp,48299,10,Hóa mỹ phẩm & Tẩy rửa,72
SP002447,Bàn chải đánh răng P/S than tre (Lô 39),Cái,20700,10,Hóa mỹ phẩm & Tẩy rửa,79
SP002448,Nước lau sàn Sunlight hoa lily túi 3.6kg (Lô 39),Túi,97749,10,Hóa mỹ phẩm & Tẩy rửa,86
SP002449,Xịt muỗi Raid hương cam chanh 600ml (Lô 39),Chai,78200,10,Hóa mỹ phẩm & Tẩy rửa,93
SP002450,Giấy vệ sinh cuộn cao cấp Pulppy lốc 10 cuộn (Lô 39),Lốc,105799,8,Đồ gia dụng & Tiện ích,100
SP002451,Khăn giấy lụa rút Paseo 200 tờ (Lô 39),Hộp,28749,8,Đồ gia dụng & Tiện ích,107
SP002452,Màng bọc thực phẩm PE Sunhouse 30cmx150m (Lô 39),Hộp,86250,8,Đồ gia dụng & Tiện ích,114
SP002453,Túi rác đen tự hủy sinh học Opec 3 cuộn (Lô 39),Gói,43700,8,Đồ gia dụng & Tiện ích,121
SP002454,Băng dính dán thùng trong suốt 5cm x 100y (Lô 39),Cuộn,18400,8,Đồ gia dụng & Tiện ích,128
SP002455,Pin tiểu AA Panasonic vỉ 4 viên (Lô 39),Vỉ,29899,8,Đồ gia dụng & Tiện ích,135
SP002456,Khẩu trang y tế 4 lớp kháng khuẩn hộp 50 cái (Lô 39),Hộp,40250,8,Đồ gia dụng & Tiện ích,142
SP002457,Nước rửa tay Lifebuoy hương chanh chai 450ml (Lô 39),Chai,59799,8,Đồ gia dụng & Tiện ích,149
SP002458,Coca Cola Sleek 320ml (Lô 40),Lon,13200,8,Đồ uống & Giải khát,156
SP002459,Pepsi Sleek 320ml (Lô 40),Lon,12600,8,Đồ uống & Giải khát,163
SP002460,Nước cam ép Twister 450ml (Lô 40),Chai,14400,8,Đồ uống & Giải khát,170
SP002461,Trà xanh Không Độ 455ml (Lô 40),Chai,12000,8,Đồ uống & Giải khát,177
SP002462,Trà Ô Long Tea+ Plus 455ml (Lô 40),Chai,14400,8,Đồ uống & Giải khát,184
SP002463,Nước tăng lực Red Bull 250ml (Lô 40),Lon,16800,8,Đồ uống & Giải khát,191
SP002464,Nước khoáng Lavie 500ml (Lô 40),Chai,7200,8,Đồ uống & Giải khát,198
SP002465,Nước tinh khiết Aquafina 500ml (Lô 40),Chai,7200,8,Đồ uống & Giải khát,205
SP002466,Cà phê sữa đá Highlands 235ml (Lô 40),Lon,19200,8,Đồ uống & Giải khát,212
SP002467,Bia Heineken Sleek 330ml (Lô 40),Lon,26400,10,Đồ uống & Giải khát,219
SP002468,Bia Tiger Crystal 330ml (Lô 40),Lon,23400,10,Đồ uống & Giải khát,226
SP002469,Bia Sài Gòn Special 330ml (Lô 40),Lon,19800,10,Đồ uống & Giải khát,233
SP002470,Sữa tươi tiệt trùng Vinamilk 180ml (Lô 40),Hộp,10200,0,Đồ uống & Giải khát,240
SP002471,Sữa chua uống Susu 110ml (Lô 40),Chai,7800,0,Đồ uống & Giải khát,247
SP002472,Nước ép bưởi hồng Vfresh 1L (Lô 40),Hộp,46800,8,Đồ uống & Giải khát,254
SP002473,Bánh ChocoPie Orion hộp 12 cái (Lô 40),Hộp,69600,8,Bánh kẹo & Ăn vặt,261
SP002474,Bánh Cosy mè giòn rụm Kinh Đô 288g (Lô 40),Gói,34800,8,Bánh kẹo & Ăn vặt,268
SP002475,Snack khoai tây Ostar vị tảo biển 90g (Lô 40),Gói,22800,8,Bánh kẹo & Ăn vặt,275
SP002476,Snack khoai tây Lay's tự nhiên 95g (Lô 40),Gói,25200,8,Bánh kẹo & Ăn vặt,282
SP002477,Bánh que Pocky socola Glico 40g (Lô 40),Hộp,16800,8,Bánh kẹo & Ăn vặt,289
SP002478,Kẹo dẻo Chupa Chups Sour Tubes 160g (Lô 40),Gói,28800,8,Bánh kẹo & Ăn vặt,296
SP002479,Bánh mì tươi nhân bơ sữa Kinh Đô 80g (Lô 40),Cái,10800,8,Bánh kẹo & Ăn vặt,303
SP002480,Bánh xốp Nabati phô mai 130g (Lô 40),Hộp,14400,8,Bánh kẹo & Ăn vặt,310
SP002481,Hạt điều rang muối vỏ lụa Bình Phước 500g (Lô 40),Hộp,162000,8,Bánh kẹo & Ăn vặt,317
SP002482,Hạt hướng dương Chacheer 130g (Lô 40),Gói,18000,8,Bánh kẹo & Ăn vặt,324
SP002483,Rong biển sấy vị truyền thống TaoKaeNoi 32g (Lô 40),Gói,31200,8,Bánh kẹo & Ăn vặt,331
SP002484,Nước mắm Nam Ngư Đệ Nhị chai 900ml (Lô 40),Chai,33600,8,Gia vị & Đồ nấu nướng,338
SP002485,Nước mắm Chinsu Cá Hồi chai 500ml (Lô 40),Chai,56400,8,Gia vị & Đồ nấu nướng,345
SP002486,Dầu ăn Simply đậu nành can 1L (Lô 40),Chai,70800,8,Gia vị & Đồ nấu nướng,352
SP002487,Dầu ăn Neptune Gold can 2L (Lô 40),Chai,162000,8,Gia vị & Đồ nấu nướng,359
SP002488,Hạt nêm Knorr thịt thăn xương ống 400g (Lô 40),Gói,44400,8,Gia vị & Đồ nấu nướng,366
SP002489,Bột ngọt Ajinomoto gói 454g (Lô 40),Gói,40800,8,Gia vị & Đồ nấu nướng,373
SP002490,Tương ớt Chinsu nắp bật 250g (Lô 40),Chai,18000,8,Gia vị & Đồ nấu nướng,380
SP002491,Tương cà Cholimex chai 330g (Lô 40),Chai,19200,8,Gia vị & Đồ nấu nướng,387
SP002492,Muối I-ốt Bạc Liêu túi 500g (Lô 40),Gói,7200,8,Gia vị & Đồ nấu nướng,394
SP002493,Đường tinh luyện Biên Hòa Daily 1kg (Lô 40),Gói,37200,8,Gia vị & Đồ nấu nướng,401
SP002494,Mì tôm Hảo Hảo tôm chua cay 75g (Lô 40),Gói,5400,8,Mì gói & Thực phẩm khô,408
SP002495,Mì Omachi sườn hầm ngũ quả 80g (Lô 40),Gói,10200,8,Mì gói & Thực phẩm khô,415
SP002496,Mì trộn Indomie Mi Goreng 85g (Lô 40),Gói,7800,8,Mì gói & Thực phẩm khô,422
SP002497,Phở gà Đệ Nhất Acecook 68g (Lô 40),Gói,9600,8,Mì gói & Thực phẩm khô,429
SP002498,Miến Phú Hương yến tiệc 210g (Lô 40),Gói,26400,8,Mì gói & Thực phẩm khô,436
SP002499,Cháo thịt bằm Cung Đình gói 50g (Lô 40),Gói,8400,8,Mì gói & Thực phẩm khô,443
SP002500,Cá nục sốt cà 3 Cô Gái lon 155g (Lô 40),Lon,22800,8,Mì gói & Thực phẩm khô,450
SP002501,Pate thịt heo Hạ Long lon 150g (Lô 40),Lon,32400,8,Mì gói & Thực phẩm khô,457
SP002502,Mì ly Modern lẩu thái tôm 65g (Lô 40),Ly,11400,8,Mì gói & Thực phẩm khô,464
SP002503,Nước rửa chén Sunlight chanh can 3.6kg (Lô 40),Can,130800,10,Hóa mỹ phẩm & Tẩy rửa,471
SP002504,Nước giặt OMO Matic cửa trên túi 3.6kg (Lô 40),Túi,210000,10,Hóa mỹ phẩm & Tẩy rửa,478
SP002505,Nước xả vải Comfort đậm đặc túi 3.2L (Lô 40),Túi,226800,10,Hóa mỹ phẩm & Tẩy rửa,485
SP002506,Dầu gội Clear thảo dược mát lạnh 630g (Lô 40),Chai,198000,10,Hóa mỹ phẩm & Tẩy rửa,492
SP002507,Dầu gội Pantene suôn mượt 650ml (Lô 40),Chai,186000,10,Hóa mỹ phẩm & Tẩy rửa,499
SP002508,Sữa tắm Lifebuoy bảo vệ vượt trội 800g (Lô 40),Chai,178800,10,Hóa mỹ phẩm & Tẩy rửa,56
SP002509,Kem đánh răng Colgate Total 12 180g (Lô 40),Tuýp,50400,10,Hóa mỹ phẩm & Tẩy rửa,63
SP002510,Bàn chải đánh răng P/S than tre (Lô 40),Cái,21600,10,Hóa mỹ phẩm & Tẩy rửa,70
SP002511,Nước lau sàn Sunlight hoa lily túi 3.6kg (Lô 40),Túi,102000,10,Hóa mỹ phẩm & Tẩy rửa,77
SP002512,Xịt muỗi Raid hương cam chanh 600ml (Lô 40),Chai,81600,10,Hóa mỹ phẩm & Tẩy rửa,84
SP002513,Giấy vệ sinh cuộn cao cấp Pulppy lốc 10 cuộn (Lô 40),Lốc,110400,8,Đồ gia dụng & Tiện ích,91
SP002514,Khăn giấy lụa rút Paseo 200 tờ (Lô 40),Hộp,30000,8,Đồ gia dụng & Tiện ích,98
SP002515,Màng bọc thực phẩm PE Sunhouse 30cmx150m (Lô 40),Hộp,90000,8,Đồ gia dụng & Tiện ích,105
SP002516,Túi rác đen tự hủy sinh học Opec 3 cuộn (Lô 40),Gói,45600,8,Đồ gia dụng & Tiện ích,112
SP002517,Băng dính dán thùng trong suốt 5cm x 100y (Lô 40),Cuộn,19200,8,Đồ gia dụng & Tiện ích,119
SP002518,Pin tiểu AA Panasonic vỉ 4 viên (Lô 40),Vỉ,31200,8,Đồ gia dụng & Tiện ích,126
SP002519,Khẩu trang y tế 4 lớp kháng khuẩn hộp 50 cái (Lô 40),Hộp,42000,8,Đồ gia dụng & Tiện ích,133
SP002520,Nước rửa tay Lifebuoy hương chanh chai 450ml (Lô 40),Chai,62400,8,Đồ gia dụng & Tiện ích,140
SP002521,Coca Cola Sleek 320ml (Lô 41),Lon,11000,8,Đồ uống & Giải khát,147
SP002522,Pepsi Sleek 320ml (Lô 41),Lon,10500,8,Đồ uống & Giải khát,154
SP002523,Nước cam ép Twister 450ml (Lô 41),Chai,12000,8,Đồ uống & Giải khát,161
SP002524,Trà xanh Không Độ 455ml (Lô 41),Chai,10000,8,Đồ uống & Giải khát,168
SP002525,Trà Ô Long Tea+ Plus 455ml (Lô 41),Chai,12000,8,Đồ uống & Giải khát,175
SP002526,Nước tăng lực Red Bull 250ml (Lô 41),Lon,14000,8,Đồ uống & Giải khát,182
SP002527,Nước khoáng Lavie 500ml (Lô 41),Chai,6000,8,Đồ uống & Giải khát,189
SP002528,Nước tinh khiết Aquafina 500ml (Lô 41),Chai,6000,8,Đồ uống & Giải khát,196
SP002529,Cà phê sữa đá Highlands 235ml (Lô 41),Lon,16000,8,Đồ uống & Giải khát,203
SP002530,Bia Heineken Sleek 330ml (Lô 41),Lon,22000,10,Đồ uống & Giải khát,210
SP002531,Bia Tiger Crystal 330ml (Lô 41),Lon,19500,10,Đồ uống & Giải khát,217
SP002532,Bia Sài Gòn Special 330ml (Lô 41),Lon,16500,10,Đồ uống & Giải khát,224
SP002533,Sữa tươi tiệt trùng Vinamilk 180ml (Lô 41),Hộp,8500,0,Đồ uống & Giải khát,231
SP002534,Sữa chua uống Susu 110ml (Lô 41),Chai,6500,0,Đồ uống & Giải khát,238
SP002535,Nước ép bưởi hồng Vfresh 1L (Lô 41),Hộp,39000,8,Đồ uống & Giải khát,245
SP002536,Bánh ChocoPie Orion hộp 12 cái (Lô 41),Hộp,58000,8,Bánh kẹo & Ăn vặt,252
SP002537,Bánh Cosy mè giòn rụm Kinh Đô 288g (Lô 41),Gói,29000,8,Bánh kẹo & Ăn vặt,259
SP002538,Snack khoai tây Ostar vị tảo biển 90g (Lô 41),Gói,19000,8,Bánh kẹo & Ăn vặt,266
SP002539,Snack khoai tây Lay's tự nhiên 95g (Lô 41),Gói,21000,8,Bánh kẹo & Ăn vặt,273
SP002540,Bánh que Pocky socola Glico 40g (Lô 41),Hộp,14000,8,Bánh kẹo & Ăn vặt,280
SP002541,Kẹo dẻo Chupa Chups Sour Tubes 160g (Lô 41),Gói,24000,8,Bánh kẹo & Ăn vặt,287
SP002542,Bánh mì tươi nhân bơ sữa Kinh Đô 80g (Lô 41),Cái,9000,8,Bánh kẹo & Ăn vặt,294
SP002543,Bánh xốp Nabati phô mai 130g (Lô 41),Hộp,12000,8,Bánh kẹo & Ăn vặt,301
SP002544,Hạt điều rang muối vỏ lụa Bình Phước 500g (Lô 41),Hộp,135000,8,Bánh kẹo & Ăn vặt,308
SP002545,Hạt hướng dương Chacheer 130g (Lô 41),Gói,15000,8,Bánh kẹo & Ăn vặt,315
SP002546,Rong biển sấy vị truyền thống TaoKaeNoi 32g (Lô 41),Gói,26000,8,Bánh kẹo & Ăn vặt,322
SP002547,Nước mắm Nam Ngư Đệ Nhị chai 900ml (Lô 41),Chai,28000,8,Gia vị & Đồ nấu nướng,329
SP002548,Nước mắm Chinsu Cá Hồi chai 500ml (Lô 41),Chai,47000,8,Gia vị & Đồ nấu nướng,336
SP002549,Dầu ăn Simply đậu nành can 1L (Lô 41),Chai,59000,8,Gia vị & Đồ nấu nướng,343
SP002550,Dầu ăn Neptune Gold can 2L (Lô 41),Chai,135000,8,Gia vị & Đồ nấu nướng,350
SP002551,Hạt nêm Knorr thịt thăn xương ống 400g (Lô 41),Gói,37000,8,Gia vị & Đồ nấu nướng,357
SP002552,Bột ngọt Ajinomoto gói 454g (Lô 41),Gói,34000,8,Gia vị & Đồ nấu nướng,364
SP002553,Tương ớt Chinsu nắp bật 250g (Lô 41),Chai,15000,8,Gia vị & Đồ nấu nướng,371
SP002554,Tương cà Cholimex chai 330g (Lô 41),Chai,16000,8,Gia vị & Đồ nấu nướng,378
SP002555,Muối I-ốt Bạc Liêu túi 500g (Lô 41),Gói,6000,8,Gia vị & Đồ nấu nướng,385
SP002556,Đường tinh luyện Biên Hòa Daily 1kg (Lô 41),Gói,31000,8,Gia vị & Đồ nấu nướng,392
SP002557,Mì tôm Hảo Hảo tôm chua cay 75g (Lô 41),Gói,4500,8,Mì gói & Thực phẩm khô,399
SP002558,Mì Omachi sườn hầm ngũ quả 80g (Lô 41),Gói,8500,8,Mì gói & Thực phẩm khô,406
SP002559,Mì trộn Indomie Mi Goreng 85g (Lô 41),Gói,6500,8,Mì gói & Thực phẩm khô,413
SP002560,Phở gà Đệ Nhất Acecook 68g (Lô 41),Gói,8000,8,Mì gói & Thực phẩm khô,420
SP002561,Miến Phú Hương yến tiệc 210g (Lô 41),Gói,22000,8,Mì gói & Thực phẩm khô,427
SP002562,Cháo thịt bằm Cung Đình gói 50g (Lô 41),Gói,7000,8,Mì gói & Thực phẩm khô,434
SP002563,Cá nục sốt cà 3 Cô Gái lon 155g (Lô 41),Lon,19000,8,Mì gói & Thực phẩm khô,441
SP002564,Pate thịt heo Hạ Long lon 150g (Lô 41),Lon,27000,8,Mì gói & Thực phẩm khô,448
SP002565,Mì ly Modern lẩu thái tôm 65g (Lô 41),Ly,9500,8,Mì gói & Thực phẩm khô,455
SP002566,Nước rửa chén Sunlight chanh can 3.6kg (Lô 41),Can,109000,10,Hóa mỹ phẩm & Tẩy rửa,462
SP002567,Nước giặt OMO Matic cửa trên túi 3.6kg (Lô 41),Túi,175000,10,Hóa mỹ phẩm & Tẩy rửa,469
SP002568,Nước xả vải Comfort đậm đặc túi 3.2L (Lô 41),Túi,189000,10,Hóa mỹ phẩm & Tẩy rửa,476
SP002569,Dầu gội Clear thảo dược mát lạnh 630g (Lô 41),Chai,165000,10,Hóa mỹ phẩm & Tẩy rửa,483
SP002570,Dầu gội Pantene suôn mượt 650ml (Lô 41),Chai,155000,10,Hóa mỹ phẩm & Tẩy rửa,490
SP002571,Sữa tắm Lifebuoy bảo vệ vượt trội 800g (Lô 41),Chai,149000,10,Hóa mỹ phẩm & Tẩy rửa,497
SP002572,Kem đánh răng Colgate Total 12 180g (Lô 41),Tuýp,42000,10,Hóa mỹ phẩm & Tẩy rửa,54
SP002573,Bàn chải đánh răng P/S than tre (Lô 41),Cái,18000,10,Hóa mỹ phẩm & Tẩy rửa,61
SP002574,Nước lau sàn Sunlight hoa lily túi 3.6kg (Lô 41),Túi,85000,10,Hóa mỹ phẩm & Tẩy rửa,68
SP002575,Xịt muỗi Raid hương cam chanh 600ml (Lô 41),Chai,68000,10,Hóa mỹ phẩm & Tẩy rửa,75
SP002576,Giấy vệ sinh cuộn cao cấp Pulppy lốc 10 cuộn (Lô 41),Lốc,92000,8,Đồ gia dụng & Tiện ích,82
SP002577,Khăn giấy lụa rút Paseo 200 tờ (Lô 41),Hộp,25000,8,Đồ gia dụng & Tiện ích,89
SP002578,Màng bọc thực phẩm PE Sunhouse 30cmx150m (Lô 41),Hộp,75000,8,Đồ gia dụng & Tiện ích,96
SP002579,Túi rác đen tự hủy sinh học Opec 3 cuộn (Lô 41),Gói,38000,8,Đồ gia dụng & Tiện ích,103
SP002580,Băng dính dán thùng trong suốt 5cm x 100y (Lô 41),Cuộn,16000,8,Đồ gia dụng & Tiện ích,110
SP002581,Pin tiểu AA Panasonic vỉ 4 viên (Lô 41),Vỉ,26000,8,Đồ gia dụng & Tiện ích,117
SP002582,Khẩu trang y tế 4 lớp kháng khuẩn hộp 50 cái (Lô 41),Hộp,35000,8,Đồ gia dụng & Tiện ích,124
SP002583,Nước rửa tay Lifebuoy hương chanh chai 450ml (Lô 41),Chai,52000,8,Đồ gia dụng & Tiện ích,131
SP002584,Coca Cola Sleek 320ml (Lô 42),Lon,11550,8,Đồ uống & Giải khát,138
SP002585,Pepsi Sleek 320ml (Lô 42),Lon,11025,8,Đồ uống & Giải khát,145
SP002586,Nước cam ép Twister 450ml (Lô 42),Chai,12600,8,Đồ uống & Giải khát,152
SP002587,Trà xanh Không Độ 455ml (Lô 42),Chai,10500,8,Đồ uống & Giải khát,159
SP002588,Trà Ô Long Tea+ Plus 455ml (Lô 42),Chai,12600,8,Đồ uống & Giải khát,166
SP002589,Nước tăng lực Red Bull 250ml (Lô 42),Lon,14700,8,Đồ uống & Giải khát,173
SP002590,Nước khoáng Lavie 500ml (Lô 42),Chai,6300,8,Đồ uống & Giải khát,180
SP002591,Nước tinh khiết Aquafina 500ml (Lô 42),Chai,6300,8,Đồ uống & Giải khát,187
SP002592,Cà phê sữa đá Highlands 235ml (Lô 42),Lon,16800,8,Đồ uống & Giải khát,194
SP002593,Bia Heineken Sleek 330ml (Lô 42),Lon,23100,10,Đồ uống & Giải khát,201
SP002594,Bia Tiger Crystal 330ml (Lô 42),Lon,20475,10,Đồ uống & Giải khát,208
SP002595,Bia Sài Gòn Special 330ml (Lô 42),Lon,17325,10,Đồ uống & Giải khát,215
SP002596,Sữa tươi tiệt trùng Vinamilk 180ml (Lô 42),Hộp,8925,0,Đồ uống & Giải khát,222
SP002597,Sữa chua uống Susu 110ml (Lô 42),Chai,6825,0,Đồ uống & Giải khát,229
SP002598,Nước ép bưởi hồng Vfresh 1L (Lô 42),Hộp,40950,8,Đồ uống & Giải khát,236
SP002599,Bánh ChocoPie Orion hộp 12 cái (Lô 42),Hộp,60900,8,Bánh kẹo & Ăn vặt,243
SP002600,Bánh Cosy mè giòn rụm Kinh Đô 288g (Lô 42),Gói,30450,8,Bánh kẹo & Ăn vặt,250
SP002601,Snack khoai tây Ostar vị tảo biển 90g (Lô 42),Gói,19950,8,Bánh kẹo & Ăn vặt,257
SP002602,Snack khoai tây Lay's tự nhiên 95g (Lô 42),Gói,22050,8,Bánh kẹo & Ăn vặt,264
SP002603,Bánh que Pocky socola Glico 40g (Lô 42),Hộp,14700,8,Bánh kẹo & Ăn vặt,271
SP002604,Kẹo dẻo Chupa Chups Sour Tubes 160g (Lô 42),Gói,25200,8,Bánh kẹo & Ăn vặt,278
SP002605,Bánh mì tươi nhân bơ sữa Kinh Đô 80g (Lô 42),Cái,9450,8,Bánh kẹo & Ăn vặt,285
SP002606,Bánh xốp Nabati phô mai 130g (Lô 42),Hộp,12600,8,Bánh kẹo & Ăn vặt,292
SP002607,Hạt điều rang muối vỏ lụa Bình Phước 500g (Lô 42),Hộp,141750,8,Bánh kẹo & Ăn vặt,299
SP002608,Hạt hướng dương Chacheer 130g (Lô 42),Gói,15750,8,Bánh kẹo & Ăn vặt,306
SP002609,Rong biển sấy vị truyền thống TaoKaeNoi 32g (Lô 42),Gói,27300,8,Bánh kẹo & Ăn vặt,313
SP002610,Nước mắm Nam Ngư Đệ Nhị chai 900ml (Lô 42),Chai,29400,8,Gia vị & Đồ nấu nướng,320
SP002611,Nước mắm Chinsu Cá Hồi chai 500ml (Lô 42),Chai,49350,8,Gia vị & Đồ nấu nướng,327
SP002612,Dầu ăn Simply đậu nành can 1L (Lô 42),Chai,61950,8,Gia vị & Đồ nấu nướng,334
SP002613,Dầu ăn Neptune Gold can 2L (Lô 42),Chai,141750,8,Gia vị & Đồ nấu nướng,341
SP002614,Hạt nêm Knorr thịt thăn xương ống 400g (Lô 42),Gói,38850,8,Gia vị & Đồ nấu nướng,348
SP002615,Bột ngọt Ajinomoto gói 454g (Lô 42),Gói,35700,8,Gia vị & Đồ nấu nướng,355
SP002616,Tương ớt Chinsu nắp bật 250g (Lô 42),Chai,15750,8,Gia vị & Đồ nấu nướng,362
SP002617,Tương cà Cholimex chai 330g (Lô 42),Chai,16800,8,Gia vị & Đồ nấu nướng,369
SP002618,Muối I-ốt Bạc Liêu túi 500g (Lô 42),Gói,6300,8,Gia vị & Đồ nấu nướng,376
SP002619,Đường tinh luyện Biên Hòa Daily 1kg (Lô 42),Gói,32550,8,Gia vị & Đồ nấu nướng,383
SP002620,Mì tôm Hảo Hảo tôm chua cay 75g (Lô 42),Gói,4725,8,Mì gói & Thực phẩm khô,390
SP002621,Mì Omachi sườn hầm ngũ quả 80g (Lô 42),Gói,8925,8,Mì gói & Thực phẩm khô,397
SP002622,Mì trộn Indomie Mi Goreng 85g (Lô 42),Gói,6825,8,Mì gói & Thực phẩm khô,404
SP002623,Phở gà Đệ Nhất Acecook 68g (Lô 42),Gói,8400,8,Mì gói & Thực phẩm khô,411
SP002624,Miến Phú Hương yến tiệc 210g (Lô 42),Gói,23100,8,Mì gói & Thực phẩm khô,418
SP002625,Cháo thịt bằm Cung Đình gói 50g (Lô 42),Gói,7350,8,Mì gói & Thực phẩm khô,425
SP002626,Cá nục sốt cà 3 Cô Gái lon 155g (Lô 42),Lon,19950,8,Mì gói & Thực phẩm khô,432
SP002627,Pate thịt heo Hạ Long lon 150g (Lô 42),Lon,28350,8,Mì gói & Thực phẩm khô,439
SP002628,Mì ly Modern lẩu thái tôm 65g (Lô 42),Ly,9975,8,Mì gói & Thực phẩm khô,446
SP002629,Nước rửa chén Sunlight chanh can 3.6kg (Lô 42),Can,114450,10,Hóa mỹ phẩm & Tẩy rửa,453
SP002630,Nước giặt OMO Matic cửa trên túi 3.6kg (Lô 42),Túi,183750,10,Hóa mỹ phẩm & Tẩy rửa,460
SP002631,Nước xả vải Comfort đậm đặc túi 3.2L (Lô 42),Túi,198450,10,Hóa mỹ phẩm & Tẩy rửa,467
SP002632,Dầu gội Clear thảo dược mát lạnh 630g (Lô 42),Chai,173250,10,Hóa mỹ phẩm & Tẩy rửa,474
SP002633,Dầu gội Pantene suôn mượt 650ml (Lô 42),Chai,162750,10,Hóa mỹ phẩm & Tẩy rửa,481
SP002634,Sữa tắm Lifebuoy bảo vệ vượt trội 800g (Lô 42),Chai,156450,10,Hóa mỹ phẩm & Tẩy rửa,488
SP002635,Kem đánh răng Colgate Total 12 180g (Lô 42),Tuýp,44100,10,Hóa mỹ phẩm & Tẩy rửa,495
SP002636,Bàn chải đánh răng P/S than tre (Lô 42),Cái,18900,10,Hóa mỹ phẩm & Tẩy rửa,52
SP002637,Nước lau sàn Sunlight hoa lily túi 3.6kg (Lô 42),Túi,89250,10,Hóa mỹ phẩm & Tẩy rửa,59
SP002638,Xịt muỗi Raid hương cam chanh 600ml (Lô 42),Chai,71400,10,Hóa mỹ phẩm & Tẩy rửa,66
SP002639,Giấy vệ sinh cuộn cao cấp Pulppy lốc 10 cuộn (Lô 42),Lốc,96600,8,Đồ gia dụng & Tiện ích,73
SP002640,Khăn giấy lụa rút Paseo 200 tờ (Lô 42),Hộp,26250,8,Đồ gia dụng & Tiện ích,80
SP002641,Màng bọc thực phẩm PE Sunhouse 30cmx150m (Lô 42),Hộp,78750,8,Đồ gia dụng & Tiện ích,87
SP002642,Túi rác đen tự hủy sinh học Opec 3 cuộn (Lô 42),Gói,39900,8,Đồ gia dụng & Tiện ích,94
SP002643,Băng dính dán thùng trong suốt 5cm x 100y (Lô 42),Cuộn,16800,8,Đồ gia dụng & Tiện ích,101
SP002644,Pin tiểu AA Panasonic vỉ 4 viên (Lô 42),Vỉ,27300,8,Đồ gia dụng & Tiện ích,108
SP002645,Khẩu trang y tế 4 lớp kháng khuẩn hộp 50 cái (Lô 42),Hộp,36750,8,Đồ gia dụng & Tiện ích,115
SP002646,Nước rửa tay Lifebuoy hương chanh chai 450ml (Lô 42),Chai,54600,8,Đồ gia dụng & Tiện ích,122
SP002647,Coca Cola Sleek 320ml (Lô 43),Lon,12100,8,Đồ uống & Giải khát,129
SP002648,Pepsi Sleek 320ml (Lô 43),Lon,11550,8,Đồ uống & Giải khát,136
SP002649,Nước cam ép Twister 450ml (Lô 43),Chai,13200,8,Đồ uống & Giải khát,143
SP002650,Trà xanh Không Độ 455ml (Lô 43),Chai,11000,8,Đồ uống & Giải khát,150
SP002651,Trà Ô Long Tea+ Plus 455ml (Lô 43),Chai,13200,8,Đồ uống & Giải khát,157
SP002652,Nước tăng lực Red Bull 250ml (Lô 43),Lon,15400,8,Đồ uống & Giải khát,164
SP002653,Nước khoáng Lavie 500ml (Lô 43),Chai,6600,8,Đồ uống & Giải khát,171
SP002654,Nước tinh khiết Aquafina 500ml (Lô 43),Chai,6600,8,Đồ uống & Giải khát,178
SP002655,Cà phê sữa đá Highlands 235ml (Lô 43),Lon,17600,8,Đồ uống & Giải khát,185
SP002656,Bia Heineken Sleek 330ml (Lô 43),Lon,24200,10,Đồ uống & Giải khát,192
SP002657,Bia Tiger Crystal 330ml (Lô 43),Lon,21450,10,Đồ uống & Giải khát,199
SP002658,Bia Sài Gòn Special 330ml (Lô 43),Lon,18150,10,Đồ uống & Giải khát,206
SP002659,Sữa tươi tiệt trùng Vinamilk 180ml (Lô 43),Hộp,9350,0,Đồ uống & Giải khát,213
SP002660,Sữa chua uống Susu 110ml (Lô 43),Chai,7150,0,Đồ uống & Giải khát,220
SP002661,Nước ép bưởi hồng Vfresh 1L (Lô 43),Hộp,42900,8,Đồ uống & Giải khát,227
SP002662,Bánh ChocoPie Orion hộp 12 cái (Lô 43),Hộp,63800,8,Bánh kẹo & Ăn vặt,234
SP002663,Bánh Cosy mè giòn rụm Kinh Đô 288g (Lô 43),Gói,31900,8,Bánh kẹo & Ăn vặt,241
SP002664,Snack khoai tây Ostar vị tảo biển 90g (Lô 43),Gói,20900,8,Bánh kẹo & Ăn vặt,248
SP002665,Snack khoai tây Lay's tự nhiên 95g (Lô 43),Gói,23100,8,Bánh kẹo & Ăn vặt,255
SP002666,Bánh que Pocky socola Glico 40g (Lô 43),Hộp,15400,8,Bánh kẹo & Ăn vặt,262
SP002667,Kẹo dẻo Chupa Chups Sour Tubes 160g (Lô 43),Gói,26400,8,Bánh kẹo & Ăn vặt,269
SP002668,Bánh mì tươi nhân bơ sữa Kinh Đô 80g (Lô 43),Cái,9900,8,Bánh kẹo & Ăn vặt,276
SP002669,Bánh xốp Nabati phô mai 130g (Lô 43),Hộp,13200,8,Bánh kẹo & Ăn vặt,283
SP002670,Hạt điều rang muối vỏ lụa Bình Phước 500g (Lô 43),Hộp,148500,8,Bánh kẹo & Ăn vặt,290
SP002671,Hạt hướng dương Chacheer 130g (Lô 43),Gói,16500,8,Bánh kẹo & Ăn vặt,297
SP002672,Rong biển sấy vị truyền thống TaoKaeNoi 32g (Lô 43),Gói,28600,8,Bánh kẹo & Ăn vặt,304
SP002673,Nước mắm Nam Ngư Đệ Nhị chai 900ml (Lô 43),Chai,30800,8,Gia vị & Đồ nấu nướng,311
SP002674,Nước mắm Chinsu Cá Hồi chai 500ml (Lô 43),Chai,51700,8,Gia vị & Đồ nấu nướng,318
SP002675,Dầu ăn Simply đậu nành can 1L (Lô 43),Chai,64900,8,Gia vị & Đồ nấu nướng,325
SP002676,Dầu ăn Neptune Gold can 2L (Lô 43),Chai,148500,8,Gia vị & Đồ nấu nướng,332
SP002677,Hạt nêm Knorr thịt thăn xương ống 400g (Lô 43),Gói,40700,8,Gia vị & Đồ nấu nướng,339
SP002678,Bột ngọt Ajinomoto gói 454g (Lô 43),Gói,37400,8,Gia vị & Đồ nấu nướng,346
SP002679,Tương ớt Chinsu nắp bật 250g (Lô 43),Chai,16500,8,Gia vị & Đồ nấu nướng,353
SP002680,Tương cà Cholimex chai 330g (Lô 43),Chai,17600,8,Gia vị & Đồ nấu nướng,360
SP002681,Muối I-ốt Bạc Liêu túi 500g (Lô 43),Gói,6600,8,Gia vị & Đồ nấu nướng,367
SP002682,Đường tinh luyện Biên Hòa Daily 1kg (Lô 43),Gói,34100,8,Gia vị & Đồ nấu nướng,374
SP002683,Mì tôm Hảo Hảo tôm chua cay 75g (Lô 43),Gói,4950,8,Mì gói & Thực phẩm khô,381
SP002684,Mì Omachi sườn hầm ngũ quả 80g (Lô 43),Gói,9350,8,Mì gói & Thực phẩm khô,388
SP002685,Mì trộn Indomie Mi Goreng 85g (Lô 43),Gói,7150,8,Mì gói & Thực phẩm khô,395
SP002686,Phở gà Đệ Nhất Acecook 68g (Lô 43),Gói,8800,8,Mì gói & Thực phẩm khô,402
SP002687,Miến Phú Hương yến tiệc 210g (Lô 43),Gói,24200,8,Mì gói & Thực phẩm khô,409
SP002688,Cháo thịt bằm Cung Đình gói 50g (Lô 43),Gói,7700,8,Mì gói & Thực phẩm khô,416
SP002689,Cá nục sốt cà 3 Cô Gái lon 155g (Lô 43),Lon,20900,8,Mì gói & Thực phẩm khô,423
SP002690,Pate thịt heo Hạ Long lon 150g (Lô 43),Lon,29700,8,Mì gói & Thực phẩm khô,430
SP002691,Mì ly Modern lẩu thái tôm 65g (Lô 43),Ly,10450,8,Mì gói & Thực phẩm khô,437
SP002692,Nước rửa chén Sunlight chanh can 3.6kg (Lô 43),Can,119900,10,Hóa mỹ phẩm & Tẩy rửa,444
SP002693,Nước giặt OMO Matic cửa trên túi 3.6kg (Lô 43),Túi,192500,10,Hóa mỹ phẩm & Tẩy rửa,451
SP002694,Nước xả vải Comfort đậm đặc túi 3.2L (Lô 43),Túi,207900,10,Hóa mỹ phẩm & Tẩy rửa,458
SP002695,Dầu gội Clear thảo dược mát lạnh 630g (Lô 43),Chai,181500,10,Hóa mỹ phẩm & Tẩy rửa,465
SP002696,Dầu gội Pantene suôn mượt 650ml (Lô 43),Chai,170500,10,Hóa mỹ phẩm & Tẩy rửa,472
SP002697,Sữa tắm Lifebuoy bảo vệ vượt trội 800g (Lô 43),Chai,163900,10,Hóa mỹ phẩm & Tẩy rửa,479
SP002698,Kem đánh răng Colgate Total 12 180g (Lô 43),Tuýp,46200,10,Hóa mỹ phẩm & Tẩy rửa,486
SP002699,Bàn chải đánh răng P/S than tre (Lô 43),Cái,19800,10,Hóa mỹ phẩm & Tẩy rửa,493
SP002700,Nước lau sàn Sunlight hoa lily túi 3.6kg (Lô 43),Túi,93500,10,Hóa mỹ phẩm & Tẩy rửa,50
SP002701,Xịt muỗi Raid hương cam chanh 600ml (Lô 43),Chai,74800,10,Hóa mỹ phẩm & Tẩy rửa,57
SP002702,Giấy vệ sinh cuộn cao cấp Pulppy lốc 10 cuộn (Lô 43),Lốc,101200,8,Đồ gia dụng & Tiện ích,64
SP002703,Khăn giấy lụa rút Paseo 200 tờ (Lô 43),Hộp,27500,8,Đồ gia dụng & Tiện ích,71
SP002704,Màng bọc thực phẩm PE Sunhouse 30cmx150m (Lô 43),Hộp,82500,8,Đồ gia dụng & Tiện ích,78
SP002705,Túi rác đen tự hủy sinh học Opec 3 cuộn (Lô 43),Gói,41800,8,Đồ gia dụng & Tiện ích,85
SP002706,Băng dính dán thùng trong suốt 5cm x 100y (Lô 43),Cuộn,17600,8,Đồ gia dụng & Tiện ích,92
SP002707,Pin tiểu AA Panasonic vỉ 4 viên (Lô 43),Vỉ,28600,8,Đồ gia dụng & Tiện ích,99
SP002708,Khẩu trang y tế 4 lớp kháng khuẩn hộp 50 cái (Lô 43),Hộp,38500,8,Đồ gia dụng & Tiện ích,106
SP002709,Nước rửa tay Lifebuoy hương chanh chai 450ml (Lô 43),Chai,57200,8,Đồ gia dụng & Tiện ích,113
SP002710,Coca Cola Sleek 320ml (Lô 44),Lon,12649,8,Đồ uống & Giải khát,120
SP002711,Pepsi Sleek 320ml (Lô 44),Lon,12074,8,Đồ uống & Giải khát,127
SP002712,Nước cam ép Twister 450ml (Lô 44),Chai,13799,8,Đồ uống & Giải khát,134
SP002713,Trà xanh Không Độ 455ml (Lô 44),Chai,11500,8,Đồ uống & Giải khát,141
SP002714,Trà Ô Long Tea+ Plus 455ml (Lô 44),Chai,13799,8,Đồ uống & Giải khát,148
SP002715,Nước tăng lực Red Bull 250ml (Lô 44),Lon,16099,8,Đồ uống & Giải khát,155
SP002716,Nước khoáng Lavie 500ml (Lô 44),Chai,6899,8,Đồ uống & Giải khát,162
SP002717,Nước tinh khiết Aquafina 500ml (Lô 44),Chai,6899,8,Đồ uống & Giải khát,169
SP002718,Cà phê sữa đá Highlands 235ml (Lô 44),Lon,18400,8,Đồ uống & Giải khát,176
SP002719,Bia Heineken Sleek 330ml (Lô 44),Lon,25299,10,Đồ uống & Giải khát,183
SP002720,Bia Tiger Crystal 330ml (Lô 44),Lon,22425,10,Đồ uống & Giải khát,190
SP002721,Bia Sài Gòn Special 330ml (Lô 44),Lon,18975,10,Đồ uống & Giải khát,197
SP002722,Sữa tươi tiệt trùng Vinamilk 180ml (Lô 44),Hộp,9775,0,Đồ uống & Giải khát,204
SP002723,Sữa chua uống Susu 110ml (Lô 44),Chai,7474,0,Đồ uống & Giải khát,211
SP002724,Nước ép bưởi hồng Vfresh 1L (Lô 44),Hộp,44850,8,Đồ uống & Giải khát,218
SP002725,Bánh ChocoPie Orion hộp 12 cái (Lô 44),Hộp,66700,8,Bánh kẹo & Ăn vặt,225
SP002726,Bánh Cosy mè giòn rụm Kinh Đô 288g (Lô 44),Gói,33350,8,Bánh kẹo & Ăn vặt,232
SP002727,Snack khoai tây Ostar vị tảo biển 90g (Lô 44),Gói,21850,8,Bánh kẹo & Ăn vặt,239
SP002728,Snack khoai tây Lay's tự nhiên 95g (Lô 44),Gói,24149,8,Bánh kẹo & Ăn vặt,246
SP002729,Bánh que Pocky socola Glico 40g (Lô 44),Hộp,16099,8,Bánh kẹo & Ăn vặt,253
SP002730,Kẹo dẻo Chupa Chups Sour Tubes 160g (Lô 44),Gói,27599,8,Bánh kẹo & Ăn vặt,260
SP002731,Bánh mì tươi nhân bơ sữa Kinh Đô 80g (Lô 44),Cái,10350,8,Bánh kẹo & Ăn vặt,267
SP002732,Bánh xốp Nabati phô mai 130g (Lô 44),Hộp,13799,8,Bánh kẹo & Ăn vặt,274
SP002733,Hạt điều rang muối vỏ lụa Bình Phước 500g (Lô 44),Hộp,155250,8,Bánh kẹo & Ăn vặt,281
SP002734,Hạt hướng dương Chacheer 130g (Lô 44),Gói,17250,8,Bánh kẹo & Ăn vặt,288
SP002735,Rong biển sấy vị truyền thống TaoKaeNoi 32g (Lô 44),Gói,29899,8,Bánh kẹo & Ăn vặt,295
SP002736,Nước mắm Nam Ngư Đệ Nhị chai 900ml (Lô 44),Chai,32199,8,Gia vị & Đồ nấu nướng,302
SP002737,Nước mắm Chinsu Cá Hồi chai 500ml (Lô 44),Chai,54049,8,Gia vị & Đồ nấu nướng,309
SP002738,Dầu ăn Simply đậu nành can 1L (Lô 44),Chai,67850,8,Gia vị & Đồ nấu nướng,316
SP002739,Dầu ăn Neptune Gold can 2L (Lô 44),Chai,155250,8,Gia vị & Đồ nấu nướng,323
SP002740,Hạt nêm Knorr thịt thăn xương ống 400g (Lô 44),Gói,42550,8,Gia vị & Đồ nấu nướng,330
SP002741,Bột ngọt Ajinomoto gói 454g (Lô 44),Gói,39100,8,Gia vị & Đồ nấu nướng,337
SP002742,Tương ớt Chinsu nắp bật 250g (Lô 44),Chai,17250,8,Gia vị & Đồ nấu nướng,344
SP002743,Tương cà Cholimex chai 330g (Lô 44),Chai,18400,8,Gia vị & Đồ nấu nướng,351
SP002744,Muối I-ốt Bạc Liêu túi 500g (Lô 44),Gói,6899,8,Gia vị & Đồ nấu nướng,358
SP002745,Đường tinh luyện Biên Hòa Daily 1kg (Lô 44),Gói,35650,8,Gia vị & Đồ nấu nướng,365
SP002746,Mì tôm Hảo Hảo tôm chua cay 75g (Lô 44),Gói,5175,8,Mì gói & Thực phẩm khô,372
SP002747,Mì Omachi sườn hầm ngũ quả 80g (Lô 44),Gói,9775,8,Mì gói & Thực phẩm khô,379
SP002748,Mì trộn Indomie Mi Goreng 85g (Lô 44),Gói,7474,8,Mì gói & Thực phẩm khô,386
SP002749,Phở gà Đệ Nhất Acecook 68g (Lô 44),Gói,9200,8,Mì gói & Thực phẩm khô,393
SP002750,Miến Phú Hương yến tiệc 210g (Lô 44),Gói,25299,8,Mì gói & Thực phẩm khô,400
SP002751,Cháo thịt bằm Cung Đình gói 50g (Lô 44),Gói,8049,8,Mì gói & Thực phẩm khô,407
SP002752,Cá nục sốt cà 3 Cô Gái lon 155g (Lô 44),Lon,21850,8,Mì gói & Thực phẩm khô,414
SP002753,Pate thịt heo Hạ Long lon 150g (Lô 44),Lon,31049,8,Mì gói & Thực phẩm khô,421
SP002754,Mì ly Modern lẩu thái tôm 65g (Lô 44),Ly,10925,8,Mì gói & Thực phẩm khô,428
SP002755,Nước rửa chén Sunlight chanh can 3.6kg (Lô 44),Can,125349,10,Hóa mỹ phẩm & Tẩy rửa,435
SP002756,Nước giặt OMO Matic cửa trên túi 3.6kg (Lô 44),Túi,201249,10,Hóa mỹ phẩm & Tẩy rửa,442
SP002757,Nước xả vải Comfort đậm đặc túi 3.2L (Lô 44),Túi,217349,10,Hóa mỹ phẩm & Tẩy rửa,449
SP002758,Dầu gội Clear thảo dược mát lạnh 630g (Lô 44),Chai,189749,10,Hóa mỹ phẩm & Tẩy rửa,456
SP002759,Dầu gội Pantene suôn mượt 650ml (Lô 44),Chai,178250,10,Hóa mỹ phẩm & Tẩy rửa,463
SP002760,Sữa tắm Lifebuoy bảo vệ vượt trội 800g (Lô 44),Chai,171350,10,Hóa mỹ phẩm & Tẩy rửa,470
SP002761,Kem đánh răng Colgate Total 12 180g (Lô 44),Tuýp,48299,10,Hóa mỹ phẩm & Tẩy rửa,477
SP002762,Bàn chải đánh răng P/S than tre (Lô 44),Cái,20700,10,Hóa mỹ phẩm & Tẩy rửa,484
SP002763,Nước lau sàn Sunlight hoa lily túi 3.6kg (Lô 44),Túi,97749,10,Hóa mỹ phẩm & Tẩy rửa,491
SP002764,Xịt muỗi Raid hương cam chanh 600ml (Lô 44),Chai,78200,10,Hóa mỹ phẩm & Tẩy rửa,498
SP002765,Giấy vệ sinh cuộn cao cấp Pulppy lốc 10 cuộn (Lô 44),Lốc,105799,8,Đồ gia dụng & Tiện ích,55
SP002766,Khăn giấy lụa rút Paseo 200 tờ (Lô 44),Hộp,28749,8,Đồ gia dụng & Tiện ích,62
SP002767,Màng bọc thực phẩm PE Sunhouse 30cmx150m (Lô 44),Hộp,86250,8,Đồ gia dụng & Tiện ích,69
SP002768,Túi rác đen tự hủy sinh học Opec 3 cuộn (Lô 44),Gói,43700,8,Đồ gia dụng & Tiện ích,76
SP002769,Băng dính dán thùng trong suốt 5cm x 100y (Lô 44),Cuộn,18400,8,Đồ gia dụng & Tiện ích,83
SP002770,Pin tiểu AA Panasonic vỉ 4 viên (Lô 44),Vỉ,29899,8,Đồ gia dụng & Tiện ích,90
SP002771,Khẩu trang y tế 4 lớp kháng khuẩn hộp 50 cái (Lô 44),Hộp,40250,8,Đồ gia dụng & Tiện ích,97
SP002772,Nước rửa tay Lifebuoy hương chanh chai 450ml (Lô 44),Chai,59799,8,Đồ gia dụng & Tiện ích,104
SP002773,Coca Cola Sleek 320ml (Lô 45),Lon,13200,8,Đồ uống & Giải khát,111
SP002774,Pepsi Sleek 320ml (Lô 45),Lon,12600,8,Đồ uống & Giải khát,118
SP002775,Nước cam ép Twister 450ml (Lô 45),Chai,14400,8,Đồ uống & Giải khát,125
SP002776,Trà xanh Không Độ 455ml (Lô 45),Chai,12000,8,Đồ uống & Giải khát,132
SP002777,Trà Ô Long Tea+ Plus 455ml (Lô 45),Chai,14400,8,Đồ uống & Giải khát,139
SP002778,Nước tăng lực Red Bull 250ml (Lô 45),Lon,16800,8,Đồ uống & Giải khát,146
SP002779,Nước khoáng Lavie 500ml (Lô 45),Chai,7200,8,Đồ uống & Giải khát,153
SP002780,Nước tinh khiết Aquafina 500ml (Lô 45),Chai,7200,8,Đồ uống & Giải khát,160
SP002781,Cà phê sữa đá Highlands 235ml (Lô 45),Lon,19200,8,Đồ uống & Giải khát,167
SP002782,Bia Heineken Sleek 330ml (Lô 45),Lon,26400,10,Đồ uống & Giải khát,174
SP002783,Bia Tiger Crystal 330ml (Lô 45),Lon,23400,10,Đồ uống & Giải khát,181
SP002784,Bia Sài Gòn Special 330ml (Lô 45),Lon,19800,10,Đồ uống & Giải khát,188
SP002785,Sữa tươi tiệt trùng Vinamilk 180ml (Lô 45),Hộp,10200,0,Đồ uống & Giải khát,195
SP002786,Sữa chua uống Susu 110ml (Lô 45),Chai,7800,0,Đồ uống & Giải khát,202
SP002787,Nước ép bưởi hồng Vfresh 1L (Lô 45),Hộp,46800,8,Đồ uống & Giải khát,209
SP002788,Bánh ChocoPie Orion hộp 12 cái (Lô 45),Hộp,69600,8,Bánh kẹo & Ăn vặt,216
SP002789,Bánh Cosy mè giòn rụm Kinh Đô 288g (Lô 45),Gói,34800,8,Bánh kẹo & Ăn vặt,223
SP002790,Snack khoai tây Ostar vị tảo biển 90g (Lô 45),Gói,22800,8,Bánh kẹo & Ăn vặt,230
SP002791,Snack khoai tây Lay's tự nhiên 95g (Lô 45),Gói,25200,8,Bánh kẹo & Ăn vặt,237
SP002792,Bánh que Pocky socola Glico 40g (Lô 45),Hộp,16800,8,Bánh kẹo & Ăn vặt,244
SP002793,Kẹo dẻo Chupa Chups Sour Tubes 160g (Lô 45),Gói,28800,8,Bánh kẹo & Ăn vặt,251
SP002794,Bánh mì tươi nhân bơ sữa Kinh Đô 80g (Lô 45),Cái,10800,8,Bánh kẹo & Ăn vặt,258
SP002795,Bánh xốp Nabati phô mai 130g (Lô 45),Hộp,14400,8,Bánh kẹo & Ăn vặt,265
SP002796,Hạt điều rang muối vỏ lụa Bình Phước 500g (Lô 45),Hộp,162000,8,Bánh kẹo & Ăn vặt,272
SP002797,Hạt hướng dương Chacheer 130g (Lô 45),Gói,18000,8,Bánh kẹo & Ăn vặt,279
SP002798,Rong biển sấy vị truyền thống TaoKaeNoi 32g (Lô 45),Gói,31200,8,Bánh kẹo & Ăn vặt,286
SP002799,Nước mắm Nam Ngư Đệ Nhị chai 900ml (Lô 45),Chai,33600,8,Gia vị & Đồ nấu nướng,293
SP002800,Nước mắm Chinsu Cá Hồi chai 500ml (Lô 45),Chai,56400,8,Gia vị & Đồ nấu nướng,300
SP002801,Dầu ăn Simply đậu nành can 1L (Lô 45),Chai,70800,8,Gia vị & Đồ nấu nướng,307
SP002802,Dầu ăn Neptune Gold can 2L (Lô 45),Chai,162000,8,Gia vị & Đồ nấu nướng,314
SP002803,Hạt nêm Knorr thịt thăn xương ống 400g (Lô 45),Gói,44400,8,Gia vị & Đồ nấu nướng,321
SP002804,Bột ngọt Ajinomoto gói 454g (Lô 45),Gói,40800,8,Gia vị & Đồ nấu nướng,328
SP002805,Tương ớt Chinsu nắp bật 250g (Lô 45),Chai,18000,8,Gia vị & Đồ nấu nướng,335
SP002806,Tương cà Cholimex chai 330g (Lô 45),Chai,19200,8,Gia vị & Đồ nấu nướng,342
SP002807,Muối I-ốt Bạc Liêu túi 500g (Lô 45),Gói,7200,8,Gia vị & Đồ nấu nướng,349
SP002808,Đường tinh luyện Biên Hòa Daily 1kg (Lô 45),Gói,37200,8,Gia vị & Đồ nấu nướng,356
SP002809,Mì tôm Hảo Hảo tôm chua cay 75g (Lô 45),Gói,5400,8,Mì gói & Thực phẩm khô,363
SP002810,Mì Omachi sườn hầm ngũ quả 80g (Lô 45),Gói,10200,8,Mì gói & Thực phẩm khô,370
SP002811,Mì trộn Indomie Mi Goreng 85g (Lô 45),Gói,7800,8,Mì gói & Thực phẩm khô,377
SP002812,Phở gà Đệ Nhất Acecook 68g (Lô 45),Gói,9600,8,Mì gói & Thực phẩm khô,384
SP002813,Miến Phú Hương yến tiệc 210g (Lô 45),Gói,26400,8,Mì gói & Thực phẩm khô,391
SP002814,Cháo thịt bằm Cung Đình gói 50g (Lô 45),Gói,8400,8,Mì gói & Thực phẩm khô,398
SP002815,Cá nục sốt cà 3 Cô Gái lon 155g (Lô 45),Lon,22800,8,Mì gói & Thực phẩm khô,405
SP002816,Pate thịt heo Hạ Long lon 150g (Lô 45),Lon,32400,8,Mì gói & Thực phẩm khô,412
SP002817,Mì ly Modern lẩu thái tôm 65g (Lô 45),Ly,11400,8,Mì gói & Thực phẩm khô,419
SP002818,Nước rửa chén Sunlight chanh can 3.6kg (Lô 45),Can,130800,10,Hóa mỹ phẩm & Tẩy rửa,426
SP002819,Nước giặt OMO Matic cửa trên túi 3.6kg (Lô 45),Túi,210000,10,Hóa mỹ phẩm & Tẩy rửa,433
SP002820,Nước xả vải Comfort đậm đặc túi 3.2L (Lô 45),Túi,226800,10,Hóa mỹ phẩm & Tẩy rửa,440
SP002821,Dầu gội Clear thảo dược mát lạnh 630g (Lô 45),Chai,198000,10,Hóa mỹ phẩm & Tẩy rửa,447
SP002822,Dầu gội Pantene suôn mượt 650ml (Lô 45),Chai,186000,10,Hóa mỹ phẩm & Tẩy rửa,454
SP002823,Sữa tắm Lifebuoy bảo vệ vượt trội 800g (Lô 45),Chai,178800,10,Hóa mỹ phẩm & Tẩy rửa,461
SP002824,Kem đánh răng Colgate Total 12 180g (Lô 45),Tuýp,50400,10,Hóa mỹ phẩm & Tẩy rửa,468
SP002825,Bàn chải đánh răng P/S than tre (Lô 45),Cái,21600,10,Hóa mỹ phẩm & Tẩy rửa,475
SP002826,Nước lau sàn Sunlight hoa lily túi 3.6kg (Lô 45),Túi,102000,10,Hóa mỹ phẩm & Tẩy rửa,482
SP002827,Xịt muỗi Raid hương cam chanh 600ml (Lô 45),Chai,81600,10,Hóa mỹ phẩm & Tẩy rửa,489
SP002828,Giấy vệ sinh cuộn cao cấp Pulppy lốc 10 cuộn (Lô 45),Lốc,110400,8,Đồ gia dụng & Tiện ích,496
SP002829,Khăn giấy lụa rút Paseo 200 tờ (Lô 45),Hộp,30000,8,Đồ gia dụng & Tiện ích,53
SP002830,Màng bọc thực phẩm PE Sunhouse 30cmx150m (Lô 45),Hộp,90000,8,Đồ gia dụng & Tiện ích,60
SP002831,Túi rác đen tự hủy sinh học Opec 3 cuộn (Lô 45),Gói,45600,8,Đồ gia dụng & Tiện ích,67
SP002832,Băng dính dán thùng trong suốt 5cm x 100y (Lô 45),Cuộn,19200,8,Đồ gia dụng & Tiện ích,74
SP002833,Pin tiểu AA Panasonic vỉ 4 viên (Lô 45),Vỉ,31200,8,Đồ gia dụng & Tiện ích,81
SP002834,Khẩu trang y tế 4 lớp kháng khuẩn hộp 50 cái (Lô 45),Hộp,42000,8,Đồ gia dụng & Tiện ích,88
SP002835,Nước rửa tay Lifebuoy hương chanh chai 450ml (Lô 45),Chai,62400,8,Đồ gia dụng & Tiện ích,95
SP002836,Coca Cola Sleek 320ml (Lô 46),Lon,11000,8,Đồ uống & Giải khát,102
SP002837,Pepsi Sleek 320ml (Lô 46),Lon,10500,8,Đồ uống & Giải khát,109
SP002838,Nước cam ép Twister 450ml (Lô 46),Chai,12000,8,Đồ uống & Giải khát,116
SP002839,Trà xanh Không Độ 455ml (Lô 46),Chai,10000,8,Đồ uống & Giải khát,123
SP002840,Trà Ô Long Tea+ Plus 455ml (Lô 46),Chai,12000,8,Đồ uống & Giải khát,130
SP002841,Nước tăng lực Red Bull 250ml (Lô 46),Lon,14000,8,Đồ uống & Giải khát,137
SP002842,Nước khoáng Lavie 500ml (Lô 46),Chai,6000,8,Đồ uống & Giải khát,144
SP002843,Nước tinh khiết Aquafina 500ml (Lô 46),Chai,6000,8,Đồ uống & Giải khát,151
SP002844,Cà phê sữa đá Highlands 235ml (Lô 46),Lon,16000,8,Đồ uống & Giải khát,158
SP002845,Bia Heineken Sleek 330ml (Lô 46),Lon,22000,10,Đồ uống & Giải khát,165
SP002846,Bia Tiger Crystal 330ml (Lô 46),Lon,19500,10,Đồ uống & Giải khát,172
SP002847,Bia Sài Gòn Special 330ml (Lô 46),Lon,16500,10,Đồ uống & Giải khát,179
SP002848,Sữa tươi tiệt trùng Vinamilk 180ml (Lô 46),Hộp,8500,0,Đồ uống & Giải khát,186
SP002849,Sữa chua uống Susu 110ml (Lô 46),Chai,6500,0,Đồ uống & Giải khát,193
SP002850,Nước ép bưởi hồng Vfresh 1L (Lô 46),Hộp,39000,8,Đồ uống & Giải khát,200
SP002851,Bánh ChocoPie Orion hộp 12 cái (Lô 46),Hộp,58000,8,Bánh kẹo & Ăn vặt,207
SP002852,Bánh Cosy mè giòn rụm Kinh Đô 288g (Lô 46),Gói,29000,8,Bánh kẹo & Ăn vặt,214
SP002853,Snack khoai tây Ostar vị tảo biển 90g (Lô 46),Gói,19000,8,Bánh kẹo & Ăn vặt,221
SP002854,Snack khoai tây Lay's tự nhiên 95g (Lô 46),Gói,21000,8,Bánh kẹo & Ăn vặt,228
SP002855,Bánh que Pocky socola Glico 40g (Lô 46),Hộp,14000,8,Bánh kẹo & Ăn vặt,235
SP002856,Kẹo dẻo Chupa Chups Sour Tubes 160g (Lô 46),Gói,24000,8,Bánh kẹo & Ăn vặt,242
SP002857,Bánh mì tươi nhân bơ sữa Kinh Đô 80g (Lô 46),Cái,9000,8,Bánh kẹo & Ăn vặt,249
SP002858,Bánh xốp Nabati phô mai 130g (Lô 46),Hộp,12000,8,Bánh kẹo & Ăn vặt,256
SP002859,Hạt điều rang muối vỏ lụa Bình Phước 500g (Lô 46),Hộp,135000,8,Bánh kẹo & Ăn vặt,263
SP002860,Hạt hướng dương Chacheer 130g (Lô 46),Gói,15000,8,Bánh kẹo & Ăn vặt,270
SP002861,Rong biển sấy vị truyền thống TaoKaeNoi 32g (Lô 46),Gói,26000,8,Bánh kẹo & Ăn vặt,277
SP002862,Nước mắm Nam Ngư Đệ Nhị chai 900ml (Lô 46),Chai,28000,8,Gia vị & Đồ nấu nướng,284
SP002863,Nước mắm Chinsu Cá Hồi chai 500ml (Lô 46),Chai,47000,8,Gia vị & Đồ nấu nướng,291
SP002864,Dầu ăn Simply đậu nành can 1L (Lô 46),Chai,59000,8,Gia vị & Đồ nấu nướng,298
SP002865,Dầu ăn Neptune Gold can 2L (Lô 46),Chai,135000,8,Gia vị & Đồ nấu nướng,305
SP002866,Hạt nêm Knorr thịt thăn xương ống 400g (Lô 46),Gói,37000,8,Gia vị & Đồ nấu nướng,312
SP002867,Bột ngọt Ajinomoto gói 454g (Lô 46),Gói,34000,8,Gia vị & Đồ nấu nướng,319
SP002868,Tương ớt Chinsu nắp bật 250g (Lô 46),Chai,15000,8,Gia vị & Đồ nấu nướng,326
SP002869,Tương cà Cholimex chai 330g (Lô 46),Chai,16000,8,Gia vị & Đồ nấu nướng,333
SP002870,Muối I-ốt Bạc Liêu túi 500g (Lô 46),Gói,6000,8,Gia vị & Đồ nấu nướng,340
SP002871,Đường tinh luyện Biên Hòa Daily 1kg (Lô 46),Gói,31000,8,Gia vị & Đồ nấu nướng,347
SP002872,Mì tôm Hảo Hảo tôm chua cay 75g (Lô 46),Gói,4500,8,Mì gói & Thực phẩm khô,354
SP002873,Mì Omachi sườn hầm ngũ quả 80g (Lô 46),Gói,8500,8,Mì gói & Thực phẩm khô,361
SP002874,Mì trộn Indomie Mi Goreng 85g (Lô 46),Gói,6500,8,Mì gói & Thực phẩm khô,368
SP002875,Phở gà Đệ Nhất Acecook 68g (Lô 46),Gói,8000,8,Mì gói & Thực phẩm khô,375
SP002876,Miến Phú Hương yến tiệc 210g (Lô 46),Gói,22000,8,Mì gói & Thực phẩm khô,382
SP002877,Cháo thịt bằm Cung Đình gói 50g (Lô 46),Gói,7000,8,Mì gói & Thực phẩm khô,389
SP002878,Cá nục sốt cà 3 Cô Gái lon 155g (Lô 46),Lon,19000,8,Mì gói & Thực phẩm khô,396
SP002879,Pate thịt heo Hạ Long lon 150g (Lô 46),Lon,27000,8,Mì gói & Thực phẩm khô,403
SP002880,Mì ly Modern lẩu thái tôm 65g (Lô 46),Ly,9500,8,Mì gói & Thực phẩm khô,410
SP002881,Nước rửa chén Sunlight chanh can 3.6kg (Lô 46),Can,109000,10,Hóa mỹ phẩm & Tẩy rửa,417
SP002882,Nước giặt OMO Matic cửa trên túi 3.6kg (Lô 46),Túi,175000,10,Hóa mỹ phẩm & Tẩy rửa,424
SP002883,Nước xả vải Comfort đậm đặc túi 3.2L (Lô 46),Túi,189000,10,Hóa mỹ phẩm & Tẩy rửa,431
SP002884,Dầu gội Clear thảo dược mát lạnh 630g (Lô 46),Chai,165000,10,Hóa mỹ phẩm & Tẩy rửa,438
SP002885,Dầu gội Pantene suôn mượt 650ml (Lô 46),Chai,155000,10,Hóa mỹ phẩm & Tẩy rửa,445
SP002886,Sữa tắm Lifebuoy bảo vệ vượt trội 800g (Lô 46),Chai,149000,10,Hóa mỹ phẩm & Tẩy rửa,452
SP002887,Kem đánh răng Colgate Total 12 180g (Lô 46),Tuýp,42000,10,Hóa mỹ phẩm & Tẩy rửa,459
SP002888,Bàn chải đánh răng P/S than tre (Lô 46),Cái,18000,10,Hóa mỹ phẩm & Tẩy rửa,466
SP002889,Nước lau sàn Sunlight hoa lily túi 3.6kg (Lô 46),Túi,85000,10,Hóa mỹ phẩm & Tẩy rửa,473
SP002890,Xịt muỗi Raid hương cam chanh 600ml (Lô 46),Chai,68000,10,Hóa mỹ phẩm & Tẩy rửa,480
SP002891,Giấy vệ sinh cuộn cao cấp Pulppy lốc 10 cuộn (Lô 46),Lốc,92000,8,Đồ gia dụng & Tiện ích,487
SP002892,Khăn giấy lụa rút Paseo 200 tờ (Lô 46),Hộp,25000,8,Đồ gia dụng & Tiện ích,494
SP002893,Màng bọc thực phẩm PE Sunhouse 30cmx150m (Lô 46),Hộp,75000,8,Đồ gia dụng & Tiện ích,51
SP002894,Túi rác đen tự hủy sinh học Opec 3 cuộn (Lô 46),Gói,38000,8,Đồ gia dụng & Tiện ích,58
SP002895,Băng dính dán thùng trong suốt 5cm x 100y (Lô 46),Cuộn,16000,8,Đồ gia dụng & Tiện ích,65
SP002896,Pin tiểu AA Panasonic vỉ 4 viên (Lô 46),Vỉ,26000,8,Đồ gia dụng & Tiện ích,72
SP002897,Khẩu trang y tế 4 lớp kháng khuẩn hộp 50 cái (Lô 46),Hộp,35000,8,Đồ gia dụng & Tiện ích,79
SP002898,Nước rửa tay Lifebuoy hương chanh chai 450ml (Lô 46),Chai,52000,8,Đồ gia dụng & Tiện ích,86
SP002899,Coca Cola Sleek 320ml (Lô 47),Lon,11550,8,Đồ uống & Giải khát,93
SP002900,Pepsi Sleek 320ml (Lô 47),Lon,11025,8,Đồ uống & Giải khát,100
SP002901,Nước cam ép Twister 450ml (Lô 47),Chai,12600,8,Đồ uống & Giải khát,107
SP002902,Trà xanh Không Độ 455ml (Lô 47),Chai,10500,8,Đồ uống & Giải khát,114
SP002903,Trà Ô Long Tea+ Plus 455ml (Lô 47),Chai,12600,8,Đồ uống & Giải khát,121
SP002904,Nước tăng lực Red Bull 250ml (Lô 47),Lon,14700,8,Đồ uống & Giải khát,128
SP002905,Nước khoáng Lavie 500ml (Lô 47),Chai,6300,8,Đồ uống & Giải khát,135
SP002906,Nước tinh khiết Aquafina 500ml (Lô 47),Chai,6300,8,Đồ uống & Giải khát,142
SP002907,Cà phê sữa đá Highlands 235ml (Lô 47),Lon,16800,8,Đồ uống & Giải khát,149
SP002908,Bia Heineken Sleek 330ml (Lô 47),Lon,23100,10,Đồ uống & Giải khát,156
SP002909,Bia Tiger Crystal 330ml (Lô 47),Lon,20475,10,Đồ uống & Giải khát,163
SP002910,Bia Sài Gòn Special 330ml (Lô 47),Lon,17325,10,Đồ uống & Giải khát,170
SP002911,Sữa tươi tiệt trùng Vinamilk 180ml (Lô 47),Hộp,8925,0,Đồ uống & Giải khát,177
SP002912,Sữa chua uống Susu 110ml (Lô 47),Chai,6825,0,Đồ uống & Giải khát,184
SP002913,Nước ép bưởi hồng Vfresh 1L (Lô 47),Hộp,40950,8,Đồ uống & Giải khát,191
SP002914,Bánh ChocoPie Orion hộp 12 cái (Lô 47),Hộp,60900,8,Bánh kẹo & Ăn vặt,198
SP002915,Bánh Cosy mè giòn rụm Kinh Đô 288g (Lô 47),Gói,30450,8,Bánh kẹo & Ăn vặt,205
SP002916,Snack khoai tây Ostar vị tảo biển 90g (Lô 47),Gói,19950,8,Bánh kẹo & Ăn vặt,212
SP002917,Snack khoai tây Lay's tự nhiên 95g (Lô 47),Gói,22050,8,Bánh kẹo & Ăn vặt,219
SP002918,Bánh que Pocky socola Glico 40g (Lô 47),Hộp,14700,8,Bánh kẹo & Ăn vặt,226
SP002919,Kẹo dẻo Chupa Chups Sour Tubes 160g (Lô 47),Gói,25200,8,Bánh kẹo & Ăn vặt,233
SP002920,Bánh mì tươi nhân bơ sữa Kinh Đô 80g (Lô 47),Cái,9450,8,Bánh kẹo & Ăn vặt,240
SP002921,Bánh xốp Nabati phô mai 130g (Lô 47),Hộp,12600,8,Bánh kẹo & Ăn vặt,247
SP002922,Hạt điều rang muối vỏ lụa Bình Phước 500g (Lô 47),Hộp,141750,8,Bánh kẹo & Ăn vặt,254
SP002923,Hạt hướng dương Chacheer 130g (Lô 47),Gói,15750,8,Bánh kẹo & Ăn vặt,261
SP002924,Rong biển sấy vị truyền thống TaoKaeNoi 32g (Lô 47),Gói,27300,8,Bánh kẹo & Ăn vặt,268
SP002925,Nước mắm Nam Ngư Đệ Nhị chai 900ml (Lô 47),Chai,29400,8,Gia vị & Đồ nấu nướng,275
SP002926,Nước mắm Chinsu Cá Hồi chai 500ml (Lô 47),Chai,49350,8,Gia vị & Đồ nấu nướng,282
SP002927,Dầu ăn Simply đậu nành can 1L (Lô 47),Chai,61950,8,Gia vị & Đồ nấu nướng,289
SP002928,Dầu ăn Neptune Gold can 2L (Lô 47),Chai,141750,8,Gia vị & Đồ nấu nướng,296
SP002929,Hạt nêm Knorr thịt thăn xương ống 400g (Lô 47),Gói,38850,8,Gia vị & Đồ nấu nướng,303
SP002930,Bột ngọt Ajinomoto gói 454g (Lô 47),Gói,35700,8,Gia vị & Đồ nấu nướng,310
SP002931,Tương ớt Chinsu nắp bật 250g (Lô 47),Chai,15750,8,Gia vị & Đồ nấu nướng,317
SP002932,Tương cà Cholimex chai 330g (Lô 47),Chai,16800,8,Gia vị & Đồ nấu nướng,324
SP002933,Muối I-ốt Bạc Liêu túi 500g (Lô 47),Gói,6300,8,Gia vị & Đồ nấu nướng,331
SP002934,Đường tinh luyện Biên Hòa Daily 1kg (Lô 47),Gói,32550,8,Gia vị & Đồ nấu nướng,338
SP002935,Mì tôm Hảo Hảo tôm chua cay 75g (Lô 47),Gói,4725,8,Mì gói & Thực phẩm khô,345
SP002936,Mì Omachi sườn hầm ngũ quả 80g (Lô 47),Gói,8925,8,Mì gói & Thực phẩm khô,352
SP002937,Mì trộn Indomie Mi Goreng 85g (Lô 47),Gói,6825,8,Mì gói & Thực phẩm khô,359
SP002938,Phở gà Đệ Nhất Acecook 68g (Lô 47),Gói,8400,8,Mì gói & Thực phẩm khô,366
SP002939,Miến Phú Hương yến tiệc 210g (Lô 47),Gói,23100,8,Mì gói & Thực phẩm khô,373
SP002940,Cháo thịt bằm Cung Đình gói 50g (Lô 47),Gói,7350,8,Mì gói & Thực phẩm khô,380
SP002941,Cá nục sốt cà 3 Cô Gái lon 155g (Lô 47),Lon,19950,8,Mì gói & Thực phẩm khô,387
SP002942,Pate thịt heo Hạ Long lon 150g (Lô 47),Lon,28350,8,Mì gói & Thực phẩm khô,394
SP002943,Mì ly Modern lẩu thái tôm 65g (Lô 47),Ly,9975,8,Mì gói & Thực phẩm khô,401
SP002944,Nước rửa chén Sunlight chanh can 3.6kg (Lô 47),Can,114450,10,Hóa mỹ phẩm & Tẩy rửa,408
SP002945,Nước giặt OMO Matic cửa trên túi 3.6kg (Lô 47),Túi,183750,10,Hóa mỹ phẩm & Tẩy rửa,415
SP002946,Nước xả vải Comfort đậm đặc túi 3.2L (Lô 47),Túi,198450,10,Hóa mỹ phẩm & Tẩy rửa,422
SP002947,Dầu gội Clear thảo dược mát lạnh 630g (Lô 47),Chai,173250,10,Hóa mỹ phẩm & Tẩy rửa,429
SP002948,Dầu gội Pantene suôn mượt 650ml (Lô 47),Chai,162750,10,Hóa mỹ phẩm & Tẩy rửa,436
SP002949,Sữa tắm Lifebuoy bảo vệ vượt trội 800g (Lô 47),Chai,156450,10,Hóa mỹ phẩm & Tẩy rửa,443
SP002950,Kem đánh răng Colgate Total 12 180g (Lô 47),Tuýp,44100,10,Hóa mỹ phẩm & Tẩy rửa,450
SP002951,Bàn chải đánh răng P/S than tre (Lô 47),Cái,18900,10,Hóa mỹ phẩm & Tẩy rửa,457
SP002952,Nước lau sàn Sunlight hoa lily túi 3.6kg (Lô 47),Túi,89250,10,Hóa mỹ phẩm & Tẩy rửa,464
SP002953,Xịt muỗi Raid hương cam chanh 600ml (Lô 47),Chai,71400,10,Hóa mỹ phẩm & Tẩy rửa,471
SP002954,Giấy vệ sinh cuộn cao cấp Pulppy lốc 10 cuộn (Lô 47),Lốc,96600,8,Đồ gia dụng & Tiện ích,478
SP002955,Khăn giấy lụa rút Paseo 200 tờ (Lô 47),Hộp,26250,8,Đồ gia dụng & Tiện ích,485
SP002956,Màng bọc thực phẩm PE Sunhouse 30cmx150m (Lô 47),Hộp,78750,8,Đồ gia dụng & Tiện ích,492
SP002957,Túi rác đen tự hủy sinh học Opec 3 cuộn (Lô 47),Gói,39900,8,Đồ gia dụng & Tiện ích,499
SP002958,Băng dính dán thùng trong suốt 5cm x 100y (Lô 47),Cuộn,16800,8,Đồ gia dụng & Tiện ích,56
SP002959,Pin tiểu AA Panasonic vỉ 4 viên (Lô 47),Vỉ,27300,8,Đồ gia dụng & Tiện ích,63
SP002960,Khẩu trang y tế 4 lớp kháng khuẩn hộp 50 cái (Lô 47),Hộp,36750,8,Đồ gia dụng & Tiện ích,70
SP002961,Nước rửa tay Lifebuoy hương chanh chai 450ml (Lô 47),Chai,54600,8,Đồ gia dụng & Tiện ích,77
SP002962,Coca Cola Sleek 320ml (Lô 48),Lon,12100,8,Đồ uống & Giải khát,84
SP002963,Pepsi Sleek 320ml (Lô 48),Lon,11550,8,Đồ uống & Giải khát,91
SP002964,Nước cam ép Twister 450ml (Lô 48),Chai,13200,8,Đồ uống & Giải khát,98
SP002965,Trà xanh Không Độ 455ml (Lô 48),Chai,11000,8,Đồ uống & Giải khát,105
SP002966,Trà Ô Long Tea+ Plus 455ml (Lô 48),Chai,13200,8,Đồ uống & Giải khát,112
SP002967,Nước tăng lực Red Bull 250ml (Lô 48),Lon,15400,8,Đồ uống & Giải khát,119
SP002968,Nước khoáng Lavie 500ml (Lô 48),Chai,6600,8,Đồ uống & Giải khát,126
SP002969,Nước tinh khiết Aquafina 500ml (Lô 48),Chai,6600,8,Đồ uống & Giải khát,133
SP002970,Cà phê sữa đá Highlands 235ml (Lô 48),Lon,17600,8,Đồ uống & Giải khát,140
SP002971,Bia Heineken Sleek 330ml (Lô 48),Lon,24200,10,Đồ uống & Giải khát,147
SP002972,Bia Tiger Crystal 330ml (Lô 48),Lon,21450,10,Đồ uống & Giải khát,154
SP002973,Bia Sài Gòn Special 330ml (Lô 48),Lon,18150,10,Đồ uống & Giải khát,161
SP002974,Sữa tươi tiệt trùng Vinamilk 180ml (Lô 48),Hộp,9350,0,Đồ uống & Giải khát,168
SP002975,Sữa chua uống Susu 110ml (Lô 48),Chai,7150,0,Đồ uống & Giải khát,175
SP002976,Nước ép bưởi hồng Vfresh 1L (Lô 48),Hộp,42900,8,Đồ uống & Giải khát,182
SP002977,Bánh ChocoPie Orion hộp 12 cái (Lô 48),Hộp,63800,8,Bánh kẹo & Ăn vặt,189
SP002978,Bánh Cosy mè giòn rụm Kinh Đô 288g (Lô 48),Gói,31900,8,Bánh kẹo & Ăn vặt,196
SP002979,Snack khoai tây Ostar vị tảo biển 90g (Lô 48),Gói,20900,8,Bánh kẹo & Ăn vặt,203
SP002980,Snack khoai tây Lay's tự nhiên 95g (Lô 48),Gói,23100,8,Bánh kẹo & Ăn vặt,210
SP002981,Bánh que Pocky socola Glico 40g (Lô 48),Hộp,15400,8,Bánh kẹo & Ăn vặt,217
SP002982,Kẹo dẻo Chupa Chups Sour Tubes 160g (Lô 48),Gói,26400,8,Bánh kẹo & Ăn vặt,224
SP002983,Bánh mì tươi nhân bơ sữa Kinh Đô 80g (Lô 48),Cái,9900,8,Bánh kẹo & Ăn vặt,231
SP002984,Bánh xốp Nabati phô mai 130g (Lô 48),Hộp,13200,8,Bánh kẹo & Ăn vặt,238
SP002985,Hạt điều rang muối vỏ lụa Bình Phước 500g (Lô 48),Hộp,148500,8,Bánh kẹo & Ăn vặt,245
SP002986,Hạt hướng dương Chacheer 130g (Lô 48),Gói,16500,8,Bánh kẹo & Ăn vặt,252
SP002987,Rong biển sấy vị truyền thống TaoKaeNoi 32g (Lô 48),Gói,28600,8,Bánh kẹo & Ăn vặt,259
SP002988,Nước mắm Nam Ngư Đệ Nhị chai 900ml (Lô 48),Chai,30800,8,Gia vị & Đồ nấu nướng,266
SP002989,Nước mắm Chinsu Cá Hồi chai 500ml (Lô 48),Chai,51700,8,Gia vị & Đồ nấu nướng,273
SP002990,Dầu ăn Simply đậu nành can 1L (Lô 48),Chai,64900,8,Gia vị & Đồ nấu nướng,280
SP002991,Dầu ăn Neptune Gold can 2L (Lô 48),Chai,148500,8,Gia vị & Đồ nấu nướng,287
SP002992,Hạt nêm Knorr thịt thăn xương ống 400g (Lô 48),Gói,40700,8,Gia vị & Đồ nấu nướng,294
SP002993,Bột ngọt Ajinomoto gói 454g (Lô 48),Gói,37400,8,Gia vị & Đồ nấu nướng,301
SP002994,Tương ớt Chinsu nắp bật 250g (Lô 48),Chai,16500,8,Gia vị & Đồ nấu nướng,308
SP002995,Tương cà Cholimex chai 330g (Lô 48),Chai,17600,8,Gia vị & Đồ nấu nướng,315
SP002996,Muối I-ốt Bạc Liêu túi 500g (Lô 48),Gói,6600,8,Gia vị & Đồ nấu nướng,322
SP002997,Đường tinh luyện Biên Hòa Daily 1kg (Lô 48),Gói,34100,8,Gia vị & Đồ nấu nướng,329
SP002998,Mì tôm Hảo Hảo tôm chua cay 75g (Lô 48),Gói,4950,8,Mì gói & Thực phẩm khô,336
SP002999,Mì Omachi sườn hầm ngũ quả 80g (Lô 48),Gói,9350,8,Mì gói & Thực phẩm khô,343
SP003000,Mì trộn Indomie Mi Goreng 85g (Lô 48),Gói,7150,8,Mì gói & Thực phẩm khô,350
SP003001,Phở gà Đệ Nhất Acecook 68g (Lô 48),Gói,8800,8,Mì gói & Thực phẩm khô,357
SP003002,Miến Phú Hương yến tiệc 210g (Lô 48),Gói,24200,8,Mì gói & Thực phẩm khô,364
SP003003,Cháo thịt bằm Cung Đình gói 50g (Lô 48),Gói,7700,8,Mì gói & Thực phẩm khô,371
SP003004,Cá nục sốt cà 3 Cô Gái lon 155g (Lô 48),Lon,20900,8,Mì gói & Thực phẩm khô,378
SP003005,Pate thịt heo Hạ Long lon 150g (Lô 48),Lon,29700,8,Mì gói & Thực phẩm khô,385
SP003006,Mì ly Modern lẩu thái tôm 65g (Lô 48),Ly,10450,8,Mì gói & Thực phẩm khô,392
SP003007,Nước rửa chén Sunlight chanh can 3.6kg (Lô 48),Can,119900,10,Hóa mỹ phẩm & Tẩy rửa,399
SP003008,Nước giặt OMO Matic cửa trên túi 3.6kg (Lô 48),Túi,192500,10,Hóa mỹ phẩm & Tẩy rửa,406
SP003009,Nước xả vải Comfort đậm đặc túi 3.2L (Lô 48),Túi,207900,10,Hóa mỹ phẩm & Tẩy rửa,413
SP003010,Dầu gội Clear thảo dược mát lạnh 630g (Lô 48),Chai,181500,10,Hóa mỹ phẩm & Tẩy rửa,420
SP003011,Dầu gội Pantene suôn mượt 650ml (Lô 48),Chai,170500,10,Hóa mỹ phẩm & Tẩy rửa,427
SP003012,Sữa tắm Lifebuoy bảo vệ vượt trội 800g (Lô 48),Chai,163900,10,Hóa mỹ phẩm & Tẩy rửa,434
SP003013,Kem đánh răng Colgate Total 12 180g (Lô 48),Tuýp,46200,10,Hóa mỹ phẩm & Tẩy rửa,441
SP003014,Bàn chải đánh răng P/S than tre (Lô 48),Cái,19800,10,Hóa mỹ phẩm & Tẩy rửa,448
SP003015,Nước lau sàn Sunlight hoa lily túi 3.6kg (Lô 48),Túi,93500,10,Hóa mỹ phẩm & Tẩy rửa,455
SP003016,Xịt muỗi Raid hương cam chanh 600ml (Lô 48),Chai,74800,10,Hóa mỹ phẩm & Tẩy rửa,462
SP003017,Giấy vệ sinh cuộn cao cấp Pulppy lốc 10 cuộn (Lô 48),Lốc,101200,8,Đồ gia dụng & Tiện ích,469
SP003018,Khăn giấy lụa rút Paseo 200 tờ (Lô 48),Hộp,27500,8,Đồ gia dụng & Tiện ích,476
SP003019,Màng bọc thực phẩm PE Sunhouse 30cmx150m (Lô 48),Hộp,82500,8,Đồ gia dụng & Tiện ích,483
SP003020,Túi rác đen tự hủy sinh học Opec 3 cuộn (Lô 48),Gói,41800,8,Đồ gia dụng & Tiện ích,490
SP003021,Băng dính dán thùng trong suốt 5cm x 100y (Lô 48),Cuộn,17600,8,Đồ gia dụng & Tiện ích,497
SP003022,Pin tiểu AA Panasonic vỉ 4 viên (Lô 48),Vỉ,28600,8,Đồ gia dụng & Tiện ích,54
SP003023,Khẩu trang y tế 4 lớp kháng khuẩn hộp 50 cái (Lô 48),Hộp,38500,8,Đồ gia dụng & Tiện ích,61
SP003024,Nước rửa tay Lifebuoy hương chanh chai 450ml (Lô 48),Chai,57200,8,Đồ gia dụng & Tiện ích,68
SP003025,Coca Cola Sleek 320ml (Lô 49),Lon,12649,8,Đồ uống & Giải khát,75
SP003026,Pepsi Sleek 320ml (Lô 49),Lon,12074,8,Đồ uống & Giải khát,82
SP003027,Nước cam ép Twister 450ml (Lô 49),Chai,13799,8,Đồ uống & Giải khát,89
SP003028,Trà xanh Không Độ 455ml (Lô 49),Chai,11500,8,Đồ uống & Giải khát,96
SP003029,Trà Ô Long Tea+ Plus 455ml (Lô 49),Chai,13799,8,Đồ uống & Giải khát,103
SP003030,Nước tăng lực Red Bull 250ml (Lô 49),Lon,16099,8,Đồ uống & Giải khát,110
SP003031,Nước khoáng Lavie 500ml (Lô 49),Chai,6899,8,Đồ uống & Giải khát,117
SP003032,Nước tinh khiết Aquafina 500ml (Lô 49),Chai,6899,8,Đồ uống & Giải khát,124
SP003033,Cà phê sữa đá Highlands 235ml (Lô 49),Lon,18400,8,Đồ uống & Giải khát,131
SP003034,Bia Heineken Sleek 330ml (Lô 49),Lon,25299,10,Đồ uống & Giải khát,138
SP003035,Bia Tiger Crystal 330ml (Lô 49),Lon,22425,10,Đồ uống & Giải khát,145
SP003036,Bia Sài Gòn Special 330ml (Lô 49),Lon,18975,10,Đồ uống & Giải khát,152
SP003037,Sữa tươi tiệt trùng Vinamilk 180ml (Lô 49),Hộp,9775,0,Đồ uống & Giải khát,159
SP003038,Sữa chua uống Susu 110ml (Lô 49),Chai,7474,0,Đồ uống & Giải khát,166
SP003039,Nước ép bưởi hồng Vfresh 1L (Lô 49),Hộp,44850,8,Đồ uống & Giải khát,173
SP003040,Bánh ChocoPie Orion hộp 12 cái (Lô 49),Hộp,66700,8,Bánh kẹo & Ăn vặt,180
SP003041,Bánh Cosy mè giòn rụm Kinh Đô 288g (Lô 49),Gói,33350,8,Bánh kẹo & Ăn vặt,187
SP003042,Snack khoai tây Ostar vị tảo biển 90g (Lô 49),Gói,21850,8,Bánh kẹo & Ăn vặt,194
SP003043,Snack khoai tây Lay's tự nhiên 95g (Lô 49),Gói,24149,8,Bánh kẹo & Ăn vặt,201
SP003044,Bánh que Pocky socola Glico 40g (Lô 49),Hộp,16099,8,Bánh kẹo & Ăn vặt,208
SP003045,Kẹo dẻo Chupa Chups Sour Tubes 160g (Lô 49),Gói,27599,8,Bánh kẹo & Ăn vặt,215
SP003046,Bánh mì tươi nhân bơ sữa Kinh Đô 80g (Lô 49),Cái,10350,8,Bánh kẹo & Ăn vặt,222
SP003047,Bánh xốp Nabati phô mai 130g (Lô 49),Hộp,13799,8,Bánh kẹo & Ăn vặt,229
SP003048,Hạt điều rang muối vỏ lụa Bình Phước 500g (Lô 49),Hộp,155250,8,Bánh kẹo & Ăn vặt,236
SP003049,Hạt hướng dương Chacheer 130g (Lô 49),Gói,17250,8,Bánh kẹo & Ăn vặt,243
SP003050,Rong biển sấy vị truyền thống TaoKaeNoi 32g (Lô 49),Gói,29899,8,Bánh kẹo & Ăn vặt,250
SP003051,Nước mắm Nam Ngư Đệ Nhị chai 900ml (Lô 49),Chai,32199,8,Gia vị & Đồ nấu nướng,257
SP003052,Nước mắm Chinsu Cá Hồi chai 500ml (Lô 49),Chai,54049,8,Gia vị & Đồ nấu nướng,264
SP003053,Dầu ăn Simply đậu nành can 1L (Lô 49),Chai,67850,8,Gia vị & Đồ nấu nướng,271
SP003054,Dầu ăn Neptune Gold can 2L (Lô 49),Chai,155250,8,Gia vị & Đồ nấu nướng,278
SP003055,Hạt nêm Knorr thịt thăn xương ống 400g (Lô 49),Gói,42550,8,Gia vị & Đồ nấu nướng,285
SP003056,Bột ngọt Ajinomoto gói 454g (Lô 49),Gói,39100,8,Gia vị & Đồ nấu nướng,292
SP003057,Tương ớt Chinsu nắp bật 250g (Lô 49),Chai,17250,8,Gia vị & Đồ nấu nướng,299
SP003058,Tương cà Cholimex chai 330g (Lô 49),Chai,18400,8,Gia vị & Đồ nấu nướng,306
SP003059,Muối I-ốt Bạc Liêu túi 500g (Lô 49),Gói,6899,8,Gia vị & Đồ nấu nướng,313
SP003060,Đường tinh luyện Biên Hòa Daily 1kg (Lô 49),Gói,35650,8,Gia vị & Đồ nấu nướng,320
SP003061,Mì tôm Hảo Hảo tôm chua cay 75g (Lô 49),Gói,5175,8,Mì gói & Thực phẩm khô,327
SP003062,Mì Omachi sườn hầm ngũ quả 80g (Lô 49),Gói,9775,8,Mì gói & Thực phẩm khô,334
SP003063,Mì trộn Indomie Mi Goreng 85g (Lô 49),Gói,7474,8,Mì gói & Thực phẩm khô,341
SP003064,Phở gà Đệ Nhất Acecook 68g (Lô 49),Gói,9200,8,Mì gói & Thực phẩm khô,348
SP003065,Miến Phú Hương yến tiệc 210g (Lô 49),Gói,25299,8,Mì gói & Thực phẩm khô,355
SP003066,Cháo thịt bằm Cung Đình gói 50g (Lô 49),Gói,8049,8,Mì gói & Thực phẩm khô,362
SP003067,Cá nục sốt cà 3 Cô Gái lon 155g (Lô 49),Lon,21850,8,Mì gói & Thực phẩm khô,369
SP003068,Pate thịt heo Hạ Long lon 150g (Lô 49),Lon,31049,8,Mì gói & Thực phẩm khô,376
SP003069,Mì ly Modern lẩu thái tôm 65g (Lô 49),Ly,10925,8,Mì gói & Thực phẩm khô,383
SP003070,Nước rửa chén Sunlight chanh can 3.6kg (Lô 49),Can,125349,10,Hóa mỹ phẩm & Tẩy rửa,390
SP003071,Nước giặt OMO Matic cửa trên túi 3.6kg (Lô 49),Túi,201249,10,Hóa mỹ phẩm & Tẩy rửa,397
SP003072,Nước xả vải Comfort đậm đặc túi 3.2L (Lô 49),Túi,217349,10,Hóa mỹ phẩm & Tẩy rửa,404
SP003073,Dầu gội Clear thảo dược mát lạnh 630g (Lô 49),Chai,189749,10,Hóa mỹ phẩm & Tẩy rửa,411
SP003074,Dầu gội Pantene suôn mượt 650ml (Lô 49),Chai,178250,10,Hóa mỹ phẩm & Tẩy rửa,418
SP003075,Sữa tắm Lifebuoy bảo vệ vượt trội 800g (Lô 49),Chai,171350,10,Hóa mỹ phẩm & Tẩy rửa,425
SP003076,Kem đánh răng Colgate Total 12 180g (Lô 49),Tuýp,48299,10,Hóa mỹ phẩm & Tẩy rửa,432
SP003077,Bàn chải đánh răng P/S than tre (Lô 49),Cái,20700,10,Hóa mỹ phẩm & Tẩy rửa,439
SP003078,Nước lau sàn Sunlight hoa lily túi 3.6kg (Lô 49),Túi,97749,10,Hóa mỹ phẩm & Tẩy rửa,446
SP003079,Xịt muỗi Raid hương cam chanh 600ml (Lô 49),Chai,78200,10,Hóa mỹ phẩm & Tẩy rửa,453
SP003080,Giấy vệ sinh cuộn cao cấp Pulppy lốc 10 cuộn (Lô 49),Lốc,105799,8,Đồ gia dụng & Tiện ích,460
SP003081,Khăn giấy lụa rút Paseo 200 tờ (Lô 49),Hộp,28749,8,Đồ gia dụng & Tiện ích,467
SP003082,Màng bọc thực phẩm PE Sunhouse 30cmx150m (Lô 49),Hộp,86250,8,Đồ gia dụng & Tiện ích,474
SP003083,Túi rác đen tự hủy sinh học Opec 3 cuộn (Lô 49),Gói,43700,8,Đồ gia dụng & Tiện ích,481
SP003084,Băng dính dán thùng trong suốt 5cm x 100y (Lô 49),Cuộn,18400,8,Đồ gia dụng & Tiện ích,488
SP003085,Pin tiểu AA Panasonic vỉ 4 viên (Lô 49),Vỉ,29899,8,Đồ gia dụng & Tiện ích,495
SP003086,Khẩu trang y tế 4 lớp kháng khuẩn hộp 50 cái (Lô 49),Hộp,40250,8,Đồ gia dụng & Tiện ích,52
SP003087,Nước rửa tay Lifebuoy hương chanh chai 450ml (Lô 49),Chai,59799,8,Đồ gia dụng & Tiện ích,59
SP003088,Coca Cola Sleek 320ml (Lô 50),Lon,13200,8,Đồ uống & Giải khát,66
SP003089,Pepsi Sleek 320ml (Lô 50),Lon,12600,8,Đồ uống & Giải khát,73
SP003090,Nước cam ép Twister 450ml (Lô 50),Chai,14400,8,Đồ uống & Giải khát,80
SP003091,Trà xanh Không Độ 455ml (Lô 50),Chai,12000,8,Đồ uống & Giải khát,87
SP003092,Trà Ô Long Tea+ Plus 455ml (Lô 50),Chai,14400,8,Đồ uống & Giải khát,94
SP003093,Nước tăng lực Red Bull 250ml (Lô 50),Lon,16800,8,Đồ uống & Giải khát,101
SP003094,Nước khoáng Lavie 500ml (Lô 50),Chai,7200,8,Đồ uống & Giải khát,108
SP003095,Nước tinh khiết Aquafina 500ml (Lô 50),Chai,7200,8,Đồ uống & Giải khát,115
SP003096,Cà phê sữa đá Highlands 235ml (Lô 50),Lon,19200,8,Đồ uống & Giải khát,122
SP003097,Bia Heineken Sleek 330ml (Lô 50),Lon,26400,10,Đồ uống & Giải khát,129
SP003098,Bia Tiger Crystal 330ml (Lô 50),Lon,23400,10,Đồ uống & Giải khát,136
SP003099,Bia Sài Gòn Special 330ml (Lô 50),Lon,19800,10,Đồ uống & Giải khát,143
SP003100,Sữa tươi tiệt trùng Vinamilk 180ml (Lô 50),Hộp,10200,0,Đồ uống & Giải khát,150
SP003101,Sữa chua uống Susu 110ml (Lô 50),Chai,7800,0,Đồ uống & Giải khát,157
SP003102,Nước ép bưởi hồng Vfresh 1L (Lô 50),Hộp,46800,8,Đồ uống & Giải khát,164
SP003103,Bánh ChocoPie Orion hộp 12 cái (Lô 50),Hộp,69600,8,Bánh kẹo & Ăn vặt,171
SP003104,Bánh Cosy mè giòn rụm Kinh Đô 288g (Lô 50),Gói,34800,8,Bánh kẹo & Ăn vặt,178
SP003105,Snack khoai tây Ostar vị tảo biển 90g (Lô 50),Gói,22800,8,Bánh kẹo & Ăn vặt,185
SP003106,Snack khoai tây Lay's tự nhiên 95g (Lô 50),Gói,25200,8,Bánh kẹo & Ăn vặt,192
SP003107,Bánh que Pocky socola Glico 40g (Lô 50),Hộp,16800,8,Bánh kẹo & Ăn vặt,199
SP003108,Kẹo dẻo Chupa Chups Sour Tubes 160g (Lô 50),Gói,28800,8,Bánh kẹo & Ăn vặt,206
SP003109,Bánh mì tươi nhân bơ sữa Kinh Đô 80g (Lô 50),Cái,10800,8,Bánh kẹo & Ăn vặt,213
SP003110,Bánh xốp Nabati phô mai 130g (Lô 50),Hộp,14400,8,Bánh kẹo & Ăn vặt,220
SP003111,Hạt điều rang muối vỏ lụa Bình Phước 500g (Lô 50),Hộp,162000,8,Bánh kẹo & Ăn vặt,227
SP003112,Hạt hướng dương Chacheer 130g (Lô 50),Gói,18000,8,Bánh kẹo & Ăn vặt,234
SP003113,Rong biển sấy vị truyền thống TaoKaeNoi 32g (Lô 50),Gói,31200,8,Bánh kẹo & Ăn vặt,241
SP003114,Nước mắm Nam Ngư Đệ Nhị chai 900ml (Lô 50),Chai,33600,8,Gia vị & Đồ nấu nướng,248
SP003115,Nước mắm Chinsu Cá Hồi chai 500ml (Lô 50),Chai,56400,8,Gia vị & Đồ nấu nướng,255
SP003116,Dầu ăn Simply đậu nành can 1L (Lô 50),Chai,70800,8,Gia vị & Đồ nấu nướng,262
SP003117,Dầu ăn Neptune Gold can 2L (Lô 50),Chai,162000,8,Gia vị & Đồ nấu nướng,269
SP003118,Hạt nêm Knorr thịt thăn xương ống 400g (Lô 50),Gói,44400,8,Gia vị & Đồ nấu nướng,276
SP003119,Bột ngọt Ajinomoto gói 454g (Lô 50),Gói,40800,8,Gia vị & Đồ nấu nướng,283
SP003120,Tương ớt Chinsu nắp bật 250g (Lô 50),Chai,18000,8,Gia vị & Đồ nấu nướng,290
SP003121,Tương cà Cholimex chai 330g (Lô 50),Chai,19200,8,Gia vị & Đồ nấu nướng,297
SP003122,Muối I-ốt Bạc Liêu túi 500g (Lô 50),Gói,7200,8,Gia vị & Đồ nấu nướng,304
SP003123,Đường tinh luyện Biên Hòa Daily 1kg (Lô 50),Gói,37200,8,Gia vị & Đồ nấu nướng,311
SP003124,Mì tôm Hảo Hảo tôm chua cay 75g (Lô 50),Gói,5400,8,Mì gói & Thực phẩm khô,318
SP003125,Mì Omachi sườn hầm ngũ quả 80g (Lô 50),Gói,10200,8,Mì gói & Thực phẩm khô,325
SP003126,Mì trộn Indomie Mi Goreng 85g (Lô 50),Gói,7800,8,Mì gói & Thực phẩm khô,332
SP003127,Phở gà Đệ Nhất Acecook 68g (Lô 50),Gói,9600,8,Mì gói & Thực phẩm khô,339
SP003128,Miến Phú Hương yến tiệc 210g (Lô 50),Gói,26400,8,Mì gói & Thực phẩm khô,346
SP003129,Cháo thịt bằm Cung Đình gói 50g (Lô 50),Gói,8400,8,Mì gói & Thực phẩm khô,353
SP003130,Cá nục sốt cà 3 Cô Gái lon 155g (Lô 50),Lon,22800,8,Mì gói & Thực phẩm khô,360
SP003131,Pate thịt heo Hạ Long lon 150g (Lô 50),Lon,32400,8,Mì gói & Thực phẩm khô,367
SP003132,Mì ly Modern lẩu thái tôm 65g (Lô 50),Ly,11400,8,Mì gói & Thực phẩm khô,374
SP003133,Nước rửa chén Sunlight chanh can 3.6kg (Lô 50),Can,130800,10,Hóa mỹ phẩm & Tẩy rửa,381
SP003134,Nước giặt OMO Matic cửa trên túi 3.6kg (Lô 50),Túi,210000,10,Hóa mỹ phẩm & Tẩy rửa,388
SP003135,Nước xả vải Comfort đậm đặc túi 3.2L (Lô 50),Túi,226800,10,Hóa mỹ phẩm & Tẩy rửa,395
SP003136,Dầu gội Clear thảo dược mát lạnh 630g (Lô 50),Chai,198000,10,Hóa mỹ phẩm & Tẩy rửa,402
SP003137,Dầu gội Pantene suôn mượt 650ml (Lô 50),Chai,186000,10,Hóa mỹ phẩm & Tẩy rửa,409
SP003138,Sữa tắm Lifebuoy bảo vệ vượt trội 800g (Lô 50),Chai,178800,10,Hóa mỹ phẩm & Tẩy rửa,416
SP003139,Kem đánh răng Colgate Total 12 180g (Lô 50),Tuýp,50400,10,Hóa mỹ phẩm & Tẩy rửa,423
SP003140,Bàn chải đánh răng P/S than tre (Lô 50),Cái,21600,10,Hóa mỹ phẩm & Tẩy rửa,430
SP003141,Nước lau sàn Sunlight hoa lily túi 3.6kg (Lô 50),Túi,102000,10,Hóa mỹ phẩm & Tẩy rửa,437
SP003142,Xịt muỗi Raid hương cam chanh 600ml (Lô 50),Chai,81600,10,Hóa mỹ phẩm & Tẩy rửa,444
SP003143,Giấy vệ sinh cuộn cao cấp Pulppy lốc 10 cuộn (Lô 50),Lốc,110400,8,Đồ gia dụng & Tiện ích,451
SP003144,Khăn giấy lụa rút Paseo 200 tờ (Lô 50),Hộp,30000,8,Đồ gia dụng & Tiện ích,458
SP003145,Màng bọc thực phẩm PE Sunhouse 30cmx150m (Lô 50),Hộp,90000,8,Đồ gia dụng & Tiện ích,465
SP003146,Túi rác đen tự hủy sinh học Opec 3 cuộn (Lô 50),Gói,45600,8,Đồ gia dụng & Tiện ích,472
SP003147,Băng dính dán thùng trong suốt 5cm x 100y (Lô 50),Cuộn,19200,8,Đồ gia dụng & Tiện ích,479
SP003148,Pin tiểu AA Panasonic vỉ 4 viên (Lô 50),Vỉ,31200,8,Đồ gia dụng & Tiện ích,486
SP003149,Khẩu trang y tế 4 lớp kháng khuẩn hộp 50 cái (Lô 50),Hộp,42000,8,Đồ gia dụng & Tiện ích,493
SP003150,Nước rửa tay Lifebuoy hương chanh chai 450ml (Lô 50),Chai,62400,8,Đồ gia dụng & Tiện ích,50
SP003151,Coca Cola Sleek 320ml (Lô 51),Lon,11000,8,Đồ uống & Giải khát,57
SP003152,Pepsi Sleek 320ml (Lô 51),Lon,10500,8,Đồ uống & Giải khát,64
SP003153,Nước cam ép Twister 450ml (Lô 51),Chai,12000,8,Đồ uống & Giải khát,71
SP003154,Trà xanh Không Độ 455ml (Lô 51),Chai,10000,8,Đồ uống & Giải khát,78
SP003155,Trà Ô Long Tea+ Plus 455ml (Lô 51),Chai,12000,8,Đồ uống & Giải khát,85
SP003156,Nước tăng lực Red Bull 250ml (Lô 51),Lon,14000,8,Đồ uống & Giải khát,92
SP003157,Nước khoáng Lavie 500ml (Lô 51),Chai,6000,8,Đồ uống & Giải khát,99
SP003158,Nước tinh khiết Aquafina 500ml (Lô 51),Chai,6000,8,Đồ uống & Giải khát,106
SP003159,Cà phê sữa đá Highlands 235ml (Lô 51),Lon,16000,8,Đồ uống & Giải khát,113
SP003160,Bia Heineken Sleek 330ml (Lô 51),Lon,22000,10,Đồ uống & Giải khát,120
SP003161,Bia Tiger Crystal 330ml (Lô 51),Lon,19500,10,Đồ uống & Giải khát,127
SP003162,Bia Sài Gòn Special 330ml (Lô 51),Lon,16500,10,Đồ uống & Giải khát,134
SP003163,Sữa tươi tiệt trùng Vinamilk 180ml (Lô 51),Hộp,8500,0,Đồ uống & Giải khát,141
SP003164,Sữa chua uống Susu 110ml (Lô 51),Chai,6500,0,Đồ uống & Giải khát,148
SP003165,Nước ép bưởi hồng Vfresh 1L (Lô 51),Hộp,39000,8,Đồ uống & Giải khát,155
SP003166,Bánh ChocoPie Orion hộp 12 cái (Lô 51),Hộp,58000,8,Bánh kẹo & Ăn vặt,162
SP003167,Bánh Cosy mè giòn rụm Kinh Đô 288g (Lô 51),Gói,29000,8,Bánh kẹo & Ăn vặt,169
SP003168,Snack khoai tây Ostar vị tảo biển 90g (Lô 51),Gói,19000,8,Bánh kẹo & Ăn vặt,176
SP003169,Snack khoai tây Lay's tự nhiên 95g (Lô 51),Gói,21000,8,Bánh kẹo & Ăn vặt,183
SP003170,Bánh que Pocky socola Glico 40g (Lô 51),Hộp,14000,8,Bánh kẹo & Ăn vặt,190
SP003171,Kẹo dẻo Chupa Chups Sour Tubes 160g (Lô 51),Gói,24000,8,Bánh kẹo & Ăn vặt,197
SP003172,Bánh mì tươi nhân bơ sữa Kinh Đô 80g (Lô 51),Cái,9000,8,Bánh kẹo & Ăn vặt,204
SP003173,Bánh xốp Nabati phô mai 130g (Lô 51),Hộp,12000,8,Bánh kẹo & Ăn vặt,211
SP003174,Hạt điều rang muối vỏ lụa Bình Phước 500g (Lô 51),Hộp,135000,8,Bánh kẹo & Ăn vặt,218
SP003175,Hạt hướng dương Chacheer 130g (Lô 51),Gói,15000,8,Bánh kẹo & Ăn vặt,225
SP003176,Rong biển sấy vị truyền thống TaoKaeNoi 32g (Lô 51),Gói,26000,8,Bánh kẹo & Ăn vặt,232
SP003177,Nước mắm Nam Ngư Đệ Nhị chai 900ml (Lô 51),Chai,28000,8,Gia vị & Đồ nấu nướng,239
SP003178,Nước mắm Chinsu Cá Hồi chai 500ml (Lô 51),Chai,47000,8,Gia vị & Đồ nấu nướng,246
SP003179,Dầu ăn Simply đậu nành can 1L (Lô 51),Chai,59000,8,Gia vị & Đồ nấu nướng,253
SP003180,Dầu ăn Neptune Gold can 2L (Lô 51),Chai,135000,8,Gia vị & Đồ nấu nướng,260
SP003181,Hạt nêm Knorr thịt thăn xương ống 400g (Lô 51),Gói,37000,8,Gia vị & Đồ nấu nướng,267
SP003182,Bột ngọt Ajinomoto gói 454g (Lô 51),Gói,34000,8,Gia vị & Đồ nấu nướng,274
SP003183,Tương ớt Chinsu nắp bật 250g (Lô 51),Chai,15000,8,Gia vị & Đồ nấu nướng,281
SP003184,Tương cà Cholimex chai 330g (Lô 51),Chai,16000,8,Gia vị & Đồ nấu nướng,288
SP003185,Muối I-ốt Bạc Liêu túi 500g (Lô 51),Gói,6000,8,Gia vị & Đồ nấu nướng,295
SP003186,Đường tinh luyện Biên Hòa Daily 1kg (Lô 51),Gói,31000,8,Gia vị & Đồ nấu nướng,302
SP003187,Mì tôm Hảo Hảo tôm chua cay 75g (Lô 51),Gói,4500,8,Mì gói & Thực phẩm khô,309
SP003188,Mì Omachi sườn hầm ngũ quả 80g (Lô 51),Gói,8500,8,Mì gói & Thực phẩm khô,316
SP003189,Mì trộn Indomie Mi Goreng 85g (Lô 51),Gói,6500,8,Mì gói & Thực phẩm khô,323
SP003190,Phở gà Đệ Nhất Acecook 68g (Lô 51),Gói,8000,8,Mì gói & Thực phẩm khô,330
SP003191,Miến Phú Hương yến tiệc 210g (Lô 51),Gói,22000,8,Mì gói & Thực phẩm khô,337
SP003192,Cháo thịt bằm Cung Đình gói 50g (Lô 51),Gói,7000,8,Mì gói & Thực phẩm khô,344
SP003193,Cá nục sốt cà 3 Cô Gái lon 155g (Lô 51),Lon,19000,8,Mì gói & Thực phẩm khô,351
SP003194,Pate thịt heo Hạ Long lon 150g (Lô 51),Lon,27000,8,Mì gói & Thực phẩm khô,358
SP003195,Mì ly Modern lẩu thái tôm 65g (Lô 51),Ly,9500,8,Mì gói & Thực phẩm khô,365
SP003196,Nước rửa chén Sunlight chanh can 3.6kg (Lô 51),Can,109000,10,Hóa mỹ phẩm & Tẩy rửa,372
SP003197,Nước giặt OMO Matic cửa trên túi 3.6kg (Lô 51),Túi,175000,10,Hóa mỹ phẩm & Tẩy rửa,379
SP003198,Nước xả vải Comfort đậm đặc túi 3.2L (Lô 51),Túi,189000,10,Hóa mỹ phẩm & Tẩy rửa,386
SP003199,Dầu gội Clear thảo dược mát lạnh 630g (Lô 51),Chai,165000,10,Hóa mỹ phẩm & Tẩy rửa,393
SP003200,Dầu gội Pantene suôn mượt 650ml (Lô 51),Chai,155000,10,Hóa mỹ phẩm & Tẩy rửa,400
SP003201,Sữa tắm Lifebuoy bảo vệ vượt trội 800g (Lô 51),Chai,149000,10,Hóa mỹ phẩm & Tẩy rửa,407
SP003202,Kem đánh răng Colgate Total 12 180g (Lô 51),Tuýp,42000,10,Hóa mỹ phẩm & Tẩy rửa,414
SP003203,Bàn chải đánh răng P/S than tre (Lô 51),Cái,18000,10,Hóa mỹ phẩm & Tẩy rửa,421
SP003204,Nước lau sàn Sunlight hoa lily túi 3.6kg (Lô 51),Túi,85000,10,Hóa mỹ phẩm & Tẩy rửa,428
SP003205,Xịt muỗi Raid hương cam chanh 600ml (Lô 51),Chai,68000,10,Hóa mỹ phẩm & Tẩy rửa,435
SP003206,Giấy vệ sinh cuộn cao cấp Pulppy lốc 10 cuộn (Lô 51),Lốc,92000,8,Đồ gia dụng & Tiện ích,442
SP003207,Khăn giấy lụa rút Paseo 200 tờ (Lô 51),Hộp,25000,8,Đồ gia dụng & Tiện ích,449
SP003208,Màng bọc thực phẩm PE Sunhouse 30cmx150m (Lô 51),Hộp,75000,8,Đồ gia dụng & Tiện ích,456
SP003209,Túi rác đen tự hủy sinh học Opec 3 cuộn (Lô 51),Gói,38000,8,Đồ gia dụng & Tiện ích,463
SP003210,Băng dính dán thùng trong suốt 5cm x 100y (Lô 51),Cuộn,16000,8,Đồ gia dụng & Tiện ích,470
SP003211,Pin tiểu AA Panasonic vỉ 4 viên (Lô 51),Vỉ,26000,8,Đồ gia dụng & Tiện ích,477
SP003212,Khẩu trang y tế 4 lớp kháng khuẩn hộp 50 cái (Lô 51),Hộp,35000,8,Đồ gia dụng & Tiện ích,484
SP003213,Nước rửa tay Lifebuoy hương chanh chai 450ml (Lô 51),Chai,52000,8,Đồ gia dụng & Tiện ích,491
SP003214,Coca Cola Sleek 320ml (Lô 52),Lon,11550,8,Đồ uống & Giải khát,498
SP003215,Pepsi Sleek 320ml (Lô 52),Lon,11025,8,Đồ uống & Giải khát,55
SP003216,Nước cam ép Twister 450ml (Lô 52),Chai,12600,8,Đồ uống & Giải khát,62
SP003217,Trà xanh Không Độ 455ml (Lô 52),Chai,10500,8,Đồ uống & Giải khát,69
SP003218,Trà Ô Long Tea+ Plus 455ml (Lô 52),Chai,12600,8,Đồ uống & Giải khát,76
SP003219,Nước tăng lực Red Bull 250ml (Lô 52),Lon,14700,8,Đồ uống & Giải khát,83
SP003220,Nước khoáng Lavie 500ml (Lô 52),Chai,6300,8,Đồ uống & Giải khát,90
SP003221,Nước tinh khiết Aquafina 500ml (Lô 52),Chai,6300,8,Đồ uống & Giải khát,97
SP003222,Cà phê sữa đá Highlands 235ml (Lô 52),Lon,16800,8,Đồ uống & Giải khát,104
SP003223,Bia Heineken Sleek 330ml (Lô 52),Lon,23100,10,Đồ uống & Giải khát,111
SP003224,Bia Tiger Crystal 330ml (Lô 52),Lon,20475,10,Đồ uống & Giải khát,118
SP003225,Bia Sài Gòn Special 330ml (Lô 52),Lon,17325,10,Đồ uống & Giải khát,125
SP003226,Sữa tươi tiệt trùng Vinamilk 180ml (Lô 52),Hộp,8925,0,Đồ uống & Giải khát,132
SP003227,Sữa chua uống Susu 110ml (Lô 52),Chai,6825,0,Đồ uống & Giải khát,139
SP003228,Nước ép bưởi hồng Vfresh 1L (Lô 52),Hộp,40950,8,Đồ uống & Giải khát,146
SP003229,Bánh ChocoPie Orion hộp 12 cái (Lô 52),Hộp,60900,8,Bánh kẹo & Ăn vặt,153
SP003230,Bánh Cosy mè giòn rụm Kinh Đô 288g (Lô 52),Gói,30450,8,Bánh kẹo & Ăn vặt,160
SP003231,Snack khoai tây Ostar vị tảo biển 90g (Lô 52),Gói,19950,8,Bánh kẹo & Ăn vặt,167
SP003232,Snack khoai tây Lay's tự nhiên 95g (Lô 52),Gói,22050,8,Bánh kẹo & Ăn vặt,174
SP003233,Bánh que Pocky socola Glico 40g (Lô 52),Hộp,14700,8,Bánh kẹo & Ăn vặt,181
SP003234,Kẹo dẻo Chupa Chups Sour Tubes 160g (Lô 52),Gói,25200,8,Bánh kẹo & Ăn vặt,188
SP003235,Bánh mì tươi nhân bơ sữa Kinh Đô 80g (Lô 52),Cái,9450,8,Bánh kẹo & Ăn vặt,195
SP003236,Bánh xốp Nabati phô mai 130g (Lô 52),Hộp,12600,8,Bánh kẹo & Ăn vặt,202
SP003237,Hạt điều rang muối vỏ lụa Bình Phước 500g (Lô 52),Hộp,141750,8,Bánh kẹo & Ăn vặt,209
SP003238,Hạt hướng dương Chacheer 130g (Lô 52),Gói,15750,8,Bánh kẹo & Ăn vặt,216
SP003239,Rong biển sấy vị truyền thống TaoKaeNoi 32g (Lô 52),Gói,27300,8,Bánh kẹo & Ăn vặt,223
SP003240,Nước mắm Nam Ngư Đệ Nhị chai 900ml (Lô 52),Chai,29400,8,Gia vị & Đồ nấu nướng,230
SP003241,Nước mắm Chinsu Cá Hồi chai 500ml (Lô 52),Chai,49350,8,Gia vị & Đồ nấu nướng,237
SP003242,Dầu ăn Simply đậu nành can 1L (Lô 52),Chai,61950,8,Gia vị & Đồ nấu nướng,244
SP003243,Dầu ăn Neptune Gold can 2L (Lô 52),Chai,141750,8,Gia vị & Đồ nấu nướng,251
SP003244,Hạt nêm Knorr thịt thăn xương ống 400g (Lô 52),Gói,38850,8,Gia vị & Đồ nấu nướng,258
SP003245,Bột ngọt Ajinomoto gói 454g (Lô 52),Gói,35700,8,Gia vị & Đồ nấu nướng,265
SP003246,Tương ớt Chinsu nắp bật 250g (Lô 52),Chai,15750,8,Gia vị & Đồ nấu nướng,272
SP003247,Tương cà Cholimex chai 330g (Lô 52),Chai,16800,8,Gia vị & Đồ nấu nướng,279
SP003248,Muối I-ốt Bạc Liêu túi 500g (Lô 52),Gói,6300,8,Gia vị & Đồ nấu nướng,286
SP003249,Đường tinh luyện Biên Hòa Daily 1kg (Lô 52),Gói,32550,8,Gia vị & Đồ nấu nướng,293
SP003250,Mì tôm Hảo Hảo tôm chua cay 75g (Lô 52),Gói,4725,8,Mì gói & Thực phẩm khô,300
SP003251,Mì Omachi sườn hầm ngũ quả 80g (Lô 52),Gói,8925,8,Mì gói & Thực phẩm khô,307
SP003252,Mì trộn Indomie Mi Goreng 85g (Lô 52),Gói,6825,8,Mì gói & Thực phẩm khô,314
SP003253,Phở gà Đệ Nhất Acecook 68g (Lô 52),Gói,8400,8,Mì gói & Thực phẩm khô,321
SP003254,Miến Phú Hương yến tiệc 210g (Lô 52),Gói,23100,8,Mì gói & Thực phẩm khô,328
SP003255,Cháo thịt bằm Cung Đình gói 50g (Lô 52),Gói,7350,8,Mì gói & Thực phẩm khô,335
SP003256,Cá nục sốt cà 3 Cô Gái lon 155g (Lô 52),Lon,19950,8,Mì gói & Thực phẩm khô,342
SP003257,Pate thịt heo Hạ Long lon 150g (Lô 52),Lon,28350,8,Mì gói & Thực phẩm khô,349
SP003258,Mì ly Modern lẩu thái tôm 65g (Lô 52),Ly,9975,8,Mì gói & Thực phẩm khô,356
SP003259,Nước rửa chén Sunlight chanh can 3.6kg (Lô 52),Can,114450,10,Hóa mỹ phẩm & Tẩy rửa,363
SP003260,Nước giặt OMO Matic cửa trên túi 3.6kg (Lô 52),Túi,183750,10,Hóa mỹ phẩm & Tẩy rửa,370
SP003261,Nước xả vải Comfort đậm đặc túi 3.2L (Lô 52),Túi,198450,10,Hóa mỹ phẩm & Tẩy rửa,377
SP003262,Dầu gội Clear thảo dược mát lạnh 630g (Lô 52),Chai,173250,10,Hóa mỹ phẩm & Tẩy rửa,384
SP003263,Dầu gội Pantene suôn mượt 650ml (Lô 52),Chai,162750,10,Hóa mỹ phẩm & Tẩy rửa,391
SP003264,Sữa tắm Lifebuoy bảo vệ vượt trội 800g (Lô 52),Chai,156450,10,Hóa mỹ phẩm & Tẩy rửa,398
SP003265,Kem đánh răng Colgate Total 12 180g (Lô 52),Tuýp,44100,10,Hóa mỹ phẩm & Tẩy rửa,405
SP003266,Bàn chải đánh răng P/S than tre (Lô 52),Cái,18900,10,Hóa mỹ phẩm & Tẩy rửa,412
SP003267,Nước lau sàn Sunlight hoa lily túi 3.6kg (Lô 52),Túi,89250,10,Hóa mỹ phẩm & Tẩy rửa,419
SP003268,Xịt muỗi Raid hương cam chanh 600ml (Lô 52),Chai,71400,10,Hóa mỹ phẩm & Tẩy rửa,426
SP003269,Giấy vệ sinh cuộn cao cấp Pulppy lốc 10 cuộn (Lô 52),Lốc,96600,8,Đồ gia dụng & Tiện ích,433
SP003270,Khăn giấy lụa rút Paseo 200 tờ (Lô 52),Hộp,26250,8,Đồ gia dụng & Tiện ích,440
SP003271,Màng bọc thực phẩm PE Sunhouse 30cmx150m (Lô 52),Hộp,78750,8,Đồ gia dụng & Tiện ích,447
SP003272,Túi rác đen tự hủy sinh học Opec 3 cuộn (Lô 52),Gói,39900,8,Đồ gia dụng & Tiện ích,454
SP003273,Băng dính dán thùng trong suốt 5cm x 100y (Lô 52),Cuộn,16800,8,Đồ gia dụng & Tiện ích,461
SP003274,Pin tiểu AA Panasonic vỉ 4 viên (Lô 52),Vỉ,27300,8,Đồ gia dụng & Tiện ích,468
SP003275,Khẩu trang y tế 4 lớp kháng khuẩn hộp 50 cái (Lô 52),Hộp,36750,8,Đồ gia dụng & Tiện ích,475
SP003276,Nước rửa tay Lifebuoy hương chanh chai 450ml (Lô 52),Chai,54600,8,Đồ gia dụng & Tiện ích,482
SP003277,Coca Cola Sleek 320ml (Lô 53),Lon,12100,8,Đồ uống & Giải khát,489
SP003278,Pepsi Sleek 320ml (Lô 53),Lon,11550,8,Đồ uống & Giải khát,496
SP003279,Nước cam ép Twister 450ml (Lô 53),Chai,13200,8,Đồ uống & Giải khát,53
SP003280,Trà xanh Không Độ 455ml (Lô 53),Chai,11000,8,Đồ uống & Giải khát,60
SP003281,Trà Ô Long Tea+ Plus 455ml (Lô 53),Chai,13200,8,Đồ uống & Giải khát,67
SP003282,Nước tăng lực Red Bull 250ml (Lô 53),Lon,15400,8,Đồ uống & Giải khát,74
SP003283,Nước khoáng Lavie 500ml (Lô 53),Chai,6600,8,Đồ uống & Giải khát,81
SP003284,Nước tinh khiết Aquafina 500ml (Lô 53),Chai,6600,8,Đồ uống & Giải khát,88
SP003285,Cà phê sữa đá Highlands 235ml (Lô 53),Lon,17600,8,Đồ uống & Giải khát,95
SP003286,Bia Heineken Sleek 330ml (Lô 53),Lon,24200,10,Đồ uống & Giải khát,102
SP003287,Bia Tiger Crystal 330ml (Lô 53),Lon,21450,10,Đồ uống & Giải khát,109
SP003288,Bia Sài Gòn Special 330ml (Lô 53),Lon,18150,10,Đồ uống & Giải khát,116
SP003289,Sữa tươi tiệt trùng Vinamilk 180ml (Lô 53),Hộp,9350,0,Đồ uống & Giải khát,123
SP003290,Sữa chua uống Susu 110ml (Lô 53),Chai,7150,0,Đồ uống & Giải khát,130
SP003291,Nước ép bưởi hồng Vfresh 1L (Lô 53),Hộp,42900,8,Đồ uống & Giải khát,137
SP003292,Bánh ChocoPie Orion hộp 12 cái (Lô 53),Hộp,63800,8,Bánh kẹo & Ăn vặt,144
SP003293,Bánh Cosy mè giòn rụm Kinh Đô 288g (Lô 53),Gói,31900,8,Bánh kẹo & Ăn vặt,151
SP003294,Snack khoai tây Ostar vị tảo biển 90g (Lô 53),Gói,20900,8,Bánh kẹo & Ăn vặt,158
SP003295,Snack khoai tây Lay's tự nhiên 95g (Lô 53),Gói,23100,8,Bánh kẹo & Ăn vặt,165
SP003296,Bánh que Pocky socola Glico 40g (Lô 53),Hộp,15400,8,Bánh kẹo & Ăn vặt,172
SP003297,Kẹo dẻo Chupa Chups Sour Tubes 160g (Lô 53),Gói,26400,8,Bánh kẹo & Ăn vặt,179
SP003298,Bánh mì tươi nhân bơ sữa Kinh Đô 80g (Lô 53),Cái,9900,8,Bánh kẹo & Ăn vặt,186
SP003299,Bánh xốp Nabati phô mai 130g (Lô 53),Hộp,13200,8,Bánh kẹo & Ăn vặt,193
SP003300,Hạt điều rang muối vỏ lụa Bình Phước 500g (Lô 53),Hộp,148500,8,Bánh kẹo & Ăn vặt,200
SP003301,Hạt hướng dương Chacheer 130g (Lô 53),Gói,16500,8,Bánh kẹo & Ăn vặt,207
SP003302,Rong biển sấy vị truyền thống TaoKaeNoi 32g (Lô 53),Gói,28600,8,Bánh kẹo & Ăn vặt,214
SP003303,Nước mắm Nam Ngư Đệ Nhị chai 900ml (Lô 53),Chai,30800,8,Gia vị & Đồ nấu nướng,221
SP003304,Nước mắm Chinsu Cá Hồi chai 500ml (Lô 53),Chai,51700,8,Gia vị & Đồ nấu nướng,228
SP003305,Dầu ăn Simply đậu nành can 1L (Lô 53),Chai,64900,8,Gia vị & Đồ nấu nướng,235
SP003306,Dầu ăn Neptune Gold can 2L (Lô 53),Chai,148500,8,Gia vị & Đồ nấu nướng,242
SP003307,Hạt nêm Knorr thịt thăn xương ống 400g (Lô 53),Gói,40700,8,Gia vị & Đồ nấu nướng,249
SP003308,Bột ngọt Ajinomoto gói 454g (Lô 53),Gói,37400,8,Gia vị & Đồ nấu nướng,256
SP003309,Tương ớt Chinsu nắp bật 250g (Lô 53),Chai,16500,8,Gia vị & Đồ nấu nướng,263
SP003310,Tương cà Cholimex chai 330g (Lô 53),Chai,17600,8,Gia vị & Đồ nấu nướng,270
SP003311,Muối I-ốt Bạc Liêu túi 500g (Lô 53),Gói,6600,8,Gia vị & Đồ nấu nướng,277
SP003312,Đường tinh luyện Biên Hòa Daily 1kg (Lô 53),Gói,34100,8,Gia vị & Đồ nấu nướng,284
SP003313,Mì tôm Hảo Hảo tôm chua cay 75g (Lô 53),Gói,4950,8,Mì gói & Thực phẩm khô,291
SP003314,Mì Omachi sườn hầm ngũ quả 80g (Lô 53),Gói,9350,8,Mì gói & Thực phẩm khô,298
SP003315,Mì trộn Indomie Mi Goreng 85g (Lô 53),Gói,7150,8,Mì gói & Thực phẩm khô,305
SP003316,Phở gà Đệ Nhất Acecook 68g (Lô 53),Gói,8800,8,Mì gói & Thực phẩm khô,312
SP003317,Miến Phú Hương yến tiệc 210g (Lô 53),Gói,24200,8,Mì gói & Thực phẩm khô,319
SP003318,Cháo thịt bằm Cung Đình gói 50g (Lô 53),Gói,7700,8,Mì gói & Thực phẩm khô,326
SP003319,Cá nục sốt cà 3 Cô Gái lon 155g (Lô 53),Lon,20900,8,Mì gói & Thực phẩm khô,333
SP003320,Pate thịt heo Hạ Long lon 150g (Lô 53),Lon,29700,8,Mì gói & Thực phẩm khô,340
SP003321,Mì ly Modern lẩu thái tôm 65g (Lô 53),Ly,10450,8,Mì gói & Thực phẩm khô,347
SP003322,Nước rửa chén Sunlight chanh can 3.6kg (Lô 53),Can,119900,10,Hóa mỹ phẩm & Tẩy rửa,354
SP003323,Nước giặt OMO Matic cửa trên túi 3.6kg (Lô 53),Túi,192500,10,Hóa mỹ phẩm & Tẩy rửa,361
SP003324,Nước xả vải Comfort đậm đặc túi 3.2L (Lô 53),Túi,207900,10,Hóa mỹ phẩm & Tẩy rửa,368
SP003325,Dầu gội Clear thảo dược mát lạnh 630g (Lô 53),Chai,181500,10,Hóa mỹ phẩm & Tẩy rửa,375
SP003326,Dầu gội Pantene suôn mượt 650ml (Lô 53),Chai,170500,10,Hóa mỹ phẩm & Tẩy rửa,382
SP003327,Sữa tắm Lifebuoy bảo vệ vượt trội 800g (Lô 53),Chai,163900,10,Hóa mỹ phẩm & Tẩy rửa,389
SP003328,Kem đánh răng Colgate Total 12 180g (Lô 53),Tuýp,46200,10,Hóa mỹ phẩm & Tẩy rửa,396
SP003329,Bàn chải đánh răng P/S than tre (Lô 53),Cái,19800,10,Hóa mỹ phẩm & Tẩy rửa,403
SP003330,Nước lau sàn Sunlight hoa lily túi 3.6kg (Lô 53),Túi,93500,10,Hóa mỹ phẩm & Tẩy rửa,410
SP003331,Xịt muỗi Raid hương cam chanh 600ml (Lô 53),Chai,74800,10,Hóa mỹ phẩm & Tẩy rửa,417
SP003332,Giấy vệ sinh cuộn cao cấp Pulppy lốc 10 cuộn (Lô 53),Lốc,101200,8,Đồ gia dụng & Tiện ích,424
SP003333,Khăn giấy lụa rút Paseo 200 tờ (Lô 53),Hộp,27500,8,Đồ gia dụng & Tiện ích,431
SP003334,Màng bọc thực phẩm PE Sunhouse 30cmx150m (Lô 53),Hộp,82500,8,Đồ gia dụng & Tiện ích,438
SP003335,Túi rác đen tự hủy sinh học Opec 3 cuộn (Lô 53),Gói,41800,8,Đồ gia dụng & Tiện ích,445
SP003336,Băng dính dán thùng trong suốt 5cm x 100y (Lô 53),Cuộn,17600,8,Đồ gia dụng & Tiện ích,452
SP003337,Pin tiểu AA Panasonic vỉ 4 viên (Lô 53),Vỉ,28600,8,Đồ gia dụng & Tiện ích,459
SP003338,Khẩu trang y tế 4 lớp kháng khuẩn hộp 50 cái (Lô 53),Hộp,38500,8,Đồ gia dụng & Tiện ích,466
SP003339,Nước rửa tay Lifebuoy hương chanh chai 450ml (Lô 53),Chai,57200,8,Đồ gia dụng & Tiện ích,473
SP003340,Coca Cola Sleek 320ml (Lô 54),Lon,12649,8,Đồ uống & Giải khát,480
SP003341,Pepsi Sleek 320ml (Lô 54),Lon,12074,8,Đồ uống & Giải khát,487
SP003342,Nước cam ép Twister 450ml (Lô 54),Chai,13799,8,Đồ uống & Giải khát,494
SP003343,Trà xanh Không Độ 455ml (Lô 54),Chai,11500,8,Đồ uống & Giải khát,51
SP003344,Trà Ô Long Tea+ Plus 455ml (Lô 54),Chai,13799,8,Đồ uống & Giải khát,58
SP003345,Nước tăng lực Red Bull 250ml (Lô 54),Lon,16099,8,Đồ uống & Giải khát,65
SP003346,Nước khoáng Lavie 500ml (Lô 54),Chai,6899,8,Đồ uống & Giải khát,72
SP003347,Nước tinh khiết Aquafina 500ml (Lô 54),Chai,6899,8,Đồ uống & Giải khát,79
SP003348,Cà phê sữa đá Highlands 235ml (Lô 54),Lon,18400,8,Đồ uống & Giải khát,86
SP003349,Bia Heineken Sleek 330ml (Lô 54),Lon,25299,10,Đồ uống & Giải khát,93
SP003350,Bia Tiger Crystal 330ml (Lô 54),Lon,22425,10,Đồ uống & Giải khát,100
SP003351,Bia Sài Gòn Special 330ml (Lô 54),Lon,18975,10,Đồ uống & Giải khát,107
SP003352,Sữa tươi tiệt trùng Vinamilk 180ml (Lô 54),Hộp,9775,0,Đồ uống & Giải khát,114
SP003353,Sữa chua uống Susu 110ml (Lô 54),Chai,7474,0,Đồ uống & Giải khát,121
SP003354,Nước ép bưởi hồng Vfresh 1L (Lô 54),Hộp,44850,8,Đồ uống & Giải khát,128
SP003355,Bánh ChocoPie Orion hộp 12 cái (Lô 54),Hộp,66700,8,Bánh kẹo & Ăn vặt,135
SP003356,Bánh Cosy mè giòn rụm Kinh Đô 288g (Lô 54),Gói,33350,8,Bánh kẹo & Ăn vặt,142
SP003357,Snack khoai tây Ostar vị tảo biển 90g (Lô 54),Gói,21850,8,Bánh kẹo & Ăn vặt,149
SP003358,Snack khoai tây Lay's tự nhiên 95g (Lô 54),Gói,24149,8,Bánh kẹo & Ăn vặt,156
SP003359,Bánh que Pocky socola Glico 40g (Lô 54),Hộp,16099,8,Bánh kẹo & Ăn vặt,163
SP003360,Kẹo dẻo Chupa Chups Sour Tubes 160g (Lô 54),Gói,27599,8,Bánh kẹo & Ăn vặt,170
SP003361,Bánh mì tươi nhân bơ sữa Kinh Đô 80g (Lô 54),Cái,10350,8,Bánh kẹo & Ăn vặt,177
SP003362,Bánh xốp Nabati phô mai 130g (Lô 54),Hộp,13799,8,Bánh kẹo & Ăn vặt,184
SP003363,Hạt điều rang muối vỏ lụa Bình Phước 500g (Lô 54),Hộp,155250,8,Bánh kẹo & Ăn vặt,191
SP003364,Hạt hướng dương Chacheer 130g (Lô 54),Gói,17250,8,Bánh kẹo & Ăn vặt,198
SP003365,Rong biển sấy vị truyền thống TaoKaeNoi 32g (Lô 54),Gói,29899,8,Bánh kẹo & Ăn vặt,205
SP003366,Nước mắm Nam Ngư Đệ Nhị chai 900ml (Lô 54),Chai,32199,8,Gia vị & Đồ nấu nướng,212
SP003367,Nước mắm Chinsu Cá Hồi chai 500ml (Lô 54),Chai,54049,8,Gia vị & Đồ nấu nướng,219
SP003368,Dầu ăn Simply đậu nành can 1L (Lô 54),Chai,67850,8,Gia vị & Đồ nấu nướng,226
SP003369,Dầu ăn Neptune Gold can 2L (Lô 54),Chai,155250,8,Gia vị & Đồ nấu nướng,233
SP003370,Hạt nêm Knorr thịt thăn xương ống 400g (Lô 54),Gói,42550,8,Gia vị & Đồ nấu nướng,240
SP003371,Bột ngọt Ajinomoto gói 454g (Lô 54),Gói,39100,8,Gia vị & Đồ nấu nướng,247
SP003372,Tương ớt Chinsu nắp bật 250g (Lô 54),Chai,17250,8,Gia vị & Đồ nấu nướng,254
SP003373,Tương cà Cholimex chai 330g (Lô 54),Chai,18400,8,Gia vị & Đồ nấu nướng,261
SP003374,Muối I-ốt Bạc Liêu túi 500g (Lô 54),Gói,6899,8,Gia vị & Đồ nấu nướng,268
SP003375,Đường tinh luyện Biên Hòa Daily 1kg (Lô 54),Gói,35650,8,Gia vị & Đồ nấu nướng,275
SP003376,Mì tôm Hảo Hảo tôm chua cay 75g (Lô 54),Gói,5175,8,Mì gói & Thực phẩm khô,282
SP003377,Mì Omachi sườn hầm ngũ quả 80g (Lô 54),Gói,9775,8,Mì gói & Thực phẩm khô,289
SP003378,Mì trộn Indomie Mi Goreng 85g (Lô 54),Gói,7474,8,Mì gói & Thực phẩm khô,296
SP003379,Phở gà Đệ Nhất Acecook 68g (Lô 54),Gói,9200,8,Mì gói & Thực phẩm khô,303
SP003380,Miến Phú Hương yến tiệc 210g (Lô 54),Gói,25299,8,Mì gói & Thực phẩm khô,310
SP003381,Cháo thịt bằm Cung Đình gói 50g (Lô 54),Gói,8049,8,Mì gói & Thực phẩm khô,317
SP003382,Cá nục sốt cà 3 Cô Gái lon 155g (Lô 54),Lon,21850,8,Mì gói & Thực phẩm khô,324
SP003383,Pate thịt heo Hạ Long lon 150g (Lô 54),Lon,31049,8,Mì gói & Thực phẩm khô,331
SP003384,Mì ly Modern lẩu thái tôm 65g (Lô 54),Ly,10925,8,Mì gói & Thực phẩm khô,338
SP003385,Nước rửa chén Sunlight chanh can 3.6kg (Lô 54),Can,125349,10,Hóa mỹ phẩm & Tẩy rửa,345
SP003386,Nước giặt OMO Matic cửa trên túi 3.6kg (Lô 54),Túi,201249,10,Hóa mỹ phẩm & Tẩy rửa,352
SP003387,Nước xả vải Comfort đậm đặc túi 3.2L (Lô 54),Túi,217349,10,Hóa mỹ phẩm & Tẩy rửa,359
SP003388,Dầu gội Clear thảo dược mát lạnh 630g (Lô 54),Chai,189749,10,Hóa mỹ phẩm & Tẩy rửa,366
SP003389,Dầu gội Pantene suôn mượt 650ml (Lô 54),Chai,178250,10,Hóa mỹ phẩm & Tẩy rửa,373
SP003390,Sữa tắm Lifebuoy bảo vệ vượt trội 800g (Lô 54),Chai,171350,10,Hóa mỹ phẩm & Tẩy rửa,380
SP003391,Kem đánh răng Colgate Total 12 180g (Lô 54),Tuýp,48299,10,Hóa mỹ phẩm & Tẩy rửa,387
SP003392,Bàn chải đánh răng P/S than tre (Lô 54),Cái,20700,10,Hóa mỹ phẩm & Tẩy rửa,394
SP003393,Nước lau sàn Sunlight hoa lily túi 3.6kg (Lô 54),Túi,97749,10,Hóa mỹ phẩm & Tẩy rửa,401
SP003394,Xịt muỗi Raid hương cam chanh 600ml (Lô 54),Chai,78200,10,Hóa mỹ phẩm & Tẩy rửa,408
SP003395,Giấy vệ sinh cuộn cao cấp Pulppy lốc 10 cuộn (Lô 54),Lốc,105799,8,Đồ gia dụng & Tiện ích,415
SP003396,Khăn giấy lụa rút Paseo 200 tờ (Lô 54),Hộp,28749,8,Đồ gia dụng & Tiện ích,422
SP003397,Màng bọc thực phẩm PE Sunhouse 30cmx150m (Lô 54),Hộp,86250,8,Đồ gia dụng & Tiện ích,429
SP003398,Túi rác đen tự hủy sinh học Opec 3 cuộn (Lô 54),Gói,43700,8,Đồ gia dụng & Tiện ích,436
SP003399,Băng dính dán thùng trong suốt 5cm x 100y (Lô 54),Cuộn,18400,8,Đồ gia dụng & Tiện ích,443
SP003400,Pin tiểu AA Panasonic vỉ 4 viên (Lô 54),Vỉ,29899,8,Đồ gia dụng & Tiện ích,450
SP003401,Khẩu trang y tế 4 lớp kháng khuẩn hộp 50 cái (Lô 54),Hộp,40250,8,Đồ gia dụng & Tiện ích,457
SP003402,Nước rửa tay Lifebuoy hương chanh chai 450ml (Lô 54),Chai,59799,8,Đồ gia dụng & Tiện ích,464
SP003403,Coca Cola Sleek 320ml (Lô 55),Lon,13200,8,Đồ uống & Giải khát,471
SP003404,Pepsi Sleek 320ml (Lô 55),Lon,12600,8,Đồ uống & Giải khát,478
SP003405,Nước cam ép Twister 450ml (Lô 55),Chai,14400,8,Đồ uống & Giải khát,485
SP003406,Trà xanh Không Độ 455ml (Lô 55),Chai,12000,8,Đồ uống & Giải khát,492
SP003407,Trà Ô Long Tea+ Plus 455ml (Lô 55),Chai,14400,8,Đồ uống & Giải khát,499
SP003408,Nước tăng lực Red Bull 250ml (Lô 55),Lon,16800,8,Đồ uống & Giải khát,56
SP003409,Nước khoáng Lavie 500ml (Lô 55),Chai,7200,8,Đồ uống & Giải khát,63
SP003410,Nước tinh khiết Aquafina 500ml (Lô 55),Chai,7200,8,Đồ uống & Giải khát,70
SP003411,Cà phê sữa đá Highlands 235ml (Lô 55),Lon,19200,8,Đồ uống & Giải khát,77
SP003412,Bia Heineken Sleek 330ml (Lô 55),Lon,26400,10,Đồ uống & Giải khát,84
SP003413,Bia Tiger Crystal 330ml (Lô 55),Lon,23400,10,Đồ uống & Giải khát,91
SP003414,Bia Sài Gòn Special 330ml (Lô 55),Lon,19800,10,Đồ uống & Giải khát,98
SP003415,Sữa tươi tiệt trùng Vinamilk 180ml (Lô 55),Hộp,10200,0,Đồ uống & Giải khát,105
SP003416,Sữa chua uống Susu 110ml (Lô 55),Chai,7800,0,Đồ uống & Giải khát,112
SP003417,Nước ép bưởi hồng Vfresh 1L (Lô 55),Hộp,46800,8,Đồ uống & Giải khát,119
SP003418,Bánh ChocoPie Orion hộp 12 cái (Lô 55),Hộp,69600,8,Bánh kẹo & Ăn vặt,126
SP003419,Bánh Cosy mè giòn rụm Kinh Đô 288g (Lô 55),Gói,34800,8,Bánh kẹo & Ăn vặt,133
SP003420,Snack khoai tây Ostar vị tảo biển 90g (Lô 55),Gói,22800,8,Bánh kẹo & Ăn vặt,140
SP003421,Snack khoai tây Lay's tự nhiên 95g (Lô 55),Gói,25200,8,Bánh kẹo & Ăn vặt,147
SP003422,Bánh que Pocky socola Glico 40g (Lô 55),Hộp,16800,8,Bánh kẹo & Ăn vặt,154
SP003423,Kẹo dẻo Chupa Chups Sour Tubes 160g (Lô 55),Gói,28800,8,Bánh kẹo & Ăn vặt,161
SP003424,Bánh mì tươi nhân bơ sữa Kinh Đô 80g (Lô 55),Cái,10800,8,Bánh kẹo & Ăn vặt,168
SP003425,Bánh xốp Nabati phô mai 130g (Lô 55),Hộp,14400,8,Bánh kẹo & Ăn vặt,175
SP003426,Hạt điều rang muối vỏ lụa Bình Phước 500g (Lô 55),Hộp,162000,8,Bánh kẹo & Ăn vặt,182
SP003427,Hạt hướng dương Chacheer 130g (Lô 55),Gói,18000,8,Bánh kẹo & Ăn vặt,189
SP003428,Rong biển sấy vị truyền thống TaoKaeNoi 32g (Lô 55),Gói,31200,8,Bánh kẹo & Ăn vặt,196
SP003429,Nước mắm Nam Ngư Đệ Nhị chai 900ml (Lô 55),Chai,33600,8,Gia vị & Đồ nấu nướng,203
SP003430,Nước mắm Chinsu Cá Hồi chai 500ml (Lô 55),Chai,56400,8,Gia vị & Đồ nấu nướng,210
SP003431,Dầu ăn Simply đậu nành can 1L (Lô 55),Chai,70800,8,Gia vị & Đồ nấu nướng,217
SP003432,Dầu ăn Neptune Gold can 2L (Lô 55),Chai,162000,8,Gia vị & Đồ nấu nướng,224
SP003433,Hạt nêm Knorr thịt thăn xương ống 400g (Lô 55),Gói,44400,8,Gia vị & Đồ nấu nướng,231
SP003434,Bột ngọt Ajinomoto gói 454g (Lô 55),Gói,40800,8,Gia vị & Đồ nấu nướng,238
SP003435,Tương ớt Chinsu nắp bật 250g (Lô 55),Chai,18000,8,Gia vị & Đồ nấu nướng,245
SP003436,Tương cà Cholimex chai 330g (Lô 55),Chai,19200,8,Gia vị & Đồ nấu nướng,252
SP003437,Muối I-ốt Bạc Liêu túi 500g (Lô 55),Gói,7200,8,Gia vị & Đồ nấu nướng,259
SP003438,Đường tinh luyện Biên Hòa Daily 1kg (Lô 55),Gói,37200,8,Gia vị & Đồ nấu nướng,266
SP003439,Mì tôm Hảo Hảo tôm chua cay 75g (Lô 55),Gói,5400,8,Mì gói & Thực phẩm khô,273
SP003440,Mì Omachi sườn hầm ngũ quả 80g (Lô 55),Gói,10200,8,Mì gói & Thực phẩm khô,280
SP003441,Mì trộn Indomie Mi Goreng 85g (Lô 55),Gói,7800,8,Mì gói & Thực phẩm khô,287
SP003442,Phở gà Đệ Nhất Acecook 68g (Lô 55),Gói,9600,8,Mì gói & Thực phẩm khô,294
SP003443,Miến Phú Hương yến tiệc 210g (Lô 55),Gói,26400,8,Mì gói & Thực phẩm khô,301
SP003444,Cháo thịt bằm Cung Đình gói 50g (Lô 55),Gói,8400,8,Mì gói & Thực phẩm khô,308
SP003445,Cá nục sốt cà 3 Cô Gái lon 155g (Lô 55),Lon,22800,8,Mì gói & Thực phẩm khô,315
SP003446,Pate thịt heo Hạ Long lon 150g (Lô 55),Lon,32400,8,Mì gói & Thực phẩm khô,322
SP003447,Mì ly Modern lẩu thái tôm 65g (Lô 55),Ly,11400,8,Mì gói & Thực phẩm khô,329
SP003448,Nước rửa chén Sunlight chanh can 3.6kg (Lô 55),Can,130800,10,Hóa mỹ phẩm & Tẩy rửa,336
SP003449,Nước giặt OMO Matic cửa trên túi 3.6kg (Lô 55),Túi,210000,10,Hóa mỹ phẩm & Tẩy rửa,343
SP003450,Nước xả vải Comfort đậm đặc túi 3.2L (Lô 55),Túi,226800,10,Hóa mỹ phẩm & Tẩy rửa,350
SP003451,Dầu gội Clear thảo dược mát lạnh 630g (Lô 55),Chai,198000,10,Hóa mỹ phẩm & Tẩy rửa,357
SP003452,Dầu gội Pantene suôn mượt 650ml (Lô 55),Chai,186000,10,Hóa mỹ phẩm & Tẩy rửa,364
SP003453,Sữa tắm Lifebuoy bảo vệ vượt trội 800g (Lô 55),Chai,178800,10,Hóa mỹ phẩm & Tẩy rửa,371
SP003454,Kem đánh răng Colgate Total 12 180g (Lô 55),Tuýp,50400,10,Hóa mỹ phẩm & Tẩy rửa,378
SP003455,Bàn chải đánh răng P/S than tre (Lô 55),Cái,21600,10,Hóa mỹ phẩm & Tẩy rửa,385
SP003456,Nước lau sàn Sunlight hoa lily túi 3.6kg (Lô 55),Túi,102000,10,Hóa mỹ phẩm & Tẩy rửa,392
SP003457,Xịt muỗi Raid hương cam chanh 600ml (Lô 55),Chai,81600,10,Hóa mỹ phẩm & Tẩy rửa,399
SP003458,Giấy vệ sinh cuộn cao cấp Pulppy lốc 10 cuộn (Lô 55),Lốc,110400,8,Đồ gia dụng & Tiện ích,406
SP003459,Khăn giấy lụa rút Paseo 200 tờ (Lô 55),Hộp,30000,8,Đồ gia dụng & Tiện ích,413
SP003460,Màng bọc thực phẩm PE Sunhouse 30cmx150m (Lô 55),Hộp,90000,8,Đồ gia dụng & Tiện ích,420
SP003461,Túi rác đen tự hủy sinh học Opec 3 cuộn (Lô 55),Gói,45600,8,Đồ gia dụng & Tiện ích,427
SP003462,Băng dính dán thùng trong suốt 5cm x 100y (Lô 55),Cuộn,19200,8,Đồ gia dụng & Tiện ích,434
SP003463,Pin tiểu AA Panasonic vỉ 4 viên (Lô 55),Vỉ,31200,8,Đồ gia dụng & Tiện ích,441
SP003464,Khẩu trang y tế 4 lớp kháng khuẩn hộp 50 cái (Lô 55),Hộp,42000,8,Đồ gia dụng & Tiện ích,448
SP003465,Nước rửa tay Lifebuoy hương chanh chai 450ml (Lô 55),Chai,62400,8,Đồ gia dụng & Tiện ích,455
SP003466,Coca Cola Sleek 320ml (Lô 56),Lon,11000,8,Đồ uống & Giải khát,462
SP003467,Pepsi Sleek 320ml (Lô 56),Lon,10500,8,Đồ uống & Giải khát,469
SP003468,Nước cam ép Twister 450ml (Lô 56),Chai,12000,8,Đồ uống & Giải khát,476
SP003469,Trà xanh Không Độ 455ml (Lô 56),Chai,10000,8,Đồ uống & Giải khát,483
SP003470,Trà Ô Long Tea+ Plus 455ml (Lô 56),Chai,12000,8,Đồ uống & Giải khát,490
SP003471,Nước tăng lực Red Bull 250ml (Lô 56),Lon,14000,8,Đồ uống & Giải khát,497
SP003472,Nước khoáng Lavie 500ml (Lô 56),Chai,6000,8,Đồ uống & Giải khát,54
SP003473,Nước tinh khiết Aquafina 500ml (Lô 56),Chai,6000,8,Đồ uống & Giải khát,61
SP003474,Cà phê sữa đá Highlands 235ml (Lô 56),Lon,16000,8,Đồ uống & Giải khát,68
SP003475,Bia Heineken Sleek 330ml (Lô 56),Lon,22000,10,Đồ uống & Giải khát,75
SP003476,Bia Tiger Crystal 330ml (Lô 56),Lon,19500,10,Đồ uống & Giải khát,82
SP003477,Bia Sài Gòn Special 330ml (Lô 56),Lon,16500,10,Đồ uống & Giải khát,89
SP003478,Sữa tươi tiệt trùng Vinamilk 180ml (Lô 56),Hộp,8500,0,Đồ uống & Giải khát,96
SP003479,Sữa chua uống Susu 110ml (Lô 56),Chai,6500,0,Đồ uống & Giải khát,103
SP003480,Nước ép bưởi hồng Vfresh 1L (Lô 56),Hộp,39000,8,Đồ uống & Giải khát,110
SP003481,Bánh ChocoPie Orion hộp 12 cái (Lô 56),Hộp,58000,8,Bánh kẹo & Ăn vặt,117
SP003482,Bánh Cosy mè giòn rụm Kinh Đô 288g (Lô 56),Gói,29000,8,Bánh kẹo & Ăn vặt,124
SP003483,Snack khoai tây Ostar vị tảo biển 90g (Lô 56),Gói,19000,8,Bánh kẹo & Ăn vặt,131
SP003484,Snack khoai tây Lay's tự nhiên 95g (Lô 56),Gói,21000,8,Bánh kẹo & Ăn vặt,138
SP003485,Bánh que Pocky socola Glico 40g (Lô 56),Hộp,14000,8,Bánh kẹo & Ăn vặt,145
SP003486,Kẹo dẻo Chupa Chups Sour Tubes 160g (Lô 56),Gói,24000,8,Bánh kẹo & Ăn vặt,152
SP003487,Bánh mì tươi nhân bơ sữa Kinh Đô 80g (Lô 56),Cái,9000,8,Bánh kẹo & Ăn vặt,159
SP003488,Bánh xốp Nabati phô mai 130g (Lô 56),Hộp,12000,8,Bánh kẹo & Ăn vặt,166
SP003489,Hạt điều rang muối vỏ lụa Bình Phước 500g (Lô 56),Hộp,135000,8,Bánh kẹo & Ăn vặt,173
SP003490,Hạt hướng dương Chacheer 130g (Lô 56),Gói,15000,8,Bánh kẹo & Ăn vặt,180
SP003491,Rong biển sấy vị truyền thống TaoKaeNoi 32g (Lô 56),Gói,26000,8,Bánh kẹo & Ăn vặt,187
SP003492,Nước mắm Nam Ngư Đệ Nhị chai 900ml (Lô 56),Chai,28000,8,Gia vị & Đồ nấu nướng,194
SP003493,Nước mắm Chinsu Cá Hồi chai 500ml (Lô 56),Chai,47000,8,Gia vị & Đồ nấu nướng,201
SP003494,Dầu ăn Simply đậu nành can 1L (Lô 56),Chai,59000,8,Gia vị & Đồ nấu nướng,208
SP003495,Dầu ăn Neptune Gold can 2L (Lô 56),Chai,135000,8,Gia vị & Đồ nấu nướng,215
SP003496,Hạt nêm Knorr thịt thăn xương ống 400g (Lô 56),Gói,37000,8,Gia vị & Đồ nấu nướng,222
SP003497,Bột ngọt Ajinomoto gói 454g (Lô 56),Gói,34000,8,Gia vị & Đồ nấu nướng,229
SP003498,Tương ớt Chinsu nắp bật 250g (Lô 56),Chai,15000,8,Gia vị & Đồ nấu nướng,236
SP003499,Tương cà Cholimex chai 330g (Lô 56),Chai,16000,8,Gia vị & Đồ nấu nướng,243
SP003500,Muối I-ốt Bạc Liêu túi 500g (Lô 56),Gói,6000,8,Gia vị & Đồ nấu nướng,250
SP003501,Đường tinh luyện Biên Hòa Daily 1kg (Lô 56),Gói,31000,8,Gia vị & Đồ nấu nướng,257
SP003502,Mì tôm Hảo Hảo tôm chua cay 75g (Lô 56),Gói,4500,8,Mì gói & Thực phẩm khô,264
SP003503,Mì Omachi sườn hầm ngũ quả 80g (Lô 56),Gói,8500,8,Mì gói & Thực phẩm khô,271
SP003504,Mì trộn Indomie Mi Goreng 85g (Lô 56),Gói,6500,8,Mì gói & Thực phẩm khô,278
SP003505,Phở gà Đệ Nhất Acecook 68g (Lô 56),Gói,8000,8,Mì gói & Thực phẩm khô,285
SP003506,Miến Phú Hương yến tiệc 210g (Lô 56),Gói,22000,8,Mì gói & Thực phẩm khô,292
SP003507,Cháo thịt bằm Cung Đình gói 50g (Lô 56),Gói,7000,8,Mì gói & Thực phẩm khô,299
SP003508,Cá nục sốt cà 3 Cô Gái lon 155g (Lô 56),Lon,19000,8,Mì gói & Thực phẩm khô,306
SP003509,Pate thịt heo Hạ Long lon 150g (Lô 56),Lon,27000,8,Mì gói & Thực phẩm khô,313
SP003510,Mì ly Modern lẩu thái tôm 65g (Lô 56),Ly,9500,8,Mì gói & Thực phẩm khô,320
SP003511,Nước rửa chén Sunlight chanh can 3.6kg (Lô 56),Can,109000,10,Hóa mỹ phẩm & Tẩy rửa,327
SP003512,Nước giặt OMO Matic cửa trên túi 3.6kg (Lô 56),Túi,175000,10,Hóa mỹ phẩm & Tẩy rửa,334
SP003513,Nước xả vải Comfort đậm đặc túi 3.2L (Lô 56),Túi,189000,10,Hóa mỹ phẩm & Tẩy rửa,341
SP003514,Dầu gội Clear thảo dược mát lạnh 630g (Lô 56),Chai,165000,10,Hóa mỹ phẩm & Tẩy rửa,348
SP003515,Dầu gội Pantene suôn mượt 650ml (Lô 56),Chai,155000,10,Hóa mỹ phẩm & Tẩy rửa,355
SP003516,Sữa tắm Lifebuoy bảo vệ vượt trội 800g (Lô 56),Chai,149000,10,Hóa mỹ phẩm & Tẩy rửa,362
SP003517,Kem đánh răng Colgate Total 12 180g (Lô 56),Tuýp,42000,10,Hóa mỹ phẩm & Tẩy rửa,369
SP003518,Bàn chải đánh răng P/S than tre (Lô 56),Cái,18000,10,Hóa mỹ phẩm & Tẩy rửa,376
SP003519,Nước lau sàn Sunlight hoa lily túi 3.6kg (Lô 56),Túi,85000,10,Hóa mỹ phẩm & Tẩy rửa,383
SP003520,Xịt muỗi Raid hương cam chanh 600ml (Lô 56),Chai,68000,10,Hóa mỹ phẩm & Tẩy rửa,390
SP003521,Giấy vệ sinh cuộn cao cấp Pulppy lốc 10 cuộn (Lô 56),Lốc,92000,8,Đồ gia dụng & Tiện ích,397
SP003522,Khăn giấy lụa rút Paseo 200 tờ (Lô 56),Hộp,25000,8,Đồ gia dụng & Tiện ích,404
SP003523,Màng bọc thực phẩm PE Sunhouse 30cmx150m (Lô 56),Hộp,75000,8,Đồ gia dụng & Tiện ích,411
SP003524,Túi rác đen tự hủy sinh học Opec 3 cuộn (Lô 56),Gói,38000,8,Đồ gia dụng & Tiện ích,418
SP003525,Băng dính dán thùng trong suốt 5cm x 100y (Lô 56),Cuộn,16000,8,Đồ gia dụng & Tiện ích,425
SP003526,Pin tiểu AA Panasonic vỉ 4 viên (Lô 56),Vỉ,26000,8,Đồ gia dụng & Tiện ích,432
SP003527,Khẩu trang y tế 4 lớp kháng khuẩn hộp 50 cái (Lô 56),Hộp,35000,8,Đồ gia dụng & Tiện ích,439
SP003528,Nước rửa tay Lifebuoy hương chanh chai 450ml (Lô 56),Chai,52000,8,Đồ gia dụng & Tiện ích,446
SP003529,Coca Cola Sleek 320ml (Lô 57),Lon,11550,8,Đồ uống & Giải khát,453
SP003530,Pepsi Sleek 320ml (Lô 57),Lon,11025,8,Đồ uống & Giải khát,460
SP003531,Nước cam ép Twister 450ml (Lô 57),Chai,12600,8,Đồ uống & Giải khát,467
SP003532,Trà xanh Không Độ 455ml (Lô 57),Chai,10500,8,Đồ uống & Giải khát,474
SP003533,Trà Ô Long Tea+ Plus 455ml (Lô 57),Chai,12600,8,Đồ uống & Giải khát,481
SP003534,Nước tăng lực Red Bull 250ml (Lô 57),Lon,14700,8,Đồ uống & Giải khát,488
SP003535,Nước khoáng Lavie 500ml (Lô 57),Chai,6300,8,Đồ uống & Giải khát,495
SP003536,Nước tinh khiết Aquafina 500ml (Lô 57),Chai,6300,8,Đồ uống & Giải khát,52
SP003537,Cà phê sữa đá Highlands 235ml (Lô 57),Lon,16800,8,Đồ uống & Giải khát,59
SP003538,Bia Heineken Sleek 330ml (Lô 57),Lon,23100,10,Đồ uống & Giải khát,66
SP003539,Bia Tiger Crystal 330ml (Lô 57),Lon,20475,10,Đồ uống & Giải khát,73
SP003540,Bia Sài Gòn Special 330ml (Lô 57),Lon,17325,10,Đồ uống & Giải khát,80
SP003541,Sữa tươi tiệt trùng Vinamilk 180ml (Lô 57),Hộp,8925,0,Đồ uống & Giải khát,87
SP003542,Sữa chua uống Susu 110ml (Lô 57),Chai,6825,0,Đồ uống & Giải khát,94
SP003543,Nước ép bưởi hồng Vfresh 1L (Lô 57),Hộp,40950,8,Đồ uống & Giải khát,101
SP003544,Bánh ChocoPie Orion hộp 12 cái (Lô 57),Hộp,60900,8,Bánh kẹo & Ăn vặt,108
SP003545,Bánh Cosy mè giòn rụm Kinh Đô 288g (Lô 57),Gói,30450,8,Bánh kẹo & Ăn vặt,115
SP003546,Snack khoai tây Ostar vị tảo biển 90g (Lô 57),Gói,19950,8,Bánh kẹo & Ăn vặt,122
SP003547,Snack khoai tây Lay's tự nhiên 95g (Lô 57),Gói,22050,8,Bánh kẹo & Ăn vặt,129
SP003548,Bánh que Pocky socola Glico 40g (Lô 57),Hộp,14700,8,Bánh kẹo & Ăn vặt,136
SP003549,Kẹo dẻo Chupa Chups Sour Tubes 160g (Lô 57),Gói,25200,8,Bánh kẹo & Ăn vặt,143
SP003550,Bánh mì tươi nhân bơ sữa Kinh Đô 80g (Lô 57),Cái,9450,8,Bánh kẹo & Ăn vặt,150
SP003551,Bánh xốp Nabati phô mai 130g (Lô 57),Hộp,12600,8,Bánh kẹo & Ăn vặt,157
SP003552,Hạt điều rang muối vỏ lụa Bình Phước 500g (Lô 57),Hộp,141750,8,Bánh kẹo & Ăn vặt,164
SP003553,Hạt hướng dương Chacheer 130g (Lô 57),Gói,15750,8,Bánh kẹo & Ăn vặt,171
SP003554,Rong biển sấy vị truyền thống TaoKaeNoi 32g (Lô 57),Gói,27300,8,Bánh kẹo & Ăn vặt,178
SP003555,Nước mắm Nam Ngư Đệ Nhị chai 900ml (Lô 57),Chai,29400,8,Gia vị & Đồ nấu nướng,185
SP003556,Nước mắm Chinsu Cá Hồi chai 500ml (Lô 57),Chai,49350,8,Gia vị & Đồ nấu nướng,192
SP003557,Dầu ăn Simply đậu nành can 1L (Lô 57),Chai,61950,8,Gia vị & Đồ nấu nướng,199
SP003558,Dầu ăn Neptune Gold can 2L (Lô 57),Chai,141750,8,Gia vị & Đồ nấu nướng,206
SP003559,Hạt nêm Knorr thịt thăn xương ống 400g (Lô 57),Gói,38850,8,Gia vị & Đồ nấu nướng,213
SP003560,Bột ngọt Ajinomoto gói 454g (Lô 57),Gói,35700,8,Gia vị & Đồ nấu nướng,220
SP003561,Tương ớt Chinsu nắp bật 250g (Lô 57),Chai,15750,8,Gia vị & Đồ nấu nướng,227
SP003562,Tương cà Cholimex chai 330g (Lô 57),Chai,16800,8,Gia vị & Đồ nấu nướng,234
SP003563,Muối I-ốt Bạc Liêu túi 500g (Lô 57),Gói,6300,8,Gia vị & Đồ nấu nướng,241
SP003564,Đường tinh luyện Biên Hòa Daily 1kg (Lô 57),Gói,32550,8,Gia vị & Đồ nấu nướng,248
SP003565,Mì tôm Hảo Hảo tôm chua cay 75g (Lô 57),Gói,4725,8,Mì gói & Thực phẩm khô,255
SP003566,Mì Omachi sườn hầm ngũ quả 80g (Lô 57),Gói,8925,8,Mì gói & Thực phẩm khô,262
SP003567,Mì trộn Indomie Mi Goreng 85g (Lô 57),Gói,6825,8,Mì gói & Thực phẩm khô,269
SP003568,Phở gà Đệ Nhất Acecook 68g (Lô 57),Gói,8400,8,Mì gói & Thực phẩm khô,276
SP003569,Miến Phú Hương yến tiệc 210g (Lô 57),Gói,23100,8,Mì gói & Thực phẩm khô,283
SP003570,Cháo thịt bằm Cung Đình gói 50g (Lô 57),Gói,7350,8,Mì gói & Thực phẩm khô,290
SP003571,Cá nục sốt cà 3 Cô Gái lon 155g (Lô 57),Lon,19950,8,Mì gói & Thực phẩm khô,297
SP003572,Pate thịt heo Hạ Long lon 150g (Lô 57),Lon,28350,8,Mì gói & Thực phẩm khô,304
SP003573,Mì ly Modern lẩu thái tôm 65g (Lô 57),Ly,9975,8,Mì gói & Thực phẩm khô,311
SP003574,Nước rửa chén Sunlight chanh can 3.6kg (Lô 57),Can,114450,10,Hóa mỹ phẩm & Tẩy rửa,318
SP003575,Nước giặt OMO Matic cửa trên túi 3.6kg (Lô 57),Túi,183750,10,Hóa mỹ phẩm & Tẩy rửa,325
SP003576,Nước xả vải Comfort đậm đặc túi 3.2L (Lô 57),Túi,198450,10,Hóa mỹ phẩm & Tẩy rửa,332
SP003577,Dầu gội Clear thảo dược mát lạnh 630g (Lô 57),Chai,173250,10,Hóa mỹ phẩm & Tẩy rửa,339
SP003578,Dầu gội Pantene suôn mượt 650ml (Lô 57),Chai,162750,10,Hóa mỹ phẩm & Tẩy rửa,346
SP003579,Sữa tắm Lifebuoy bảo vệ vượt trội 800g (Lô 57),Chai,156450,10,Hóa mỹ phẩm & Tẩy rửa,353
SP003580,Kem đánh răng Colgate Total 12 180g (Lô 57),Tuýp,44100,10,Hóa mỹ phẩm & Tẩy rửa,360
SP003581,Bàn chải đánh răng P/S than tre (Lô 57),Cái,18900,10,Hóa mỹ phẩm & Tẩy rửa,367
SP003582,Nước lau sàn Sunlight hoa lily túi 3.6kg (Lô 57),Túi,89250,10,Hóa mỹ phẩm & Tẩy rửa,374
SP003583,Xịt muỗi Raid hương cam chanh 600ml (Lô 57),Chai,71400,10,Hóa mỹ phẩm & Tẩy rửa,381
SP003584,Giấy vệ sinh cuộn cao cấp Pulppy lốc 10 cuộn (Lô 57),Lốc,96600,8,Đồ gia dụng & Tiện ích,388
SP003585,Khăn giấy lụa rút Paseo 200 tờ (Lô 57),Hộp,26250,8,Đồ gia dụng & Tiện ích,395
SP003586,Màng bọc thực phẩm PE Sunhouse 30cmx150m (Lô 57),Hộp,78750,8,Đồ gia dụng & Tiện ích,402
SP003587,Túi rác đen tự hủy sinh học Opec 3 cuộn (Lô 57),Gói,39900,8,Đồ gia dụng & Tiện ích,409
SP003588,Băng dính dán thùng trong suốt 5cm x 100y (Lô 57),Cuộn,16800,8,Đồ gia dụng & Tiện ích,416
SP003589,Pin tiểu AA Panasonic vỉ 4 viên (Lô 57),Vỉ,27300,8,Đồ gia dụng & Tiện ích,423
SP003590,Khẩu trang y tế 4 lớp kháng khuẩn hộp 50 cái (Lô 57),Hộp,36750,8,Đồ gia dụng & Tiện ích,430
SP003591,Nước rửa tay Lifebuoy hương chanh chai 450ml (Lô 57),Chai,54600,8,Đồ gia dụng & Tiện ích,437
SP003592,Coca Cola Sleek 320ml (Lô 58),Lon,12100,8,Đồ uống & Giải khát,444
SP003593,Pepsi Sleek 320ml (Lô 58),Lon,11550,8,Đồ uống & Giải khát,451
SP003594,Nước cam ép Twister 450ml (Lô 58),Chai,13200,8,Đồ uống & Giải khát,458
SP003595,Trà xanh Không Độ 455ml (Lô 58),Chai,11000,8,Đồ uống & Giải khát,465
SP003596,Trà Ô Long Tea+ Plus 455ml (Lô 58),Chai,13200,8,Đồ uống & Giải khát,472
SP003597,Nước tăng lực Red Bull 250ml (Lô 58),Lon,15400,8,Đồ uống & Giải khát,479
SP003598,Nước khoáng Lavie 500ml (Lô 58),Chai,6600,8,Đồ uống & Giải khát,486
SP003599,Nước tinh khiết Aquafina 500ml (Lô 58),Chai,6600,8,Đồ uống & Giải khát,493
SP003600,Cà phê sữa đá Highlands 235ml (Lô 58),Lon,17600,8,Đồ uống & Giải khát,50
SP003601,Bia Heineken Sleek 330ml (Lô 58),Lon,24200,10,Đồ uống & Giải khát,57
SP003602,Bia Tiger Crystal 330ml (Lô 58),Lon,21450,10,Đồ uống & Giải khát,64
SP003603,Bia Sài Gòn Special 330ml (Lô 58),Lon,18150,10,Đồ uống & Giải khát,71
SP003604,Sữa tươi tiệt trùng Vinamilk 180ml (Lô 58),Hộp,9350,0,Đồ uống & Giải khát,78
SP003605,Sữa chua uống Susu 110ml (Lô 58),Chai,7150,0,Đồ uống & Giải khát,85
SP003606,Nước ép bưởi hồng Vfresh 1L (Lô 58),Hộp,42900,8,Đồ uống & Giải khát,92
SP003607,Bánh ChocoPie Orion hộp 12 cái (Lô 58),Hộp,63800,8,Bánh kẹo & Ăn vặt,99
SP003608,Bánh Cosy mè giòn rụm Kinh Đô 288g (Lô 58),Gói,31900,8,Bánh kẹo & Ăn vặt,106
SP003609,Snack khoai tây Ostar vị tảo biển 90g (Lô 58),Gói,20900,8,Bánh kẹo & Ăn vặt,113
SP003610,Snack khoai tây Lay's tự nhiên 95g (Lô 58),Gói,23100,8,Bánh kẹo & Ăn vặt,120
SP003611,Bánh que Pocky socola Glico 40g (Lô 58),Hộp,15400,8,Bánh kẹo & Ăn vặt,127
SP003612,Kẹo dẻo Chupa Chups Sour Tubes 160g (Lô 58),Gói,26400,8,Bánh kẹo & Ăn vặt,134
SP003613,Bánh mì tươi nhân bơ sữa Kinh Đô 80g (Lô 58),Cái,9900,8,Bánh kẹo & Ăn vặt,141
SP003614,Bánh xốp Nabati phô mai 130g (Lô 58),Hộp,13200,8,Bánh kẹo & Ăn vặt,148
SP003615,Hạt điều rang muối vỏ lụa Bình Phước 500g (Lô 58),Hộp,148500,8,Bánh kẹo & Ăn vặt,155
SP003616,Hạt hướng dương Chacheer 130g (Lô 58),Gói,16500,8,Bánh kẹo & Ăn vặt,162
SP003617,Rong biển sấy vị truyền thống TaoKaeNoi 32g (Lô 58),Gói,28600,8,Bánh kẹo & Ăn vặt,169
SP003618,Nước mắm Nam Ngư Đệ Nhị chai 900ml (Lô 58),Chai,30800,8,Gia vị & Đồ nấu nướng,176
SP003619,Nước mắm Chinsu Cá Hồi chai 500ml (Lô 58),Chai,51700,8,Gia vị & Đồ nấu nướng,183
SP003620,Dầu ăn Simply đậu nành can 1L (Lô 58),Chai,64900,8,Gia vị & Đồ nấu nướng,190
SP003621,Dầu ăn Neptune Gold can 2L (Lô 58),Chai,148500,8,Gia vị & Đồ nấu nướng,197
SP003622,Hạt nêm Knorr thịt thăn xương ống 400g (Lô 58),Gói,40700,8,Gia vị & Đồ nấu nướng,204
SP003623,Bột ngọt Ajinomoto gói 454g (Lô 58),Gói,37400,8,Gia vị & Đồ nấu nướng,211
SP003624,Tương ớt Chinsu nắp bật 250g (Lô 58),Chai,16500,8,Gia vị & Đồ nấu nướng,218
SP003625,Tương cà Cholimex chai 330g (Lô 58),Chai,17600,8,Gia vị & Đồ nấu nướng,225
SP003626,Muối I-ốt Bạc Liêu túi 500g (Lô 58),Gói,6600,8,Gia vị & Đồ nấu nướng,232
SP003627,Đường tinh luyện Biên Hòa Daily 1kg (Lô 58),Gói,34100,8,Gia vị & Đồ nấu nướng,239
SP003628,Mì tôm Hảo Hảo tôm chua cay 75g (Lô 58),Gói,4950,8,Mì gói & Thực phẩm khô,246
SP003629,Mì Omachi sườn hầm ngũ quả 80g (Lô 58),Gói,9350,8,Mì gói & Thực phẩm khô,253
SP003630,Mì trộn Indomie Mi Goreng 85g (Lô 58),Gói,7150,8,Mì gói & Thực phẩm khô,260
SP003631,Phở gà Đệ Nhất Acecook 68g (Lô 58),Gói,8800,8,Mì gói & Thực phẩm khô,267
SP003632,Miến Phú Hương yến tiệc 210g (Lô 58),Gói,24200,8,Mì gói & Thực phẩm khô,274
SP003633,Cháo thịt bằm Cung Đình gói 50g (Lô 58),Gói,7700,8,Mì gói & Thực phẩm khô,281
SP003634,Cá nục sốt cà 3 Cô Gái lon 155g (Lô 58),Lon,20900,8,Mì gói & Thực phẩm khô,288
SP003635,Pate thịt heo Hạ Long lon 150g (Lô 58),Lon,29700,8,Mì gói & Thực phẩm khô,295
SP003636,Mì ly Modern lẩu thái tôm 65g (Lô 58),Ly,10450,8,Mì gói & Thực phẩm khô,302
SP003637,Nước rửa chén Sunlight chanh can 3.6kg (Lô 58),Can,119900,10,Hóa mỹ phẩm & Tẩy rửa,309
SP003638,Nước giặt OMO Matic cửa trên túi 3.6kg (Lô 58),Túi,192500,10,Hóa mỹ phẩm & Tẩy rửa,316
SP003639,Nước xả vải Comfort đậm đặc túi 3.2L (Lô 58),Túi,207900,10,Hóa mỹ phẩm & Tẩy rửa,323
SP003640,Dầu gội Clear thảo dược mát lạnh 630g (Lô 58),Chai,181500,10,Hóa mỹ phẩm & Tẩy rửa,330
SP003641,Dầu gội Pantene suôn mượt 650ml (Lô 58),Chai,170500,10,Hóa mỹ phẩm & Tẩy rửa,337
SP003642,Sữa tắm Lifebuoy bảo vệ vượt trội 800g (Lô 58),Chai,163900,10,Hóa mỹ phẩm & Tẩy rửa,344
SP003643,Kem đánh răng Colgate Total 12 180g (Lô 58),Tuýp,46200,10,Hóa mỹ phẩm & Tẩy rửa,351
SP003644,Bàn chải đánh răng P/S than tre (Lô 58),Cái,19800,10,Hóa mỹ phẩm & Tẩy rửa,358
SP003645,Nước lau sàn Sunlight hoa lily túi 3.6kg (Lô 58),Túi,93500,10,Hóa mỹ phẩm & Tẩy rửa,365
SP003646,Xịt muỗi Raid hương cam chanh 600ml (Lô 58),Chai,74800,10,Hóa mỹ phẩm & Tẩy rửa,372
SP003647,Giấy vệ sinh cuộn cao cấp Pulppy lốc 10 cuộn (Lô 58),Lốc,101200,8,Đồ gia dụng & Tiện ích,379
SP003648,Khăn giấy lụa rút Paseo 200 tờ (Lô 58),Hộp,27500,8,Đồ gia dụng & Tiện ích,386
SP003649,Màng bọc thực phẩm PE Sunhouse 30cmx150m (Lô 58),Hộp,82500,8,Đồ gia dụng & Tiện ích,393
SP003650,Túi rác đen tự hủy sinh học Opec 3 cuộn (Lô 58),Gói,41800,8,Đồ gia dụng & Tiện ích,400
SP003651,Băng dính dán thùng trong suốt 5cm x 100y (Lô 58),Cuộn,17600,8,Đồ gia dụng & Tiện ích,407
SP003652,Pin tiểu AA Panasonic vỉ 4 viên (Lô 58),Vỉ,28600,8,Đồ gia dụng & Tiện ích,414
SP003653,Khẩu trang y tế 4 lớp kháng khuẩn hộp 50 cái (Lô 58),Hộp,38500,8,Đồ gia dụng & Tiện ích,421
SP003654,Nước rửa tay Lifebuoy hương chanh chai 450ml (Lô 58),Chai,57200,8,Đồ gia dụng & Tiện ích,428
SP003655,Coca Cola Sleek 320ml (Lô 59),Lon,12649,8,Đồ uống & Giải khát,435
SP003656,Pepsi Sleek 320ml (Lô 59),Lon,12074,8,Đồ uống & Giải khát,442
SP003657,Nước cam ép Twister 450ml (Lô 59),Chai,13799,8,Đồ uống & Giải khát,449
SP003658,Trà xanh Không Độ 455ml (Lô 59),Chai,11500,8,Đồ uống & Giải khát,456
SP003659,Trà Ô Long Tea+ Plus 455ml (Lô 59),Chai,13799,8,Đồ uống & Giải khát,463
SP003660,Nước tăng lực Red Bull 250ml (Lô 59),Lon,16099,8,Đồ uống & Giải khát,470
SP003661,Nước khoáng Lavie 500ml (Lô 59),Chai,6899,8,Đồ uống & Giải khát,477
SP003662,Nước tinh khiết Aquafina 500ml (Lô 59),Chai,6899,8,Đồ uống & Giải khát,484
SP003663,Cà phê sữa đá Highlands 235ml (Lô 59),Lon,18400,8,Đồ uống & Giải khát,491
SP003664,Bia Heineken Sleek 330ml (Lô 59),Lon,25299,10,Đồ uống & Giải khát,498
SP003665,Bia Tiger Crystal 330ml (Lô 59),Lon,22425,10,Đồ uống & Giải khát,55
SP003666,Bia Sài Gòn Special 330ml (Lô 59),Lon,18975,10,Đồ uống & Giải khát,62
SP003667,Sữa tươi tiệt trùng Vinamilk 180ml (Lô 59),Hộp,9775,0,Đồ uống & Giải khát,69
SP003668,Sữa chua uống Susu 110ml (Lô 59),Chai,7474,0,Đồ uống & Giải khát,76
SP003669,Nước ép bưởi hồng Vfresh 1L (Lô 59),Hộp,44850,8,Đồ uống & Giải khát,83
SP003670,Bánh ChocoPie Orion hộp 12 cái (Lô 59),Hộp,66700,8,Bánh kẹo & Ăn vặt,90
SP003671,Bánh Cosy mè giòn rụm Kinh Đô 288g (Lô 59),Gói,33350,8,Bánh kẹo & Ăn vặt,97
SP003672,Snack khoai tây Ostar vị tảo biển 90g (Lô 59),Gói,21850,8,Bánh kẹo & Ăn vặt,104
SP003673,Snack khoai tây Lay's tự nhiên 95g (Lô 59),Gói,24149,8,Bánh kẹo & Ăn vặt,111
SP003674,Bánh que Pocky socola Glico 40g (Lô 59),Hộp,16099,8,Bánh kẹo & Ăn vặt,118
SP003675,Kẹo dẻo Chupa Chups Sour Tubes 160g (Lô 59),Gói,27599,8,Bánh kẹo & Ăn vặt,125
SP003676,Bánh mì tươi nhân bơ sữa Kinh Đô 80g (Lô 59),Cái,10350,8,Bánh kẹo & Ăn vặt,132
SP003677,Bánh xốp Nabati phô mai 130g (Lô 59),Hộp,13799,8,Bánh kẹo & Ăn vặt,139
SP003678,Hạt điều rang muối vỏ lụa Bình Phước 500g (Lô 59),Hộp,155250,8,Bánh kẹo & Ăn vặt,146
SP003679,Hạt hướng dương Chacheer 130g (Lô 59),Gói,17250,8,Bánh kẹo & Ăn vặt,153
SP003680,Rong biển sấy vị truyền thống TaoKaeNoi 32g (Lô 59),Gói,29899,8,Bánh kẹo & Ăn vặt,160
SP003681,Nước mắm Nam Ngư Đệ Nhị chai 900ml (Lô 59),Chai,32199,8,Gia vị & Đồ nấu nướng,167
SP003682,Nước mắm Chinsu Cá Hồi chai 500ml (Lô 59),Chai,54049,8,Gia vị & Đồ nấu nướng,174
SP003683,Dầu ăn Simply đậu nành can 1L (Lô 59),Chai,67850,8,Gia vị & Đồ nấu nướng,181
SP003684,Dầu ăn Neptune Gold can 2L (Lô 59),Chai,155250,8,Gia vị & Đồ nấu nướng,188
SP003685,Hạt nêm Knorr thịt thăn xương ống 400g (Lô 59),Gói,42550,8,Gia vị & Đồ nấu nướng,195
SP003686,Bột ngọt Ajinomoto gói 454g (Lô 59),Gói,39100,8,Gia vị & Đồ nấu nướng,202
SP003687,Tương ớt Chinsu nắp bật 250g (Lô 59),Chai,17250,8,Gia vị & Đồ nấu nướng,209
SP003688,Tương cà Cholimex chai 330g (Lô 59),Chai,18400,8,Gia vị & Đồ nấu nướng,216
SP003689,Muối I-ốt Bạc Liêu túi 500g (Lô 59),Gói,6899,8,Gia vị & Đồ nấu nướng,223
SP003690,Đường tinh luyện Biên Hòa Daily 1kg (Lô 59),Gói,35650,8,Gia vị & Đồ nấu nướng,230
SP003691,Mì tôm Hảo Hảo tôm chua cay 75g (Lô 59),Gói,5175,8,Mì gói & Thực phẩm khô,237
SP003692,Mì Omachi sườn hầm ngũ quả 80g (Lô 59),Gói,9775,8,Mì gói & Thực phẩm khô,244
SP003693,Mì trộn Indomie Mi Goreng 85g (Lô 59),Gói,7474,8,Mì gói & Thực phẩm khô,251
SP003694,Phở gà Đệ Nhất Acecook 68g (Lô 59),Gói,9200,8,Mì gói & Thực phẩm khô,258
SP003695,Miến Phú Hương yến tiệc 210g (Lô 59),Gói,25299,8,Mì gói & Thực phẩm khô,265
SP003696,Cháo thịt bằm Cung Đình gói 50g (Lô 59),Gói,8049,8,Mì gói & Thực phẩm khô,272
SP003697,Cá nục sốt cà 3 Cô Gái lon 155g (Lô 59),Lon,21850,8,Mì gói & Thực phẩm khô,279
SP003698,Pate thịt heo Hạ Long lon 150g (Lô 59),Lon,31049,8,Mì gói & Thực phẩm khô,286
SP003699,Mì ly Modern lẩu thái tôm 65g (Lô 59),Ly,10925,8,Mì gói & Thực phẩm khô,293
SP003700,Nước rửa chén Sunlight chanh can 3.6kg (Lô 59),Can,125349,10,Hóa mỹ phẩm & Tẩy rửa,300
SP003701,Nước giặt OMO Matic cửa trên túi 3.6kg (Lô 59),Túi,201249,10,Hóa mỹ phẩm & Tẩy rửa,307
SP003702,Nước xả vải Comfort đậm đặc túi 3.2L (Lô 59),Túi,217349,10,Hóa mỹ phẩm & Tẩy rửa,314
SP003703,Dầu gội Clear thảo dược mát lạnh 630g (Lô 59),Chai,189749,10,Hóa mỹ phẩm & Tẩy rửa,321
SP003704,Dầu gội Pantene suôn mượt 650ml (Lô 59),Chai,178250,10,Hóa mỹ phẩm & Tẩy rửa,328
SP003705,Sữa tắm Lifebuoy bảo vệ vượt trội 800g (Lô 59),Chai,171350,10,Hóa mỹ phẩm & Tẩy rửa,335
SP003706,Kem đánh răng Colgate Total 12 180g (Lô 59),Tuýp,48299,10,Hóa mỹ phẩm & Tẩy rửa,342
SP003707,Bàn chải đánh răng P/S than tre (Lô 59),Cái,20700,10,Hóa mỹ phẩm & Tẩy rửa,349
SP003708,Nước lau sàn Sunlight hoa lily túi 3.6kg (Lô 59),Túi,97749,10,Hóa mỹ phẩm & Tẩy rửa,356
SP003709,Xịt muỗi Raid hương cam chanh 600ml (Lô 59),Chai,78200,10,Hóa mỹ phẩm & Tẩy rửa,363
SP003710,Giấy vệ sinh cuộn cao cấp Pulppy lốc 10 cuộn (Lô 59),Lốc,105799,8,Đồ gia dụng & Tiện ích,370
SP003711,Khăn giấy lụa rút Paseo 200 tờ (Lô 59),Hộp,28749,8,Đồ gia dụng & Tiện ích,377
SP003712,Màng bọc thực phẩm PE Sunhouse 30cmx150m (Lô 59),Hộp,86250,8,Đồ gia dụng & Tiện ích,384
SP003713,Túi rác đen tự hủy sinh học Opec 3 cuộn (Lô 59),Gói,43700,8,Đồ gia dụng & Tiện ích,391
SP003714,Băng dính dán thùng trong suốt 5cm x 100y (Lô 59),Cuộn,18400,8,Đồ gia dụng & Tiện ích,398
SP003715,Pin tiểu AA Panasonic vỉ 4 viên (Lô 59),Vỉ,29899,8,Đồ gia dụng & Tiện ích,405
SP003716,Khẩu trang y tế 4 lớp kháng khuẩn hộp 50 cái (Lô 59),Hộp,40250,8,Đồ gia dụng & Tiện ích,412
SP003717,Nước rửa tay Lifebuoy hương chanh chai 450ml (Lô 59),Chai,59799,8,Đồ gia dụng & Tiện ích,419
SP003718,Coca Cola Sleek 320ml (Lô 60),Lon,13200,8,Đồ uống & Giải khát,426
SP003719,Pepsi Sleek 320ml (Lô 60),Lon,12600,8,Đồ uống & Giải khát,433
SP003720,Nước cam ép Twister 450ml (Lô 60),Chai,14400,8,Đồ uống & Giải khát,440
SP003721,Trà xanh Không Độ 455ml (Lô 60),Chai,12000,8,Đồ uống & Giải khát,447
SP003722,Trà Ô Long Tea+ Plus 455ml (Lô 60),Chai,14400,8,Đồ uống & Giải khát,454
SP003723,Nước tăng lực Red Bull 250ml (Lô 60),Lon,16800,8,Đồ uống & Giải khát,461
SP003724,Nước khoáng Lavie 500ml (Lô 60),Chai,7200,8,Đồ uống & Giải khát,468
SP003725,Nước tinh khiết Aquafina 500ml (Lô 60),Chai,7200,8,Đồ uống & Giải khát,475
SP003726,Cà phê sữa đá Highlands 235ml (Lô 60),Lon,19200,8,Đồ uống & Giải khát,482
SP003727,Bia Heineken Sleek 330ml (Lô 60),Lon,26400,10,Đồ uống & Giải khát,489
SP003728,Bia Tiger Crystal 330ml (Lô 60),Lon,23400,10,Đồ uống & Giải khát,496
SP003729,Bia Sài Gòn Special 330ml (Lô 60),Lon,19800,10,Đồ uống & Giải khát,53
SP003730,Sữa tươi tiệt trùng Vinamilk 180ml (Lô 60),Hộp,10200,0,Đồ uống & Giải khát,60
SP003731,Sữa chua uống Susu 110ml (Lô 60),Chai,7800,0,Đồ uống & Giải khát,67
SP003732,Nước ép bưởi hồng Vfresh 1L (Lô 60),Hộp,46800,8,Đồ uống & Giải khát,74
SP003733,Bánh ChocoPie Orion hộp 12 cái (Lô 60),Hộp,69600,8,Bánh kẹo & Ăn vặt,81
SP003734,Bánh Cosy mè giòn rụm Kinh Đô 288g (Lô 60),Gói,34800,8,Bánh kẹo & Ăn vặt,88
SP003735,Snack khoai tây Ostar vị tảo biển 90g (Lô 60),Gói,22800,8,Bánh kẹo & Ăn vặt,95
SP003736,Snack khoai tây Lay's tự nhiên 95g (Lô 60),Gói,25200,8,Bánh kẹo & Ăn vặt,102
SP003737,Bánh que Pocky socola Glico 40g (Lô 60),Hộp,16800,8,Bánh kẹo & Ăn vặt,109
SP003738,Kẹo dẻo Chupa Chups Sour Tubes 160g (Lô 60),Gói,28800,8,Bánh kẹo & Ăn vặt,116
SP003739,Bánh mì tươi nhân bơ sữa Kinh Đô 80g (Lô 60),Cái,10800,8,Bánh kẹo & Ăn vặt,123
SP003740,Bánh xốp Nabati phô mai 130g (Lô 60),Hộp,14400,8,Bánh kẹo & Ăn vặt,130
SP003741,Hạt điều rang muối vỏ lụa Bình Phước 500g (Lô 60),Hộp,162000,8,Bánh kẹo & Ăn vặt,137
SP003742,Hạt hướng dương Chacheer 130g (Lô 60),Gói,18000,8,Bánh kẹo & Ăn vặt,144
SP003743,Rong biển sấy vị truyền thống TaoKaeNoi 32g (Lô 60),Gói,31200,8,Bánh kẹo & Ăn vặt,151
SP003744,Nước mắm Nam Ngư Đệ Nhị chai 900ml (Lô 60),Chai,33600,8,Gia vị & Đồ nấu nướng,158
SP003745,Nước mắm Chinsu Cá Hồi chai 500ml (Lô 60),Chai,56400,8,Gia vị & Đồ nấu nướng,165
SP003746,Dầu ăn Simply đậu nành can 1L (Lô 60),Chai,70800,8,Gia vị & Đồ nấu nướng,172
SP003747,Dầu ăn Neptune Gold can 2L (Lô 60),Chai,162000,8,Gia vị & Đồ nấu nướng,179
SP003748,Hạt nêm Knorr thịt thăn xương ống 400g (Lô 60),Gói,44400,8,Gia vị & Đồ nấu nướng,186
SP003749,Bột ngọt Ajinomoto gói 454g (Lô 60),Gói,40800,8,Gia vị & Đồ nấu nướng,193
SP003750,Tương ớt Chinsu nắp bật 250g (Lô 60),Chai,18000,8,Gia vị & Đồ nấu nướng,200
SP003751,Tương cà Cholimex chai 330g (Lô 60),Chai,19200,8,Gia vị & Đồ nấu nướng,207
SP003752,Muối I-ốt Bạc Liêu túi 500g (Lô 60),Gói,7200,8,Gia vị & Đồ nấu nướng,214
SP003753,Đường tinh luyện Biên Hòa Daily 1kg (Lô 60),Gói,37200,8,Gia vị & Đồ nấu nướng,221
SP003754,Mì tôm Hảo Hảo tôm chua cay 75g (Lô 60),Gói,5400,8,Mì gói & Thực phẩm khô,228
SP003755,Mì Omachi sườn hầm ngũ quả 80g (Lô 60),Gói,10200,8,Mì gói & Thực phẩm khô,235
SP003756,Mì trộn Indomie Mi Goreng 85g (Lô 60),Gói,7800,8,Mì gói & Thực phẩm khô,242
SP003757,Phở gà Đệ Nhất Acecook 68g (Lô 60),Gói,9600,8,Mì gói & Thực phẩm khô,249
SP003758,Miến Phú Hương yến tiệc 210g (Lô 60),Gói,26400,8,Mì gói & Thực phẩm khô,256
SP003759,Cháo thịt bằm Cung Đình gói 50g (Lô 60),Gói,8400,8,Mì gói & Thực phẩm khô,263
SP003760,Cá nục sốt cà 3 Cô Gái lon 155g (Lô 60),Lon,22800,8,Mì gói & Thực phẩm khô,270
SP003761,Pate thịt heo Hạ Long lon 150g (Lô 60),Lon,32400,8,Mì gói & Thực phẩm khô,277
SP003762,Mì ly Modern lẩu thái tôm 65g (Lô 60),Ly,11400,8,Mì gói & Thực phẩm khô,284
SP003763,Nước rửa chén Sunlight chanh can 3.6kg (Lô 60),Can,130800,10,Hóa mỹ phẩm & Tẩy rửa,291
SP003764,Nước giặt OMO Matic cửa trên túi 3.6kg (Lô 60),Túi,210000,10,Hóa mỹ phẩm & Tẩy rửa,298
SP003765,Nước xả vải Comfort đậm đặc túi 3.2L (Lô 60),Túi,226800,10,Hóa mỹ phẩm & Tẩy rửa,305
SP003766,Dầu gội Clear thảo dược mát lạnh 630g (Lô 60),Chai,198000,10,Hóa mỹ phẩm & Tẩy rửa,312
SP003767,Dầu gội Pantene suôn mượt 650ml (Lô 60),Chai,186000,10,Hóa mỹ phẩm & Tẩy rửa,319
SP003768,Sữa tắm Lifebuoy bảo vệ vượt trội 800g (Lô 60),Chai,178800,10,Hóa mỹ phẩm & Tẩy rửa,326
SP003769,Kem đánh răng Colgate Total 12 180g (Lô 60),Tuýp,50400,10,Hóa mỹ phẩm & Tẩy rửa,333
SP003770,Bàn chải đánh răng P/S than tre (Lô 60),Cái,21600,10,Hóa mỹ phẩm & Tẩy rửa,340
SP003771,Nước lau sàn Sunlight hoa lily túi 3.6kg (Lô 60),Túi,102000,10,Hóa mỹ phẩm & Tẩy rửa,347
SP003772,Xịt muỗi Raid hương cam chanh 600ml (Lô 60),Chai,81600,10,Hóa mỹ phẩm & Tẩy rửa,354
SP003773,Giấy vệ sinh cuộn cao cấp Pulppy lốc 10 cuộn (Lô 60),Lốc,110400,8,Đồ gia dụng & Tiện ích,361
SP003774,Khăn giấy lụa rút Paseo 200 tờ (Lô 60),Hộp,30000,8,Đồ gia dụng & Tiện ích,368
SP003775,Màng bọc thực phẩm PE Sunhouse 30cmx150m (Lô 60),Hộp,90000,8,Đồ gia dụng & Tiện ích,375
SP003776,Túi rác đen tự hủy sinh học Opec 3 cuộn (Lô 60),Gói,45600,8,Đồ gia dụng & Tiện ích,382
SP003777,Băng dính dán thùng trong suốt 5cm x 100y (Lô 60),Cuộn,19200,8,Đồ gia dụng & Tiện ích,389
SP003778,Pin tiểu AA Panasonic vỉ 4 viên (Lô 60),Vỉ,31200,8,Đồ gia dụng & Tiện ích,396
SP003779,Khẩu trang y tế 4 lớp kháng khuẩn hộp 50 cái (Lô 60),Hộp,42000,8,Đồ gia dụng & Tiện ích,403
SP003780,Nước rửa tay Lifebuoy hương chanh chai 450ml (Lô 60),Chai,62400,8,Đồ gia dụng & Tiện ích,410
SP003781,Coca Cola Sleek 320ml (Lô 61),Lon,11000,8,Đồ uống & Giải khát,417
SP003782,Pepsi Sleek 320ml (Lô 61),Lon,10500,8,Đồ uống & Giải khát,424
SP003783,Nước cam ép Twister 450ml (Lô 61),Chai,12000,8,Đồ uống & Giải khát,431
SP003784,Trà xanh Không Độ 455ml (Lô 61),Chai,10000,8,Đồ uống & Giải khát,438
SP003785,Trà Ô Long Tea+ Plus 455ml (Lô 61),Chai,12000,8,Đồ uống & Giải khát,445
SP003786,Nước tăng lực Red Bull 250ml (Lô 61),Lon,14000,8,Đồ uống & Giải khát,452
SP003787,Nước khoáng Lavie 500ml (Lô 61),Chai,6000,8,Đồ uống & Giải khát,459
SP003788,Nước tinh khiết Aquafina 500ml (Lô 61),Chai,6000,8,Đồ uống & Giải khát,466
SP003789,Cà phê sữa đá Highlands 235ml (Lô 61),Lon,16000,8,Đồ uống & Giải khát,473
SP003790,Bia Heineken Sleek 330ml (Lô 61),Lon,22000,10,Đồ uống & Giải khát,480
SP003791,Bia Tiger Crystal 330ml (Lô 61),Lon,19500,10,Đồ uống & Giải khát,487
SP003792,Bia Sài Gòn Special 330ml (Lô 61),Lon,16500,10,Đồ uống & Giải khát,494
SP003793,Sữa tươi tiệt trùng Vinamilk 180ml (Lô 61),Hộp,8500,0,Đồ uống & Giải khát,51
SP003794,Sữa chua uống Susu 110ml (Lô 61),Chai,6500,0,Đồ uống & Giải khát,58
SP003795,Nước ép bưởi hồng Vfresh 1L (Lô 61),Hộp,39000,8,Đồ uống & Giải khát,65
SP003796,Bánh ChocoPie Orion hộp 12 cái (Lô 61),Hộp,58000,8,Bánh kẹo & Ăn vặt,72
SP003797,Bánh Cosy mè giòn rụm Kinh Đô 288g (Lô 61),Gói,29000,8,Bánh kẹo & Ăn vặt,79
SP003798,Snack khoai tây Ostar vị tảo biển 90g (Lô 61),Gói,19000,8,Bánh kẹo & Ăn vặt,86
SP003799,Snack khoai tây Lay's tự nhiên 95g (Lô 61),Gói,21000,8,Bánh kẹo & Ăn vặt,93
SP003800,Bánh que Pocky socola Glico 40g (Lô 61),Hộp,14000,8,Bánh kẹo & Ăn vặt,100
SP003801,Kẹo dẻo Chupa Chups Sour Tubes 160g (Lô 61),Gói,24000,8,Bánh kẹo & Ăn vặt,107
SP003802,Bánh mì tươi nhân bơ sữa Kinh Đô 80g (Lô 61),Cái,9000,8,Bánh kẹo & Ăn vặt,114
SP003803,Bánh xốp Nabati phô mai 130g (Lô 61),Hộp,12000,8,Bánh kẹo & Ăn vặt,121
SP003804,Hạt điều rang muối vỏ lụa Bình Phước 500g (Lô 61),Hộp,135000,8,Bánh kẹo & Ăn vặt,128
SP003805,Hạt hướng dương Chacheer 130g (Lô 61),Gói,15000,8,Bánh kẹo & Ăn vặt,135
SP003806,Rong biển sấy vị truyền thống TaoKaeNoi 32g (Lô 61),Gói,26000,8,Bánh kẹo & Ăn vặt,142
SP003807,Nước mắm Nam Ngư Đệ Nhị chai 900ml (Lô 61),Chai,28000,8,Gia vị & Đồ nấu nướng,149
SP003808,Nước mắm Chinsu Cá Hồi chai 500ml (Lô 61),Chai,47000,8,Gia vị & Đồ nấu nướng,156
SP003809,Dầu ăn Simply đậu nành can 1L (Lô 61),Chai,59000,8,Gia vị & Đồ nấu nướng,163
SP003810,Dầu ăn Neptune Gold can 2L (Lô 61),Chai,135000,8,Gia vị & Đồ nấu nướng,170
SP003811,Hạt nêm Knorr thịt thăn xương ống 400g (Lô 61),Gói,37000,8,Gia vị & Đồ nấu nướng,177
SP003812,Bột ngọt Ajinomoto gói 454g (Lô 61),Gói,34000,8,Gia vị & Đồ nấu nướng,184
SP003813,Tương ớt Chinsu nắp bật 250g (Lô 61),Chai,15000,8,Gia vị & Đồ nấu nướng,191
SP003814,Tương cà Cholimex chai 330g (Lô 61),Chai,16000,8,Gia vị & Đồ nấu nướng,198
SP003815,Muối I-ốt Bạc Liêu túi 500g (Lô 61),Gói,6000,8,Gia vị & Đồ nấu nướng,205
SP003816,Đường tinh luyện Biên Hòa Daily 1kg (Lô 61),Gói,31000,8,Gia vị & Đồ nấu nướng,212
SP003817,Mì tôm Hảo Hảo tôm chua cay 75g (Lô 61),Gói,4500,8,Mì gói & Thực phẩm khô,219
SP003818,Mì Omachi sườn hầm ngũ quả 80g (Lô 61),Gói,8500,8,Mì gói & Thực phẩm khô,226
SP003819,Mì trộn Indomie Mi Goreng 85g (Lô 61),Gói,6500,8,Mì gói & Thực phẩm khô,233
SP003820,Phở gà Đệ Nhất Acecook 68g (Lô 61),Gói,8000,8,Mì gói & Thực phẩm khô,240
SP003821,Miến Phú Hương yến tiệc 210g (Lô 61),Gói,22000,8,Mì gói & Thực phẩm khô,247
SP003822,Cháo thịt bằm Cung Đình gói 50g (Lô 61),Gói,7000,8,Mì gói & Thực phẩm khô,254
SP003823,Cá nục sốt cà 3 Cô Gái lon 155g (Lô 61),Lon,19000,8,Mì gói & Thực phẩm khô,261
SP003824,Pate thịt heo Hạ Long lon 150g (Lô 61),Lon,27000,8,Mì gói & Thực phẩm khô,268
SP003825,Mì ly Modern lẩu thái tôm 65g (Lô 61),Ly,9500,8,Mì gói & Thực phẩm khô,275
SP003826,Nước rửa chén Sunlight chanh can 3.6kg (Lô 61),Can,109000,10,Hóa mỹ phẩm & Tẩy rửa,282
SP003827,Nước giặt OMO Matic cửa trên túi 3.6kg (Lô 61),Túi,175000,10,Hóa mỹ phẩm & Tẩy rửa,289
SP003828,Nước xả vải Comfort đậm đặc túi 3.2L (Lô 61),Túi,189000,10,Hóa mỹ phẩm & Tẩy rửa,296
SP003829,Dầu gội Clear thảo dược mát lạnh 630g (Lô 61),Chai,165000,10,Hóa mỹ phẩm & Tẩy rửa,303
SP003830,Dầu gội Pantene suôn mượt 650ml (Lô 61),Chai,155000,10,Hóa mỹ phẩm & Tẩy rửa,310
SP003831,Sữa tắm Lifebuoy bảo vệ vượt trội 800g (Lô 61),Chai,149000,10,Hóa mỹ phẩm & Tẩy rửa,317
SP003832,Kem đánh răng Colgate Total 12 180g (Lô 61),Tuýp,42000,10,Hóa mỹ phẩm & Tẩy rửa,324
SP003833,Bàn chải đánh răng P/S than tre (Lô 61),Cái,18000,10,Hóa mỹ phẩm & Tẩy rửa,331
SP003834,Nước lau sàn Sunlight hoa lily túi 3.6kg (Lô 61),Túi,85000,10,Hóa mỹ phẩm & Tẩy rửa,338
SP003835,Xịt muỗi Raid hương cam chanh 600ml (Lô 61),Chai,68000,10,Hóa mỹ phẩm & Tẩy rửa,345
SP003836,Giấy vệ sinh cuộn cao cấp Pulppy lốc 10 cuộn (Lô 61),Lốc,92000,8,Đồ gia dụng & Tiện ích,352
SP003837,Khăn giấy lụa rút Paseo 200 tờ (Lô 61),Hộp,25000,8,Đồ gia dụng & Tiện ích,359
SP003838,Màng bọc thực phẩm PE Sunhouse 30cmx150m (Lô 61),Hộp,75000,8,Đồ gia dụng & Tiện ích,366
SP003839,Túi rác đen tự hủy sinh học Opec 3 cuộn (Lô 61),Gói,38000,8,Đồ gia dụng & Tiện ích,373
SP003840,Băng dính dán thùng trong suốt 5cm x 100y (Lô 61),Cuộn,16000,8,Đồ gia dụng & Tiện ích,380
SP003841,Pin tiểu AA Panasonic vỉ 4 viên (Lô 61),Vỉ,26000,8,Đồ gia dụng & Tiện ích,387
SP003842,Khẩu trang y tế 4 lớp kháng khuẩn hộp 50 cái (Lô 61),Hộp,35000,8,Đồ gia dụng & Tiện ích,394
SP003843,Nước rửa tay Lifebuoy hương chanh chai 450ml (Lô 61),Chai,52000,8,Đồ gia dụng & Tiện ích,401
SP003844,Coca Cola Sleek 320ml (Lô 62),Lon,11550,8,Đồ uống & Giải khát,408
SP003845,Pepsi Sleek 320ml (Lô 62),Lon,11025,8,Đồ uống & Giải khát,415
SP003846,Nước cam ép Twister 450ml (Lô 62),Chai,12600,8,Đồ uống & Giải khát,422
SP003847,Trà xanh Không Độ 455ml (Lô 62),Chai,10500,8,Đồ uống & Giải khát,429
SP003848,Trà Ô Long Tea+ Plus 455ml (Lô 62),Chai,12600,8,Đồ uống & Giải khát,436
SP003849,Nước tăng lực Red Bull 250ml (Lô 62),Lon,14700,8,Đồ uống & Giải khát,443
SP003850,Nước khoáng Lavie 500ml (Lô 62),Chai,6300,8,Đồ uống & Giải khát,450
SP003851,Nước tinh khiết Aquafina 500ml (Lô 62),Chai,6300,8,Đồ uống & Giải khát,457
SP003852,Cà phê sữa đá Highlands 235ml (Lô 62),Lon,16800,8,Đồ uống & Giải khát,464
SP003853,Bia Heineken Sleek 330ml (Lô 62),Lon,23100,10,Đồ uống & Giải khát,471
SP003854,Bia Tiger Crystal 330ml (Lô 62),Lon,20475,10,Đồ uống & Giải khát,478
SP003855,Bia Sài Gòn Special 330ml (Lô 62),Lon,17325,10,Đồ uống & Giải khát,485
SP003856,Sữa tươi tiệt trùng Vinamilk 180ml (Lô 62),Hộp,8925,0,Đồ uống & Giải khát,492
SP003857,Sữa chua uống Susu 110ml (Lô 62),Chai,6825,0,Đồ uống & Giải khát,499
SP003858,Nước ép bưởi hồng Vfresh 1L (Lô 62),Hộp,40950,8,Đồ uống & Giải khát,56
SP003859,Bánh ChocoPie Orion hộp 12 cái (Lô 62),Hộp,60900,8,Bánh kẹo & Ăn vặt,63
SP003860,Bánh Cosy mè giòn rụm Kinh Đô 288g (Lô 62),Gói,30450,8,Bánh kẹo & Ăn vặt,70
SP003861,Snack khoai tây Ostar vị tảo biển 90g (Lô 62),Gói,19950,8,Bánh kẹo & Ăn vặt,77
SP003862,Snack khoai tây Lay's tự nhiên 95g (Lô 62),Gói,22050,8,Bánh kẹo & Ăn vặt,84
SP003863,Bánh que Pocky socola Glico 40g (Lô 62),Hộp,14700,8,Bánh kẹo & Ăn vặt,91
SP003864,Kẹo dẻo Chupa Chups Sour Tubes 160g (Lô 62),Gói,25200,8,Bánh kẹo & Ăn vặt,98
SP003865,Bánh mì tươi nhân bơ sữa Kinh Đô 80g (Lô 62),Cái,9450,8,Bánh kẹo & Ăn vặt,105
SP003866,Bánh xốp Nabati phô mai 130g (Lô 62),Hộp,12600,8,Bánh kẹo & Ăn vặt,112
SP003867,Hạt điều rang muối vỏ lụa Bình Phước 500g (Lô 62),Hộp,141750,8,Bánh kẹo & Ăn vặt,119
SP003868,Hạt hướng dương Chacheer 130g (Lô 62),Gói,15750,8,Bánh kẹo & Ăn vặt,126
SP003869,Rong biển sấy vị truyền thống TaoKaeNoi 32g (Lô 62),Gói,27300,8,Bánh kẹo & Ăn vặt,133
SP003870,Nước mắm Nam Ngư Đệ Nhị chai 900ml (Lô 62),Chai,29400,8,Gia vị & Đồ nấu nướng,140
SP003871,Nước mắm Chinsu Cá Hồi chai 500ml (Lô 62),Chai,49350,8,Gia vị & Đồ nấu nướng,147
SP003872,Dầu ăn Simply đậu nành can 1L (Lô 62),Chai,61950,8,Gia vị & Đồ nấu nướng,154
SP003873,Dầu ăn Neptune Gold can 2L (Lô 62),Chai,141750,8,Gia vị & Đồ nấu nướng,161
SP003874,Hạt nêm Knorr thịt thăn xương ống 400g (Lô 62),Gói,38850,8,Gia vị & Đồ nấu nướng,168
SP003875,Bột ngọt Ajinomoto gói 454g (Lô 62),Gói,35700,8,Gia vị & Đồ nấu nướng,175
SP003876,Tương ớt Chinsu nắp bật 250g (Lô 62),Chai,15750,8,Gia vị & Đồ nấu nướng,182
SP003877,Tương cà Cholimex chai 330g (Lô 62),Chai,16800,8,Gia vị & Đồ nấu nướng,189
SP003878,Muối I-ốt Bạc Liêu túi 500g (Lô 62),Gói,6300,8,Gia vị & Đồ nấu nướng,196
SP003879,Đường tinh luyện Biên Hòa Daily 1kg (Lô 62),Gói,32550,8,Gia vị & Đồ nấu nướng,203
SP003880,Mì tôm Hảo Hảo tôm chua cay 75g (Lô 62),Gói,4725,8,Mì gói & Thực phẩm khô,210
SP003881,Mì Omachi sườn hầm ngũ quả 80g (Lô 62),Gói,8925,8,Mì gói & Thực phẩm khô,217
SP003882,Mì trộn Indomie Mi Goreng 85g (Lô 62),Gói,6825,8,Mì gói & Thực phẩm khô,224
SP003883,Phở gà Đệ Nhất Acecook 68g (Lô 62),Gói,8400,8,Mì gói & Thực phẩm khô,231
SP003884,Miến Phú Hương yến tiệc 210g (Lô 62),Gói,23100,8,Mì gói & Thực phẩm khô,238
SP003885,Cháo thịt bằm Cung Đình gói 50g (Lô 62),Gói,7350,8,Mì gói & Thực phẩm khô,245
SP003886,Cá nục sốt cà 3 Cô Gái lon 155g (Lô 62),Lon,19950,8,Mì gói & Thực phẩm khô,252
SP003887,Pate thịt heo Hạ Long lon 150g (Lô 62),Lon,28350,8,Mì gói & Thực phẩm khô,259
SP003888,Mì ly Modern lẩu thái tôm 65g (Lô 62),Ly,9975,8,Mì gói & Thực phẩm khô,266
SP003889,Nước rửa chén Sunlight chanh can 3.6kg (Lô 62),Can,114450,10,Hóa mỹ phẩm & Tẩy rửa,273
SP003890,Nước giặt OMO Matic cửa trên túi 3.6kg (Lô 62),Túi,183750,10,Hóa mỹ phẩm & Tẩy rửa,280
SP003891,Nước xả vải Comfort đậm đặc túi 3.2L (Lô 62),Túi,198450,10,Hóa mỹ phẩm & Tẩy rửa,287
SP003892,Dầu gội Clear thảo dược mát lạnh 630g (Lô 62),Chai,173250,10,Hóa mỹ phẩm & Tẩy rửa,294
SP003893,Dầu gội Pantene suôn mượt 650ml (Lô 62),Chai,162750,10,Hóa mỹ phẩm & Tẩy rửa,301
SP003894,Sữa tắm Lifebuoy bảo vệ vượt trội 800g (Lô 62),Chai,156450,10,Hóa mỹ phẩm & Tẩy rửa,308
SP003895,Kem đánh răng Colgate Total 12 180g (Lô 62),Tuýp,44100,10,Hóa mỹ phẩm & Tẩy rửa,315
SP003896,Bàn chải đánh răng P/S than tre (Lô 62),Cái,18900,10,Hóa mỹ phẩm & Tẩy rửa,322
SP003897,Nước lau sàn Sunlight hoa lily túi 3.6kg (Lô 62),Túi,89250,10,Hóa mỹ phẩm & Tẩy rửa,329
SP003898,Xịt muỗi Raid hương cam chanh 600ml (Lô 62),Chai,71400,10,Hóa mỹ phẩm & Tẩy rửa,336
SP003899,Giấy vệ sinh cuộn cao cấp Pulppy lốc 10 cuộn (Lô 62),Lốc,96600,8,Đồ gia dụng & Tiện ích,343
SP003900,Khăn giấy lụa rút Paseo 200 tờ (Lô 62),Hộp,26250,8,Đồ gia dụng & Tiện ích,350
SP003901,Màng bọc thực phẩm PE Sunhouse 30cmx150m (Lô 62),Hộp,78750,8,Đồ gia dụng & Tiện ích,357
SP003902,Túi rác đen tự hủy sinh học Opec 3 cuộn (Lô 62),Gói,39900,8,Đồ gia dụng & Tiện ích,364
SP003903,Băng dính dán thùng trong suốt 5cm x 100y (Lô 62),Cuộn,16800,8,Đồ gia dụng & Tiện ích,371
SP003904,Pin tiểu AA Panasonic vỉ 4 viên (Lô 62),Vỉ,27300,8,Đồ gia dụng & Tiện ích,378
SP003905,Khẩu trang y tế 4 lớp kháng khuẩn hộp 50 cái (Lô 62),Hộp,36750,8,Đồ gia dụng & Tiện ích,385
SP003906,Nước rửa tay Lifebuoy hương chanh chai 450ml (Lô 62),Chai,54600,8,Đồ gia dụng & Tiện ích,392
SP003907,Coca Cola Sleek 320ml (Lô 63),Lon,12100,8,Đồ uống & Giải khát,399
SP003908,Pepsi Sleek 320ml (Lô 63),Lon,11550,8,Đồ uống & Giải khát,406
SP003909,Nước cam ép Twister 450ml (Lô 63),Chai,13200,8,Đồ uống & Giải khát,413
SP003910,Trà xanh Không Độ 455ml (Lô 63),Chai,11000,8,Đồ uống & Giải khát,420
SP003911,Trà Ô Long Tea+ Plus 455ml (Lô 63),Chai,13200,8,Đồ uống & Giải khát,427
SP003912,Nước tăng lực Red Bull 250ml (Lô 63),Lon,15400,8,Đồ uống & Giải khát,434
SP003913,Nước khoáng Lavie 500ml (Lô 63),Chai,6600,8,Đồ uống & Giải khát,441
SP003914,Nước tinh khiết Aquafina 500ml (Lô 63),Chai,6600,8,Đồ uống & Giải khát,448
SP003915,Cà phê sữa đá Highlands 235ml (Lô 63),Lon,17600,8,Đồ uống & Giải khát,455
SP003916,Bia Heineken Sleek 330ml (Lô 63),Lon,24200,10,Đồ uống & Giải khát,462
SP003917,Bia Tiger Crystal 330ml (Lô 63),Lon,21450,10,Đồ uống & Giải khát,469
SP003918,Bia Sài Gòn Special 330ml (Lô 63),Lon,18150,10,Đồ uống & Giải khát,476
SP003919,Sữa tươi tiệt trùng Vinamilk 180ml (Lô 63),Hộp,9350,0,Đồ uống & Giải khát,483
SP003920,Sữa chua uống Susu 110ml (Lô 63),Chai,7150,0,Đồ uống & Giải khát,490
SP003921,Nước ép bưởi hồng Vfresh 1L (Lô 63),Hộp,42900,8,Đồ uống & Giải khát,497
SP003922,Bánh ChocoPie Orion hộp 12 cái (Lô 63),Hộp,63800,8,Bánh kẹo & Ăn vặt,54
SP003923,Bánh Cosy mè giòn rụm Kinh Đô 288g (Lô 63),Gói,31900,8,Bánh kẹo & Ăn vặt,61
SP003924,Snack khoai tây Ostar vị tảo biển 90g (Lô 63),Gói,20900,8,Bánh kẹo & Ăn vặt,68
SP003925,Snack khoai tây Lay's tự nhiên 95g (Lô 63),Gói,23100,8,Bánh kẹo & Ăn vặt,75
SP003926,Bánh que Pocky socola Glico 40g (Lô 63),Hộp,15400,8,Bánh kẹo & Ăn vặt,82
SP003927,Kẹo dẻo Chupa Chups Sour Tubes 160g (Lô 63),Gói,26400,8,Bánh kẹo & Ăn vặt,89
SP003928,Bánh mì tươi nhân bơ sữa Kinh Đô 80g (Lô 63),Cái,9900,8,Bánh kẹo & Ăn vặt,96
SP003929,Bánh xốp Nabati phô mai 130g (Lô 63),Hộp,13200,8,Bánh kẹo & Ăn vặt,103
SP003930,Hạt điều rang muối vỏ lụa Bình Phước 500g (Lô 63),Hộp,148500,8,Bánh kẹo & Ăn vặt,110
SP003931,Hạt hướng dương Chacheer 130g (Lô 63),Gói,16500,8,Bánh kẹo & Ăn vặt,117
SP003932,Rong biển sấy vị truyền thống TaoKaeNoi 32g (Lô 63),Gói,28600,8,Bánh kẹo & Ăn vặt,124
SP003933,Nước mắm Nam Ngư Đệ Nhị chai 900ml (Lô 63),Chai,30800,8,Gia vị & Đồ nấu nướng,131
SP003934,Nước mắm Chinsu Cá Hồi chai 500ml (Lô 63),Chai,51700,8,Gia vị & Đồ nấu nướng,138
SP003935,Dầu ăn Simply đậu nành can 1L (Lô 63),Chai,64900,8,Gia vị & Đồ nấu nướng,145
SP003936,Dầu ăn Neptune Gold can 2L (Lô 63),Chai,148500,8,Gia vị & Đồ nấu nướng,152
SP003937,Hạt nêm Knorr thịt thăn xương ống 400g (Lô 63),Gói,40700,8,Gia vị & Đồ nấu nướng,159
SP003938,Bột ngọt Ajinomoto gói 454g (Lô 63),Gói,37400,8,Gia vị & Đồ nấu nướng,166
SP003939,Tương ớt Chinsu nắp bật 250g (Lô 63),Chai,16500,8,Gia vị & Đồ nấu nướng,173
SP003940,Tương cà Cholimex chai 330g (Lô 63),Chai,17600,8,Gia vị & Đồ nấu nướng,180
SP003941,Muối I-ốt Bạc Liêu túi 500g (Lô 63),Gói,6600,8,Gia vị & Đồ nấu nướng,187
SP003942,Đường tinh luyện Biên Hòa Daily 1kg (Lô 63),Gói,34100,8,Gia vị & Đồ nấu nướng,194
SP003943,Mì tôm Hảo Hảo tôm chua cay 75g (Lô 63),Gói,4950,8,Mì gói & Thực phẩm khô,201
SP003944,Mì Omachi sườn hầm ngũ quả 80g (Lô 63),Gói,9350,8,Mì gói & Thực phẩm khô,208
SP003945,Mì trộn Indomie Mi Goreng 85g (Lô 63),Gói,7150,8,Mì gói & Thực phẩm khô,215
SP003946,Phở gà Đệ Nhất Acecook 68g (Lô 63),Gói,8800,8,Mì gói & Thực phẩm khô,222
SP003947,Miến Phú Hương yến tiệc 210g (Lô 63),Gói,24200,8,Mì gói & Thực phẩm khô,229
SP003948,Cháo thịt bằm Cung Đình gói 50g (Lô 63),Gói,7700,8,Mì gói & Thực phẩm khô,236
SP003949,Cá nục sốt cà 3 Cô Gái lon 155g (Lô 63),Lon,20900,8,Mì gói & Thực phẩm khô,243
SP003950,Pate thịt heo Hạ Long lon 150g (Lô 63),Lon,29700,8,Mì gói & Thực phẩm khô,250
SP003951,Mì ly Modern lẩu thái tôm 65g (Lô 63),Ly,10450,8,Mì gói & Thực phẩm khô,257
SP003952,Nước rửa chén Sunlight chanh can 3.6kg (Lô 63),Can,119900,10,Hóa mỹ phẩm & Tẩy rửa,264
SP003953,Nước giặt OMO Matic cửa trên túi 3.6kg (Lô 63),Túi,192500,10,Hóa mỹ phẩm & Tẩy rửa,271
SP003954,Nước xả vải Comfort đậm đặc túi 3.2L (Lô 63),Túi,207900,10,Hóa mỹ phẩm & Tẩy rửa,278
SP003955,Dầu gội Clear thảo dược mát lạnh 630g (Lô 63),Chai,181500,10,Hóa mỹ phẩm & Tẩy rửa,285
SP003956,Dầu gội Pantene suôn mượt 650ml (Lô 63),Chai,170500,10,Hóa mỹ phẩm & Tẩy rửa,292
SP003957,Sữa tắm Lifebuoy bảo vệ vượt trội 800g (Lô 63),Chai,163900,10,Hóa mỹ phẩm & Tẩy rửa,299
SP003958,Kem đánh răng Colgate Total 12 180g (Lô 63),Tuýp,46200,10,Hóa mỹ phẩm & Tẩy rửa,306
SP003959,Bàn chải đánh răng P/S than tre (Lô 63),Cái,19800,10,Hóa mỹ phẩm & Tẩy rửa,313
SP003960,Nước lau sàn Sunlight hoa lily túi 3.6kg (Lô 63),Túi,93500,10,Hóa mỹ phẩm & Tẩy rửa,320
SP003961,Xịt muỗi Raid hương cam chanh 600ml (Lô 63),Chai,74800,10,Hóa mỹ phẩm & Tẩy rửa,327
SP003962,Giấy vệ sinh cuộn cao cấp Pulppy lốc 10 cuộn (Lô 63),Lốc,101200,8,Đồ gia dụng & Tiện ích,334
SP003963,Khăn giấy lụa rút Paseo 200 tờ (Lô 63),Hộp,27500,8,Đồ gia dụng & Tiện ích,341
SP003964,Màng bọc thực phẩm PE Sunhouse 30cmx150m (Lô 63),Hộp,82500,8,Đồ gia dụng & Tiện ích,348
SP003965,Túi rác đen tự hủy sinh học Opec 3 cuộn (Lô 63),Gói,41800,8,Đồ gia dụng & Tiện ích,355
SP003966,Băng dính dán thùng trong suốt 5cm x 100y (Lô 63),Cuộn,17600,8,Đồ gia dụng & Tiện ích,362
SP003967,Pin tiểu AA Panasonic vỉ 4 viên (Lô 63),Vỉ,28600,8,Đồ gia dụng & Tiện ích,369
SP003968,Khẩu trang y tế 4 lớp kháng khuẩn hộp 50 cái (Lô 63),Hộp,38500,8,Đồ gia dụng & Tiện ích,376
SP003969,Nước rửa tay Lifebuoy hương chanh chai 450ml (Lô 63),Chai,57200,8,Đồ gia dụng & Tiện ích,383
SP003970,Coca Cola Sleek 320ml (Lô 64),Lon,12649,8,Đồ uống & Giải khát,390
SP003971,Pepsi Sleek 320ml (Lô 64),Lon,12074,8,Đồ uống & Giải khát,397
SP003972,Nước cam ép Twister 450ml (Lô 64),Chai,13799,8,Đồ uống & Giải khát,404
SP003973,Trà xanh Không Độ 455ml (Lô 64),Chai,11500,8,Đồ uống & Giải khát,411
SP003974,Trà Ô Long Tea+ Plus 455ml (Lô 64),Chai,13799,8,Đồ uống & Giải khát,418
SP003975,Nước tăng lực Red Bull 250ml (Lô 64),Lon,16099,8,Đồ uống & Giải khát,425
SP003976,Nước khoáng Lavie 500ml (Lô 64),Chai,6899,8,Đồ uống & Giải khát,432
SP003977,Nước tinh khiết Aquafina 500ml (Lô 64),Chai,6899,8,Đồ uống & Giải khát,439
SP003978,Cà phê sữa đá Highlands 235ml (Lô 64),Lon,18400,8,Đồ uống & Giải khát,446
SP003979,Bia Heineken Sleek 330ml (Lô 64),Lon,25299,10,Đồ uống & Giải khát,453
SP003980,Bia Tiger Crystal 330ml (Lô 64),Lon,22425,10,Đồ uống & Giải khát,460
SP003981,Bia Sài Gòn Special 330ml (Lô 64),Lon,18975,10,Đồ uống & Giải khát,467
SP003982,Sữa tươi tiệt trùng Vinamilk 180ml (Lô 64),Hộp,9775,0,Đồ uống & Giải khát,474
SP003983,Sữa chua uống Susu 110ml (Lô 64),Chai,7474,0,Đồ uống & Giải khát,481
SP003984,Nước ép bưởi hồng Vfresh 1L (Lô 64),Hộp,44850,8,Đồ uống & Giải khát,488
SP003985,Bánh ChocoPie Orion hộp 12 cái (Lô 64),Hộp,66700,8,Bánh kẹo & Ăn vặt,495
SP003986,Bánh Cosy mè giòn rụm Kinh Đô 288g (Lô 64),Gói,33350,8,Bánh kẹo & Ăn vặt,52
SP003987,Snack khoai tây Ostar vị tảo biển 90g (Lô 64),Gói,21850,8,Bánh kẹo & Ăn vặt,59
SP003988,Snack khoai tây Lay's tự nhiên 95g (Lô 64),Gói,24149,8,Bánh kẹo & Ăn vặt,66
SP003989,Bánh que Pocky socola Glico 40g (Lô 64),Hộp,16099,8,Bánh kẹo & Ăn vặt,73
SP003990,Kẹo dẻo Chupa Chups Sour Tubes 160g (Lô 64),Gói,27599,8,Bánh kẹo & Ăn vặt,80
SP003991,Bánh mì tươi nhân bơ sữa Kinh Đô 80g (Lô 64),Cái,10350,8,Bánh kẹo & Ăn vặt,87
SP003992,Bánh xốp Nabati phô mai 130g (Lô 64),Hộp,13799,8,Bánh kẹo & Ăn vặt,94
SP003993,Hạt điều rang muối vỏ lụa Bình Phước 500g (Lô 64),Hộp,155250,8,Bánh kẹo & Ăn vặt,101
SP003994,Hạt hướng dương Chacheer 130g (Lô 64),Gói,17250,8,Bánh kẹo & Ăn vặt,108
SP003995,Rong biển sấy vị truyền thống TaoKaeNoi 32g (Lô 64),Gói,29899,8,Bánh kẹo & Ăn vặt,115
SP003996,Nước mắm Nam Ngư Đệ Nhị chai 900ml (Lô 64),Chai,32199,8,Gia vị & Đồ nấu nướng,122
SP003997,Nước mắm Chinsu Cá Hồi chai 500ml (Lô 64),Chai,54049,8,Gia vị & Đồ nấu nướng,129
SP003998,Dầu ăn Simply đậu nành can 1L (Lô 64),Chai,67850,8,Gia vị & Đồ nấu nướng,136
SP003999,Dầu ăn Neptune Gold can 2L (Lô 64),Chai,155250,8,Gia vị & Đồ nấu nướng,143
SP004000,Hạt nêm Knorr thịt thăn xương ống 400g (Lô 64),Gói,42550,8,Gia vị & Đồ nấu nướng,150
SP004001,Bột ngọt Ajinomoto gói 454g (Lô 64),Gói,39100,8,Gia vị & Đồ nấu nướng,157
SP004002,Tương ớt Chinsu nắp bật 250g (Lô 64),Chai,17250,8,Gia vị & Đồ nấu nướng,164
SP004003,Tương cà Cholimex chai 330g (Lô 64),Chai,18400,8,Gia vị & Đồ nấu nướng,171
SP004004,Muối I-ốt Bạc Liêu túi 500g (Lô 64),Gói,6899,8,Gia vị & Đồ nấu nướng,178
SP004005,Đường tinh luyện Biên Hòa Daily 1kg (Lô 64),Gói,35650,8,Gia vị & Đồ nấu nướng,185
SP004006,Mì tôm Hảo Hảo tôm chua cay 75g (Lô 64),Gói,5175,8,Mì gói & Thực phẩm khô,192
SP004007,Mì Omachi sườn hầm ngũ quả 80g (Lô 64),Gói,9775,8,Mì gói & Thực phẩm khô,199
SP004008,Mì trộn Indomie Mi Goreng 85g (Lô 64),Gói,7474,8,Mì gói & Thực phẩm khô,206
SP004009,Phở gà Đệ Nhất Acecook 68g (Lô 64),Gói,9200,8,Mì gói & Thực phẩm khô,213
SP004010,Miến Phú Hương yến tiệc 210g (Lô 64),Gói,25299,8,Mì gói & Thực phẩm khô,220
SP004011,Cháo thịt bằm Cung Đình gói 50g (Lô 64),Gói,8049,8,Mì gói & Thực phẩm khô,227
SP004012,Cá nục sốt cà 3 Cô Gái lon 155g (Lô 64),Lon,21850,8,Mì gói & Thực phẩm khô,234
SP004013,Pate thịt heo Hạ Long lon 150g (Lô 64),Lon,31049,8,Mì gói & Thực phẩm khô,241
SP004014,Mì ly Modern lẩu thái tôm 65g (Lô 64),Ly,10925,8,Mì gói & Thực phẩm khô,248
SP004015,Nước rửa chén Sunlight chanh can 3.6kg (Lô 64),Can,125349,10,Hóa mỹ phẩm & Tẩy rửa,255
SP004016,Nước giặt OMO Matic cửa trên túi 3.6kg (Lô 64),Túi,201249,10,Hóa mỹ phẩm & Tẩy rửa,262
SP004017,Nước xả vải Comfort đậm đặc túi 3.2L (Lô 64),Túi,217349,10,Hóa mỹ phẩm & Tẩy rửa,269
SP004018,Dầu gội Clear thảo dược mát lạnh 630g (Lô 64),Chai,189749,10,Hóa mỹ phẩm & Tẩy rửa,276
SP004019,Dầu gội Pantene suôn mượt 650ml (Lô 64),Chai,178250,10,Hóa mỹ phẩm & Tẩy rửa,283
SP004020,Sữa tắm Lifebuoy bảo vệ vượt trội 800g (Lô 64),Chai,171350,10,Hóa mỹ phẩm & Tẩy rửa,290
SP004021,Kem đánh răng Colgate Total 12 180g (Lô 64),Tuýp,48299,10,Hóa mỹ phẩm & Tẩy rửa,297
SP004022,Bàn chải đánh răng P/S than tre (Lô 64),Cái,20700,10,Hóa mỹ phẩm & Tẩy rửa,304
SP004023,Nước lau sàn Sunlight hoa lily túi 3.6kg (Lô 64),Túi,97749,10,Hóa mỹ phẩm & Tẩy rửa,311
SP004024,Xịt muỗi Raid hương cam chanh 600ml (Lô 64),Chai,78200,10,Hóa mỹ phẩm & Tẩy rửa,318
SP004025,Giấy vệ sinh cuộn cao cấp Pulppy lốc 10 cuộn (Lô 64),Lốc,105799,8,Đồ gia dụng & Tiện ích,325
SP004026,Khăn giấy lụa rút Paseo 200 tờ (Lô 64),Hộp,28749,8,Đồ gia dụng & Tiện ích,332
SP004027,Màng bọc thực phẩm PE Sunhouse 30cmx150m (Lô 64),Hộp,86250,8,Đồ gia dụng & Tiện ích,339
SP004028,Túi rác đen tự hủy sinh học Opec 3 cuộn (Lô 64),Gói,43700,8,Đồ gia dụng & Tiện ích,346
SP004029,Băng dính dán thùng trong suốt 5cm x 100y (Lô 64),Cuộn,18400,8,Đồ gia dụng & Tiện ích,353
SP004030,Pin tiểu AA Panasonic vỉ 4 viên (Lô 64),Vỉ,29899,8,Đồ gia dụng & Tiện ích,360
SP004031,Khẩu trang y tế 4 lớp kháng khuẩn hộp 50 cái (Lô 64),Hộp,40250,8,Đồ gia dụng & Tiện ích,367
SP004032,Nước rửa tay Lifebuoy hương chanh chai 450ml (Lô 64),Chai,59799,8,Đồ gia dụng & Tiện ích,374
SP004033,Coca Cola Sleek 320ml (Lô 65),Lon,13200,8,Đồ uống & Giải khát,381
SP004034,Pepsi Sleek 320ml (Lô 65),Lon,12600,8,Đồ uống & Giải khát,388
SP004035,Nước cam ép Twister 450ml (Lô 65),Chai,14400,8,Đồ uống & Giải khát,395
SP004036,Trà xanh Không Độ 455ml (Lô 65),Chai,12000,8,Đồ uống & Giải khát,402
SP004037,Trà Ô Long Tea+ Plus 455ml (Lô 65),Chai,14400,8,Đồ uống & Giải khát,409
SP004038,Nước tăng lực Red Bull 250ml (Lô 65),Lon,16800,8,Đồ uống & Giải khát,416
SP004039,Nước khoáng Lavie 500ml (Lô 65),Chai,7200,8,Đồ uống & Giải khát,423
SP004040,Nước tinh khiết Aquafina 500ml (Lô 65),Chai,7200,8,Đồ uống & Giải khát,430
SP004041,Cà phê sữa đá Highlands 235ml (Lô 65),Lon,19200,8,Đồ uống & Giải khát,437
SP004042,Bia Heineken Sleek 330ml (Lô 65),Lon,26400,10,Đồ uống & Giải khát,444
SP004043,Bia Tiger Crystal 330ml (Lô 65),Lon,23400,10,Đồ uống & Giải khát,451
SP004044,Bia Sài Gòn Special 330ml (Lô 65),Lon,19800,10,Đồ uống & Giải khát,458
SP004045,Sữa tươi tiệt trùng Vinamilk 180ml (Lô 65),Hộp,10200,0,Đồ uống & Giải khát,465
SP004046,Sữa chua uống Susu 110ml (Lô 65),Chai,7800,0,Đồ uống & Giải khát,472
SP004047,Nước ép bưởi hồng Vfresh 1L (Lô 65),Hộp,46800,8,Đồ uống & Giải khát,479
SP004048,Bánh ChocoPie Orion hộp 12 cái (Lô 65),Hộp,69600,8,Bánh kẹo & Ăn vặt,486
SP004049,Bánh Cosy mè giòn rụm Kinh Đô 288g (Lô 65),Gói,34800,8,Bánh kẹo & Ăn vặt,493
SP004050,Snack khoai tây Ostar vị tảo biển 90g (Lô 65),Gói,22800,8,Bánh kẹo & Ăn vặt,50
SP004051,Snack khoai tây Lay's tự nhiên 95g (Lô 65),Gói,25200,8,Bánh kẹo & Ăn vặt,57
SP004052,Bánh que Pocky socola Glico 40g (Lô 65),Hộp,16800,8,Bánh kẹo & Ăn vặt,64
SP004053,Kẹo dẻo Chupa Chups Sour Tubes 160g (Lô 65),Gói,28800,8,Bánh kẹo & Ăn vặt,71
SP004054,Bánh mì tươi nhân bơ sữa Kinh Đô 80g (Lô 65),Cái,10800,8,Bánh kẹo & Ăn vặt,78
SP004055,Bánh xốp Nabati phô mai 130g (Lô 65),Hộp,14400,8,Bánh kẹo & Ăn vặt,85
SP004056,Hạt điều rang muối vỏ lụa Bình Phước 500g (Lô 65),Hộp,162000,8,Bánh kẹo & Ăn vặt,92
SP004057,Hạt hướng dương Chacheer 130g (Lô 65),Gói,18000,8,Bánh kẹo & Ăn vặt,99
SP004058,Rong biển sấy vị truyền thống TaoKaeNoi 32g (Lô 65),Gói,31200,8,Bánh kẹo & Ăn vặt,106
SP004059,Nước mắm Nam Ngư Đệ Nhị chai 900ml (Lô 65),Chai,33600,8,Gia vị & Đồ nấu nướng,113
SP004060,Nước mắm Chinsu Cá Hồi chai 500ml (Lô 65),Chai,56400,8,Gia vị & Đồ nấu nướng,120
SP004061,Dầu ăn Simply đậu nành can 1L (Lô 65),Chai,70800,8,Gia vị & Đồ nấu nướng,127
SP004062,Dầu ăn Neptune Gold can 2L (Lô 65),Chai,162000,8,Gia vị & Đồ nấu nướng,134
SP004063,Hạt nêm Knorr thịt thăn xương ống 400g (Lô 65),Gói,44400,8,Gia vị & Đồ nấu nướng,141
SP004064,Bột ngọt Ajinomoto gói 454g (Lô 65),Gói,40800,8,Gia vị & Đồ nấu nướng,148
SP004065,Tương ớt Chinsu nắp bật 250g (Lô 65),Chai,18000,8,Gia vị & Đồ nấu nướng,155
SP004066,Tương cà Cholimex chai 330g (Lô 65),Chai,19200,8,Gia vị & Đồ nấu nướng,162
SP004067,Muối I-ốt Bạc Liêu túi 500g (Lô 65),Gói,7200,8,Gia vị & Đồ nấu nướng,169
SP004068,Đường tinh luyện Biên Hòa Daily 1kg (Lô 65),Gói,37200,8,Gia vị & Đồ nấu nướng,176
SP004069,Mì tôm Hảo Hảo tôm chua cay 75g (Lô 65),Gói,5400,8,Mì gói & Thực phẩm khô,183
SP004070,Mì Omachi sườn hầm ngũ quả 80g (Lô 65),Gói,10200,8,Mì gói & Thực phẩm khô,190
SP004071,Mì trộn Indomie Mi Goreng 85g (Lô 65),Gói,7800,8,Mì gói & Thực phẩm khô,197
SP004072,Phở gà Đệ Nhất Acecook 68g (Lô 65),Gói,9600,8,Mì gói & Thực phẩm khô,204
SP004073,Miến Phú Hương yến tiệc 210g (Lô 65),Gói,26400,8,Mì gói & Thực phẩm khô,211
SP004074,Cháo thịt bằm Cung Đình gói 50g (Lô 65),Gói,8400,8,Mì gói & Thực phẩm khô,218
SP004075,Cá nục sốt cà 3 Cô Gái lon 155g (Lô 65),Lon,22800,8,Mì gói & Thực phẩm khô,225
SP004076,Pate thịt heo Hạ Long lon 150g (Lô 65),Lon,32400,8,Mì gói & Thực phẩm khô,232
SP004077,Mì ly Modern lẩu thái tôm 65g (Lô 65),Ly,11400,8,Mì gói & Thực phẩm khô,239
SP004078,Nước rửa chén Sunlight chanh can 3.6kg (Lô 65),Can,130800,10,Hóa mỹ phẩm & Tẩy rửa,246
SP004079,Nước giặt OMO Matic cửa trên túi 3.6kg (Lô 65),Túi,210000,10,Hóa mỹ phẩm & Tẩy rửa,253
SP004080,Nước xả vải Comfort đậm đặc túi 3.2L (Lô 65),Túi,226800,10,Hóa mỹ phẩm & Tẩy rửa,260
SP004081,Dầu gội Clear thảo dược mát lạnh 630g (Lô 65),Chai,198000,10,Hóa mỹ phẩm & Tẩy rửa,267
SP004082,Dầu gội Pantene suôn mượt 650ml (Lô 65),Chai,186000,10,Hóa mỹ phẩm & Tẩy rửa,274
SP004083,Sữa tắm Lifebuoy bảo vệ vượt trội 800g (Lô 65),Chai,178800,10,Hóa mỹ phẩm & Tẩy rửa,281
SP004084,Kem đánh răng Colgate Total 12 180g (Lô 65),Tuýp,50400,10,Hóa mỹ phẩm & Tẩy rửa,288
SP004085,Bàn chải đánh răng P/S than tre (Lô 65),Cái,21600,10,Hóa mỹ phẩm & Tẩy rửa,295
SP004086,Nước lau sàn Sunlight hoa lily túi 3.6kg (Lô 65),Túi,102000,10,Hóa mỹ phẩm & Tẩy rửa,302
SP004087,Xịt muỗi Raid hương cam chanh 600ml (Lô 65),Chai,81600,10,Hóa mỹ phẩm & Tẩy rửa,309
SP004088,Giấy vệ sinh cuộn cao cấp Pulppy lốc 10 cuộn (Lô 65),Lốc,110400,8,Đồ gia dụng & Tiện ích,316
SP004089,Khăn giấy lụa rút Paseo 200 tờ (Lô 65),Hộp,30000,8,Đồ gia dụng & Tiện ích,323
SP004090,Màng bọc thực phẩm PE Sunhouse 30cmx150m (Lô 65),Hộp,90000,8,Đồ gia dụng & Tiện ích,330
SP004091,Túi rác đen tự hủy sinh học Opec 3 cuộn (Lô 65),Gói,45600,8,Đồ gia dụng & Tiện ích,337
SP004092,Băng dính dán thùng trong suốt 5cm x 100y (Lô 65),Cuộn,19200,8,Đồ gia dụng & Tiện ích,344
SP004093,Pin tiểu AA Panasonic vỉ 4 viên (Lô 65),Vỉ,31200,8,Đồ gia dụng & Tiện ích,351
SP004094,Khẩu trang y tế 4 lớp kháng khuẩn hộp 50 cái (Lô 65),Hộp,42000,8,Đồ gia dụng & Tiện ích,358
SP004095,Nước rửa tay Lifebuoy hương chanh chai 450ml (Lô 65),Chai,62400,8,Đồ gia dụng & Tiện ích,365
SP004096,Coca Cola Sleek 320ml (Lô 66),Lon,11000,8,Đồ uống & Giải khát,372
SP004097,Pepsi Sleek 320ml (Lô 66),Lon,10500,8,Đồ uống & Giải khát,379
SP004098,Nước cam ép Twister 450ml (Lô 66),Chai,12000,8,Đồ uống & Giải khát,386
SP004099,Trà xanh Không Độ 455ml (Lô 66),Chai,10000,8,Đồ uống & Giải khát,393
SP004100,Trà Ô Long Tea+ Plus 455ml (Lô 66),Chai,12000,8,Đồ uống & Giải khát,400
SP004101,Nước tăng lực Red Bull 250ml (Lô 66),Lon,14000,8,Đồ uống & Giải khát,407
SP004102,Nước khoáng Lavie 500ml (Lô 66),Chai,6000,8,Đồ uống & Giải khát,414
SP004103,Nước tinh khiết Aquafina 500ml (Lô 66),Chai,6000,8,Đồ uống & Giải khát,421
SP004104,Cà phê sữa đá Highlands 235ml (Lô 66),Lon,16000,8,Đồ uống & Giải khát,428
SP004105,Bia Heineken Sleek 330ml (Lô 66),Lon,22000,10,Đồ uống & Giải khát,435
SP004106,Bia Tiger Crystal 330ml (Lô 66),Lon,19500,10,Đồ uống & Giải khát,442
SP004107,Bia Sài Gòn Special 330ml (Lô 66),Lon,16500,10,Đồ uống & Giải khát,449
SP004108,Sữa tươi tiệt trùng Vinamilk 180ml (Lô 66),Hộp,8500,0,Đồ uống & Giải khát,456
SP004109,Sữa chua uống Susu 110ml (Lô 66),Chai,6500,0,Đồ uống & Giải khát,463
SP004110,Nước ép bưởi hồng Vfresh 1L (Lô 66),Hộp,39000,8,Đồ uống & Giải khát,470
SP004111,Bánh ChocoPie Orion hộp 12 cái (Lô 66),Hộp,58000,8,Bánh kẹo & Ăn vặt,477
SP004112,Bánh Cosy mè giòn rụm Kinh Đô 288g (Lô 66),Gói,29000,8,Bánh kẹo & Ăn vặt,484
SP004113,Snack khoai tây Ostar vị tảo biển 90g (Lô 66),Gói,19000,8,Bánh kẹo & Ăn vặt,491
SP004114,Snack khoai tây Lay's tự nhiên 95g (Lô 66),Gói,21000,8,Bánh kẹo & Ăn vặt,498
SP004115,Bánh que Pocky socola Glico 40g (Lô 66),Hộp,14000,8,Bánh kẹo & Ăn vặt,55
SP004116,Kẹo dẻo Chupa Chups Sour Tubes 160g (Lô 66),Gói,24000,8,Bánh kẹo & Ăn vặt,62
SP004117,Bánh mì tươi nhân bơ sữa Kinh Đô 80g (Lô 66),Cái,9000,8,Bánh kẹo & Ăn vặt,69
SP004118,Bánh xốp Nabati phô mai 130g (Lô 66),Hộp,12000,8,Bánh kẹo & Ăn vặt,76
SP004119,Hạt điều rang muối vỏ lụa Bình Phước 500g (Lô 66),Hộp,135000,8,Bánh kẹo & Ăn vặt,83
SP004120,Hạt hướng dương Chacheer 130g (Lô 66),Gói,15000,8,Bánh kẹo & Ăn vặt,90
SP004121,Rong biển sấy vị truyền thống TaoKaeNoi 32g (Lô 66),Gói,26000,8,Bánh kẹo & Ăn vặt,97
SP004122,Nước mắm Nam Ngư Đệ Nhị chai 900ml (Lô 66),Chai,28000,8,Gia vị & Đồ nấu nướng,104
SP004123,Nước mắm Chinsu Cá Hồi chai 500ml (Lô 66),Chai,47000,8,Gia vị & Đồ nấu nướng,111
SP004124,Dầu ăn Simply đậu nành can 1L (Lô 66),Chai,59000,8,Gia vị & Đồ nấu nướng,118
SP004125,Dầu ăn Neptune Gold can 2L (Lô 66),Chai,135000,8,Gia vị & Đồ nấu nướng,125
SP004126,Hạt nêm Knorr thịt thăn xương ống 400g (Lô 66),Gói,37000,8,Gia vị & Đồ nấu nướng,132
SP004127,Bột ngọt Ajinomoto gói 454g (Lô 66),Gói,34000,8,Gia vị & Đồ nấu nướng,139
SP004128,Tương ớt Chinsu nắp bật 250g (Lô 66),Chai,15000,8,Gia vị & Đồ nấu nướng,146
SP004129,Tương cà Cholimex chai 330g (Lô 66),Chai,16000,8,Gia vị & Đồ nấu nướng,153
SP004130,Muối I-ốt Bạc Liêu túi 500g (Lô 66),Gói,6000,8,Gia vị & Đồ nấu nướng,160
SP004131,Đường tinh luyện Biên Hòa Daily 1kg (Lô 66),Gói,31000,8,Gia vị & Đồ nấu nướng,167
SP004132,Mì tôm Hảo Hảo tôm chua cay 75g (Lô 66),Gói,4500,8,Mì gói & Thực phẩm khô,174
SP004133,Mì Omachi sườn hầm ngũ quả 80g (Lô 66),Gói,8500,8,Mì gói & Thực phẩm khô,181
SP004134,Mì trộn Indomie Mi Goreng 85g (Lô 66),Gói,6500,8,Mì gói & Thực phẩm khô,188
SP004135,Phở gà Đệ Nhất Acecook 68g (Lô 66),Gói,8000,8,Mì gói & Thực phẩm khô,195
SP004136,Miến Phú Hương yến tiệc 210g (Lô 66),Gói,22000,8,Mì gói & Thực phẩm khô,202
SP004137,Cháo thịt bằm Cung Đình gói 50g (Lô 66),Gói,7000,8,Mì gói & Thực phẩm khô,209
SP004138,Cá nục sốt cà 3 Cô Gái lon 155g (Lô 66),Lon,19000,8,Mì gói & Thực phẩm khô,216
SP004139,Pate thịt heo Hạ Long lon 150g (Lô 66),Lon,27000,8,Mì gói & Thực phẩm khô,223
SP004140,Mì ly Modern lẩu thái tôm 65g (Lô 66),Ly,9500,8,Mì gói & Thực phẩm khô,230
SP004141,Nước rửa chén Sunlight chanh can 3.6kg (Lô 66),Can,109000,10,Hóa mỹ phẩm & Tẩy rửa,237
SP004142,Nước giặt OMO Matic cửa trên túi 3.6kg (Lô 66),Túi,175000,10,Hóa mỹ phẩm & Tẩy rửa,244
SP004143,Nước xả vải Comfort đậm đặc túi 3.2L (Lô 66),Túi,189000,10,Hóa mỹ phẩm & Tẩy rửa,251
SP004144,Dầu gội Clear thảo dược mát lạnh 630g (Lô 66),Chai,165000,10,Hóa mỹ phẩm & Tẩy rửa,258
SP004145,Dầu gội Pantene suôn mượt 650ml (Lô 66),Chai,155000,10,Hóa mỹ phẩm & Tẩy rửa,265
SP004146,Sữa tắm Lifebuoy bảo vệ vượt trội 800g (Lô 66),Chai,149000,10,Hóa mỹ phẩm & Tẩy rửa,272
SP004147,Kem đánh răng Colgate Total 12 180g (Lô 66),Tuýp,42000,10,Hóa mỹ phẩm & Tẩy rửa,279
SP004148,Bàn chải đánh răng P/S than tre (Lô 66),Cái,18000,10,Hóa mỹ phẩm & Tẩy rửa,286
SP004149,Nước lau sàn Sunlight hoa lily túi 3.6kg (Lô 66),Túi,85000,10,Hóa mỹ phẩm & Tẩy rửa,293
SP004150,Xịt muỗi Raid hương cam chanh 600ml (Lô 66),Chai,68000,10,Hóa mỹ phẩm & Tẩy rửa,300
SP004151,Giấy vệ sinh cuộn cao cấp Pulppy lốc 10 cuộn (Lô 66),Lốc,92000,8,Đồ gia dụng & Tiện ích,307
SP004152,Khăn giấy lụa rút Paseo 200 tờ (Lô 66),Hộp,25000,8,Đồ gia dụng & Tiện ích,314
SP004153,Màng bọc thực phẩm PE Sunhouse 30cmx150m (Lô 66),Hộp,75000,8,Đồ gia dụng & Tiện ích,321
SP004154,Túi rác đen tự hủy sinh học Opec 3 cuộn (Lô 66),Gói,38000,8,Đồ gia dụng & Tiện ích,328
SP004155,Băng dính dán thùng trong suốt 5cm x 100y (Lô 66),Cuộn,16000,8,Đồ gia dụng & Tiện ích,335
SP004156,Pin tiểu AA Panasonic vỉ 4 viên (Lô 66),Vỉ,26000,8,Đồ gia dụng & Tiện ích,342
SP004157,Khẩu trang y tế 4 lớp kháng khuẩn hộp 50 cái (Lô 66),Hộp,35000,8,Đồ gia dụng & Tiện ích,349
SP004158,Nước rửa tay Lifebuoy hương chanh chai 450ml (Lô 66),Chai,52000,8,Đồ gia dụng & Tiện ích,356
SP004159,Coca Cola Sleek 320ml (Lô 67),Lon,11550,8,Đồ uống & Giải khát,363
SP004160,Pepsi Sleek 320ml (Lô 67),Lon,11025,8,Đồ uống & Giải khát,370
SP004161,Nước cam ép Twister 450ml (Lô 67),Chai,12600,8,Đồ uống & Giải khát,377
SP004162,Trà xanh Không Độ 455ml (Lô 67),Chai,10500,8,Đồ uống & Giải khát,384
SP004163,Trà Ô Long Tea+ Plus 455ml (Lô 67),Chai,12600,8,Đồ uống & Giải khát,391
SP004164,Nước tăng lực Red Bull 250ml (Lô 67),Lon,14700,8,Đồ uống & Giải khát,398
SP004165,Nước khoáng Lavie 500ml (Lô 67),Chai,6300,8,Đồ uống & Giải khát,405
SP004166,Nước tinh khiết Aquafina 500ml (Lô 67),Chai,6300,8,Đồ uống & Giải khát,412
SP004167,Cà phê sữa đá Highlands 235ml (Lô 67),Lon,16800,8,Đồ uống & Giải khát,419
SP004168,Bia Heineken Sleek 330ml (Lô 67),Lon,23100,10,Đồ uống & Giải khát,426
SP004169,Bia Tiger Crystal 330ml (Lô 67),Lon,20475,10,Đồ uống & Giải khát,433
SP004170,Bia Sài Gòn Special 330ml (Lô 67),Lon,17325,10,Đồ uống & Giải khát,440
SP004171,Sữa tươi tiệt trùng Vinamilk 180ml (Lô 67),Hộp,8925,0,Đồ uống & Giải khát,447
SP004172,Sữa chua uống Susu 110ml (Lô 67),Chai,6825,0,Đồ uống & Giải khát,454
SP004173,Nước ép bưởi hồng Vfresh 1L (Lô 67),Hộp,40950,8,Đồ uống & Giải khát,461
SP004174,Bánh ChocoPie Orion hộp 12 cái (Lô 67),Hộp,60900,8,Bánh kẹo & Ăn vặt,468
SP004175,Bánh Cosy mè giòn rụm Kinh Đô 288g (Lô 67),Gói,30450,8,Bánh kẹo & Ăn vặt,475
SP004176,Snack khoai tây Ostar vị tảo biển 90g (Lô 67),Gói,19950,8,Bánh kẹo & Ăn vặt,482
SP004177,Snack khoai tây Lay's tự nhiên 95g (Lô 67),Gói,22050,8,Bánh kẹo & Ăn vặt,489
SP004178,Bánh que Pocky socola Glico 40g (Lô 67),Hộp,14700,8,Bánh kẹo & Ăn vặt,496
SP004179,Kẹo dẻo Chupa Chups Sour Tubes 160g (Lô 67),Gói,25200,8,Bánh kẹo & Ăn vặt,53
SP004180,Bánh mì tươi nhân bơ sữa Kinh Đô 80g (Lô 67),Cái,9450,8,Bánh kẹo & Ăn vặt,60
SP004181,Bánh xốp Nabati phô mai 130g (Lô 67),Hộp,12600,8,Bánh kẹo & Ăn vặt,67
SP004182,Hạt điều rang muối vỏ lụa Bình Phước 500g (Lô 67),Hộp,141750,8,Bánh kẹo & Ăn vặt,74
SP004183,Hạt hướng dương Chacheer 130g (Lô 67),Gói,15750,8,Bánh kẹo & Ăn vặt,81
SP004184,Rong biển sấy vị truyền thống TaoKaeNoi 32g (Lô 67),Gói,27300,8,Bánh kẹo & Ăn vặt,88
SP004185,Nước mắm Nam Ngư Đệ Nhị chai 900ml (Lô 67),Chai,29400,8,Gia vị & Đồ nấu nướng,95
SP004186,Nước mắm Chinsu Cá Hồi chai 500ml (Lô 67),Chai,49350,8,Gia vị & Đồ nấu nướng,102
SP004187,Dầu ăn Simply đậu nành can 1L (Lô 67),Chai,61950,8,Gia vị & Đồ nấu nướng,109
SP004188,Dầu ăn Neptune Gold can 2L (Lô 67),Chai,141750,8,Gia vị & Đồ nấu nướng,116
SP004189,Hạt nêm Knorr thịt thăn xương ống 400g (Lô 67),Gói,38850,8,Gia vị & Đồ nấu nướng,123
SP004190,Bột ngọt Ajinomoto gói 454g (Lô 67),Gói,35700,8,Gia vị & Đồ nấu nướng,130
SP004191,Tương ớt Chinsu nắp bật 250g (Lô 67),Chai,15750,8,Gia vị & Đồ nấu nướng,137
SP004192,Tương cà Cholimex chai 330g (Lô 67),Chai,16800,8,Gia vị & Đồ nấu nướng,144
SP004193,Muối I-ốt Bạc Liêu túi 500g (Lô 67),Gói,6300,8,Gia vị & Đồ nấu nướng,151
SP004194,Đường tinh luyện Biên Hòa Daily 1kg (Lô 67),Gói,32550,8,Gia vị & Đồ nấu nướng,158
SP004195,Mì tôm Hảo Hảo tôm chua cay 75g (Lô 67),Gói,4725,8,Mì gói & Thực phẩm khô,165
SP004196,Mì Omachi sườn hầm ngũ quả 80g (Lô 67),Gói,8925,8,Mì gói & Thực phẩm khô,172
SP004197,Mì trộn Indomie Mi Goreng 85g (Lô 67),Gói,6825,8,Mì gói & Thực phẩm khô,179
SP004198,Phở gà Đệ Nhất Acecook 68g (Lô 67),Gói,8400,8,Mì gói & Thực phẩm khô,186
SP004199,Miến Phú Hương yến tiệc 210g (Lô 67),Gói,23100,8,Mì gói & Thực phẩm khô,193
SP004200,Cháo thịt bằm Cung Đình gói 50g (Lô 67),Gói,7350,8,Mì gói & Thực phẩm khô,200
SP004201,Cá nục sốt cà 3 Cô Gái lon 155g (Lô 67),Lon,19950,8,Mì gói & Thực phẩm khô,207
SP004202,Pate thịt heo Hạ Long lon 150g (Lô 67),Lon,28350,8,Mì gói & Thực phẩm khô,214
SP004203,Mì ly Modern lẩu thái tôm 65g (Lô 67),Ly,9975,8,Mì gói & Thực phẩm khô,221
SP004204,Nước rửa chén Sunlight chanh can 3.6kg (Lô 67),Can,114450,10,Hóa mỹ phẩm & Tẩy rửa,228
SP004205,Nước giặt OMO Matic cửa trên túi 3.6kg (Lô 67),Túi,183750,10,Hóa mỹ phẩm & Tẩy rửa,235
SP004206,Nước xả vải Comfort đậm đặc túi 3.2L (Lô 67),Túi,198450,10,Hóa mỹ phẩm & Tẩy rửa,242
SP004207,Dầu gội Clear thảo dược mát lạnh 630g (Lô 67),Chai,173250,10,Hóa mỹ phẩm & Tẩy rửa,249
SP004208,Dầu gội Pantene suôn mượt 650ml (Lô 67),Chai,162750,10,Hóa mỹ phẩm & Tẩy rửa,256
SP004209,Sữa tắm Lifebuoy bảo vệ vượt trội 800g (Lô 67),Chai,156450,10,Hóa mỹ phẩm & Tẩy rửa,263
SP004210,Kem đánh răng Colgate Total 12 180g (Lô 67),Tuýp,44100,10,Hóa mỹ phẩm & Tẩy rửa,270
SP004211,Bàn chải đánh răng P/S than tre (Lô 67),Cái,18900,10,Hóa mỹ phẩm & Tẩy rửa,277
SP004212,Nước lau sàn Sunlight hoa lily túi 3.6kg (Lô 67),Túi,89250,10,Hóa mỹ phẩm & Tẩy rửa,284
SP004213,Xịt muỗi Raid hương cam chanh 600ml (Lô 67),Chai,71400,10,Hóa mỹ phẩm & Tẩy rửa,291
SP004214,Giấy vệ sinh cuộn cao cấp Pulppy lốc 10 cuộn (Lô 67),Lốc,96600,8,Đồ gia dụng & Tiện ích,298
SP004215,Khăn giấy lụa rút Paseo 200 tờ (Lô 67),Hộp,26250,8,Đồ gia dụng & Tiện ích,305
SP004216,Màng bọc thực phẩm PE Sunhouse 30cmx150m (Lô 67),Hộp,78750,8,Đồ gia dụng & Tiện ích,312
SP004217,Túi rác đen tự hủy sinh học Opec 3 cuộn (Lô 67),Gói,39900,8,Đồ gia dụng & Tiện ích,319
SP004218,Băng dính dán thùng trong suốt 5cm x 100y (Lô 67),Cuộn,16800,8,Đồ gia dụng & Tiện ích,326
SP004219,Pin tiểu AA Panasonic vỉ 4 viên (Lô 67),Vỉ,27300,8,Đồ gia dụng & Tiện ích,333
SP004220,Khẩu trang y tế 4 lớp kháng khuẩn hộp 50 cái (Lô 67),Hộp,36750,8,Đồ gia dụng & Tiện ích,340
SP004221,Nước rửa tay Lifebuoy hương chanh chai 450ml (Lô 67),Chai,54600,8,Đồ gia dụng & Tiện ích,347
SP004222,Coca Cola Sleek 320ml (Lô 68),Lon,12100,8,Đồ uống & Giải khát,354
SP004223,Pepsi Sleek 320ml (Lô 68),Lon,11550,8,Đồ uống & Giải khát,361
SP004224,Nước cam ép Twister 450ml (Lô 68),Chai,13200,8,Đồ uống & Giải khát,368
SP004225,Trà xanh Không Độ 455ml (Lô 68),Chai,11000,8,Đồ uống & Giải khát,375
SP004226,Trà Ô Long Tea+ Plus 455ml (Lô 68),Chai,13200,8,Đồ uống & Giải khát,382
SP004227,Nước tăng lực Red Bull 250ml (Lô 68),Lon,15400,8,Đồ uống & Giải khát,389
SP004228,Nước khoáng Lavie 500ml (Lô 68),Chai,6600,8,Đồ uống & Giải khát,396
SP004229,Nước tinh khiết Aquafina 500ml (Lô 68),Chai,6600,8,Đồ uống & Giải khát,403
SP004230,Cà phê sữa đá Highlands 235ml (Lô 68),Lon,17600,8,Đồ uống & Giải khát,410
SP004231,Bia Heineken Sleek 330ml (Lô 68),Lon,24200,10,Đồ uống & Giải khát,417
SP004232,Bia Tiger Crystal 330ml (Lô 68),Lon,21450,10,Đồ uống & Giải khát,424
SP004233,Bia Sài Gòn Special 330ml (Lô 68),Lon,18150,10,Đồ uống & Giải khát,431
SP004234,Sữa tươi tiệt trùng Vinamilk 180ml (Lô 68),Hộp,9350,0,Đồ uống & Giải khát,438
SP004235,Sữa chua uống Susu 110ml (Lô 68),Chai,7150,0,Đồ uống & Giải khát,445
SP004236,Nước ép bưởi hồng Vfresh 1L (Lô 68),Hộp,42900,8,Đồ uống & Giải khát,452
SP004237,Bánh ChocoPie Orion hộp 12 cái (Lô 68),Hộp,63800,8,Bánh kẹo & Ăn vặt,459
SP004238,Bánh Cosy mè giòn rụm Kinh Đô 288g (Lô 68),Gói,31900,8,Bánh kẹo & Ăn vặt,466
SP004239,Snack khoai tây Ostar vị tảo biển 90g (Lô 68),Gói,20900,8,Bánh kẹo & Ăn vặt,473
SP004240,Snack khoai tây Lay's tự nhiên 95g (Lô 68),Gói,23100,8,Bánh kẹo & Ăn vặt,480
SP004241,Bánh que Pocky socola Glico 40g (Lô 68),Hộp,15400,8,Bánh kẹo & Ăn vặt,487
SP004242,Kẹo dẻo Chupa Chups Sour Tubes 160g (Lô 68),Gói,26400,8,Bánh kẹo & Ăn vặt,494
SP004243,Bánh mì tươi nhân bơ sữa Kinh Đô 80g (Lô 68),Cái,9900,8,Bánh kẹo & Ăn vặt,51
SP004244,Bánh xốp Nabati phô mai 130g (Lô 68),Hộp,13200,8,Bánh kẹo & Ăn vặt,58
SP004245,Hạt điều rang muối vỏ lụa Bình Phước 500g (Lô 68),Hộp,148500,8,Bánh kẹo & Ăn vặt,65
SP004246,Hạt hướng dương Chacheer 130g (Lô 68),Gói,16500,8,Bánh kẹo & Ăn vặt,72
SP004247,Rong biển sấy vị truyền thống TaoKaeNoi 32g (Lô 68),Gói,28600,8,Bánh kẹo & Ăn vặt,79
SP004248,Nước mắm Nam Ngư Đệ Nhị chai 900ml (Lô 68),Chai,30800,8,Gia vị & Đồ nấu nướng,86
SP004249,Nước mắm Chinsu Cá Hồi chai 500ml (Lô 68),Chai,51700,8,Gia vị & Đồ nấu nướng,93
SP004250,Dầu ăn Simply đậu nành can 1L (Lô 68),Chai,64900,8,Gia vị & Đồ nấu nướng,100
SP004251,Dầu ăn Neptune Gold can 2L (Lô 68),Chai,148500,8,Gia vị & Đồ nấu nướng,107
SP004252,Hạt nêm Knorr thịt thăn xương ống 400g (Lô 68),Gói,40700,8,Gia vị & Đồ nấu nướng,114
SP004253,Bột ngọt Ajinomoto gói 454g (Lô 68),Gói,37400,8,Gia vị & Đồ nấu nướng,121
SP004254,Tương ớt Chinsu nắp bật 250g (Lô 68),Chai,16500,8,Gia vị & Đồ nấu nướng,128
SP004255,Tương cà Cholimex chai 330g (Lô 68),Chai,17600,8,Gia vị & Đồ nấu nướng,135
SP004256,Muối I-ốt Bạc Liêu túi 500g (Lô 68),Gói,6600,8,Gia vị & Đồ nấu nướng,142
SP004257,Đường tinh luyện Biên Hòa Daily 1kg (Lô 68),Gói,34100,8,Gia vị & Đồ nấu nướng,149
SP004258,Mì tôm Hảo Hảo tôm chua cay 75g (Lô 68),Gói,4950,8,Mì gói & Thực phẩm khô,156
SP004259,Mì Omachi sườn hầm ngũ quả 80g (Lô 68),Gói,9350,8,Mì gói & Thực phẩm khô,163
SP004260,Mì trộn Indomie Mi Goreng 85g (Lô 68),Gói,7150,8,Mì gói & Thực phẩm khô,170
SP004261,Phở gà Đệ Nhất Acecook 68g (Lô 68),Gói,8800,8,Mì gói & Thực phẩm khô,177
SP004262,Miến Phú Hương yến tiệc 210g (Lô 68),Gói,24200,8,Mì gói & Thực phẩm khô,184
SP004263,Cháo thịt bằm Cung Đình gói 50g (Lô 68),Gói,7700,8,Mì gói & Thực phẩm khô,191
SP004264,Cá nục sốt cà 3 Cô Gái lon 155g (Lô 68),Lon,20900,8,Mì gói & Thực phẩm khô,198
SP004265,Pate thịt heo Hạ Long lon 150g (Lô 68),Lon,29700,8,Mì gói & Thực phẩm khô,205
SP004266,Mì ly Modern lẩu thái tôm 65g (Lô 68),Ly,10450,8,Mì gói & Thực phẩm khô,212
SP004267,Nước rửa chén Sunlight chanh can 3.6kg (Lô 68),Can,119900,10,Hóa mỹ phẩm & Tẩy rửa,219
SP004268,Nước giặt OMO Matic cửa trên túi 3.6kg (Lô 68),Túi,192500,10,Hóa mỹ phẩm & Tẩy rửa,226
SP004269,Nước xả vải Comfort đậm đặc túi 3.2L (Lô 68),Túi,207900,10,Hóa mỹ phẩm & Tẩy rửa,233
SP004270,Dầu gội Clear thảo dược mát lạnh 630g (Lô 68),Chai,181500,10,Hóa mỹ phẩm & Tẩy rửa,240
SP004271,Dầu gội Pantene suôn mượt 650ml (Lô 68),Chai,170500,10,Hóa mỹ phẩm & Tẩy rửa,247
SP004272,Sữa tắm Lifebuoy bảo vệ vượt trội 800g (Lô 68),Chai,163900,10,Hóa mỹ phẩm & Tẩy rửa,254
SP004273,Kem đánh răng Colgate Total 12 180g (Lô 68),Tuýp,46200,10,Hóa mỹ phẩm & Tẩy rửa,261
SP004274,Bàn chải đánh răng P/S than tre (Lô 68),Cái,19800,10,Hóa mỹ phẩm & Tẩy rửa,268
SP004275,Nước lau sàn Sunlight hoa lily túi 3.6kg (Lô 68),Túi,93500,10,Hóa mỹ phẩm & Tẩy rửa,275
SP004276,Xịt muỗi Raid hương cam chanh 600ml (Lô 68),Chai,74800,10,Hóa mỹ phẩm & Tẩy rửa,282
SP004277,Giấy vệ sinh cuộn cao cấp Pulppy lốc 10 cuộn (Lô 68),Lốc,101200,8,Đồ gia dụng & Tiện ích,289
SP004278,Khăn giấy lụa rút Paseo 200 tờ (Lô 68),Hộp,27500,8,Đồ gia dụng & Tiện ích,296
SP004279,Màng bọc thực phẩm PE Sunhouse 30cmx150m (Lô 68),Hộp,82500,8,Đồ gia dụng & Tiện ích,303
SP004280,Túi rác đen tự hủy sinh học Opec 3 cuộn (Lô 68),Gói,41800,8,Đồ gia dụng & Tiện ích,310
SP004281,Băng dính dán thùng trong suốt 5cm x 100y (Lô 68),Cuộn,17600,8,Đồ gia dụng & Tiện ích,317
SP004282,Pin tiểu AA Panasonic vỉ 4 viên (Lô 68),Vỉ,28600,8,Đồ gia dụng & Tiện ích,324
SP004283,Khẩu trang y tế 4 lớp kháng khuẩn hộp 50 cái (Lô 68),Hộp,38500,8,Đồ gia dụng & Tiện ích,331
SP004284,Nước rửa tay Lifebuoy hương chanh chai 450ml (Lô 68),Chai,57200,8,Đồ gia dụng & Tiện ích,338
SP004285,Coca Cola Sleek 320ml (Lô 69),Lon,12649,8,Đồ uống & Giải khát,345
SP004286,Pepsi Sleek 320ml (Lô 69),Lon,12074,8,Đồ uống & Giải khát,352
SP004287,Nước cam ép Twister 450ml (Lô 69),Chai,13799,8,Đồ uống & Giải khát,359
SP004288,Trà xanh Không Độ 455ml (Lô 69),Chai,11500,8,Đồ uống & Giải khát,366
SP004289,Trà Ô Long Tea+ Plus 455ml (Lô 69),Chai,13799,8,Đồ uống & Giải khát,373
SP004290,Nước tăng lực Red Bull 250ml (Lô 69),Lon,16099,8,Đồ uống & Giải khát,380
SP004291,Nước khoáng Lavie 500ml (Lô 69),Chai,6899,8,Đồ uống & Giải khát,387
SP004292,Nước tinh khiết Aquafina 500ml (Lô 69),Chai,6899,8,Đồ uống & Giải khát,394
SP004293,Cà phê sữa đá Highlands 235ml (Lô 69),Lon,18400,8,Đồ uống & Giải khát,401
SP004294,Bia Heineken Sleek 330ml (Lô 69),Lon,25299,10,Đồ uống & Giải khát,408
SP004295,Bia Tiger Crystal 330ml (Lô 69),Lon,22425,10,Đồ uống & Giải khát,415
SP004296,Bia Sài Gòn Special 330ml (Lô 69),Lon,18975,10,Đồ uống & Giải khát,422
SP004297,Sữa tươi tiệt trùng Vinamilk 180ml (Lô 69),Hộp,9775,0,Đồ uống & Giải khát,429
SP004298,Sữa chua uống Susu 110ml (Lô 69),Chai,7474,0,Đồ uống & Giải khát,436
SP004299,Nước ép bưởi hồng Vfresh 1L (Lô 69),Hộp,44850,8,Đồ uống & Giải khát,443
SP004300,Bánh ChocoPie Orion hộp 12 cái (Lô 69),Hộp,66700,8,Bánh kẹo & Ăn vặt,450
SP004301,Bánh Cosy mè giòn rụm Kinh Đô 288g (Lô 69),Gói,33350,8,Bánh kẹo & Ăn vặt,457
SP004302,Snack khoai tây Ostar vị tảo biển 90g (Lô 69),Gói,21850,8,Bánh kẹo & Ăn vặt,464
SP004303,Snack khoai tây Lay's tự nhiên 95g (Lô 69),Gói,24149,8,Bánh kẹo & Ăn vặt,471
SP004304,Bánh que Pocky socola Glico 40g (Lô 69),Hộp,16099,8,Bánh kẹo & Ăn vặt,478
SP004305,Kẹo dẻo Chupa Chups Sour Tubes 160g (Lô 69),Gói,27599,8,Bánh kẹo & Ăn vặt,485
SP004306,Bánh mì tươi nhân bơ sữa Kinh Đô 80g (Lô 69),Cái,10350,8,Bánh kẹo & Ăn vặt,492
SP004307,Bánh xốp Nabati phô mai 130g (Lô 69),Hộp,13799,8,Bánh kẹo & Ăn vặt,499
SP004308,Hạt điều rang muối vỏ lụa Bình Phước 500g (Lô 69),Hộp,155250,8,Bánh kẹo & Ăn vặt,56
SP004309,Hạt hướng dương Chacheer 130g (Lô 69),Gói,17250,8,Bánh kẹo & Ăn vặt,63
SP004310,Rong biển sấy vị truyền thống TaoKaeNoi 32g (Lô 69),Gói,29899,8,Bánh kẹo & Ăn vặt,70
SP004311,Nước mắm Nam Ngư Đệ Nhị chai 900ml (Lô 69),Chai,32199,8,Gia vị & Đồ nấu nướng,77
SP004312,Nước mắm Chinsu Cá Hồi chai 500ml (Lô 69),Chai,54049,8,Gia vị & Đồ nấu nướng,84
SP004313,Dầu ăn Simply đậu nành can 1L (Lô 69),Chai,67850,8,Gia vị & Đồ nấu nướng,91
SP004314,Dầu ăn Neptune Gold can 2L (Lô 69),Chai,155250,8,Gia vị & Đồ nấu nướng,98
SP004315,Hạt nêm Knorr thịt thăn xương ống 400g (Lô 69),Gói,42550,8,Gia vị & Đồ nấu nướng,105
SP004316,Bột ngọt Ajinomoto gói 454g (Lô 69),Gói,39100,8,Gia vị & Đồ nấu nướng,112
SP004317,Tương ớt Chinsu nắp bật 250g (Lô 69),Chai,17250,8,Gia vị & Đồ nấu nướng,119
SP004318,Tương cà Cholimex chai 330g (Lô 69),Chai,18400,8,Gia vị & Đồ nấu nướng,126
SP004319,Muối I-ốt Bạc Liêu túi 500g (Lô 69),Gói,6899,8,Gia vị & Đồ nấu nướng,133
SP004320,Đường tinh luyện Biên Hòa Daily 1kg (Lô 69),Gói,35650,8,Gia vị & Đồ nấu nướng,140
SP004321,Mì tôm Hảo Hảo tôm chua cay 75g (Lô 69),Gói,5175,8,Mì gói & Thực phẩm khô,147
SP004322,Mì Omachi sườn hầm ngũ quả 80g (Lô 69),Gói,9775,8,Mì gói & Thực phẩm khô,154
SP004323,Mì trộn Indomie Mi Goreng 85g (Lô 69),Gói,7474,8,Mì gói & Thực phẩm khô,161
SP004324,Phở gà Đệ Nhất Acecook 68g (Lô 69),Gói,9200,8,Mì gói & Thực phẩm khô,168
SP004325,Miến Phú Hương yến tiệc 210g (Lô 69),Gói,25299,8,Mì gói & Thực phẩm khô,175
SP004326,Cháo thịt bằm Cung Đình gói 50g (Lô 69),Gói,8049,8,Mì gói & Thực phẩm khô,182
SP004327,Cá nục sốt cà 3 Cô Gái lon 155g (Lô 69),Lon,21850,8,Mì gói & Thực phẩm khô,189
SP004328,Pate thịt heo Hạ Long lon 150g (Lô 69),Lon,31049,8,Mì gói & Thực phẩm khô,196
SP004329,Mì ly Modern lẩu thái tôm 65g (Lô 69),Ly,10925,8,Mì gói & Thực phẩm khô,203
SP004330,Nước rửa chén Sunlight chanh can 3.6kg (Lô 69),Can,125349,10,Hóa mỹ phẩm & Tẩy rửa,210
SP004331,Nước giặt OMO Matic cửa trên túi 3.6kg (Lô 69),Túi,201249,10,Hóa mỹ phẩm & Tẩy rửa,217
SP004332,Nước xả vải Comfort đậm đặc túi 3.2L (Lô 69),Túi,217349,10,Hóa mỹ phẩm & Tẩy rửa,224
SP004333,Dầu gội Clear thảo dược mát lạnh 630g (Lô 69),Chai,189749,10,Hóa mỹ phẩm & Tẩy rửa,231
SP004334,Dầu gội Pantene suôn mượt 650ml (Lô 69),Chai,178250,10,Hóa mỹ phẩm & Tẩy rửa,238
SP004335,Sữa tắm Lifebuoy bảo vệ vượt trội 800g (Lô 69),Chai,171350,10,Hóa mỹ phẩm & Tẩy rửa,245
SP004336,Kem đánh răng Colgate Total 12 180g (Lô 69),Tuýp,48299,10,Hóa mỹ phẩm & Tẩy rửa,252
SP004337,Bàn chải đánh răng P/S than tre (Lô 69),Cái,20700,10,Hóa mỹ phẩm & Tẩy rửa,259
SP004338,Nước lau sàn Sunlight hoa lily túi 3.6kg (Lô 69),Túi,97749,10,Hóa mỹ phẩm & Tẩy rửa,266
SP004339,Xịt muỗi Raid hương cam chanh 600ml (Lô 69),Chai,78200,10,Hóa mỹ phẩm & Tẩy rửa,273
SP004340,Giấy vệ sinh cuộn cao cấp Pulppy lốc 10 cuộn (Lô 69),Lốc,105799,8,Đồ gia dụng & Tiện ích,280
SP004341,Khăn giấy lụa rút Paseo 200 tờ (Lô 69),Hộp,28749,8,Đồ gia dụng & Tiện ích,287
SP004342,Màng bọc thực phẩm PE Sunhouse 30cmx150m (Lô 69),Hộp,86250,8,Đồ gia dụng & Tiện ích,294
SP004343,Túi rác đen tự hủy sinh học Opec 3 cuộn (Lô 69),Gói,43700,8,Đồ gia dụng & Tiện ích,301
SP004344,Băng dính dán thùng trong suốt 5cm x 100y (Lô 69),Cuộn,18400,8,Đồ gia dụng & Tiện ích,308
SP004345,Pin tiểu AA Panasonic vỉ 4 viên (Lô 69),Vỉ,29899,8,Đồ gia dụng & Tiện ích,315
SP004346,Khẩu trang y tế 4 lớp kháng khuẩn hộp 50 cái (Lô 69),Hộp,40250,8,Đồ gia dụng & Tiện ích,322
SP004347,Nước rửa tay Lifebuoy hương chanh chai 450ml (Lô 69),Chai,59799,8,Đồ gia dụng & Tiện ích,329
SP004348,Coca Cola Sleek 320ml (Lô 70),Lon,13200,8,Đồ uống & Giải khát,336
SP004349,Pepsi Sleek 320ml (Lô 70),Lon,12600,8,Đồ uống & Giải khát,343
SP004350,Nước cam ép Twister 450ml (Lô 70),Chai,14400,8,Đồ uống & Giải khát,350
SP004351,Trà xanh Không Độ 455ml (Lô 70),Chai,12000,8,Đồ uống & Giải khát,357
SP004352,Trà Ô Long Tea+ Plus 455ml (Lô 70),Chai,14400,8,Đồ uống & Giải khát,364
SP004353,Nước tăng lực Red Bull 250ml (Lô 70),Lon,16800,8,Đồ uống & Giải khát,371
SP004354,Nước khoáng Lavie 500ml (Lô 70),Chai,7200,8,Đồ uống & Giải khát,378
SP004355,Nước tinh khiết Aquafina 500ml (Lô 70),Chai,7200,8,Đồ uống & Giải khát,385
SP004356,Cà phê sữa đá Highlands 235ml (Lô 70),Lon,19200,8,Đồ uống & Giải khát,392
SP004357,Bia Heineken Sleek 330ml (Lô 70),Lon,26400,10,Đồ uống & Giải khát,399
SP004358,Bia Tiger Crystal 330ml (Lô 70),Lon,23400,10,Đồ uống & Giải khát,406
SP004359,Bia Sài Gòn Special 330ml (Lô 70),Lon,19800,10,Đồ uống & Giải khát,413
SP004360,Sữa tươi tiệt trùng Vinamilk 180ml (Lô 70),Hộp,10200,0,Đồ uống & Giải khát,420
SP004361,Sữa chua uống Susu 110ml (Lô 70),Chai,7800,0,Đồ uống & Giải khát,427
SP004362,Nước ép bưởi hồng Vfresh 1L (Lô 70),Hộp,46800,8,Đồ uống & Giải khát,434
SP004363,Bánh ChocoPie Orion hộp 12 cái (Lô 70),Hộp,69600,8,Bánh kẹo & Ăn vặt,441
SP004364,Bánh Cosy mè giòn rụm Kinh Đô 288g (Lô 70),Gói,34800,8,Bánh kẹo & Ăn vặt,448
SP004365,Snack khoai tây Ostar vị tảo biển 90g (Lô 70),Gói,22800,8,Bánh kẹo & Ăn vặt,455
SP004366,Snack khoai tây Lay's tự nhiên 95g (Lô 70),Gói,25200,8,Bánh kẹo & Ăn vặt,462
SP004367,Bánh que Pocky socola Glico 40g (Lô 70),Hộp,16800,8,Bánh kẹo & Ăn vặt,469
SP004368,Kẹo dẻo Chupa Chups Sour Tubes 160g (Lô 70),Gói,28800,8,Bánh kẹo & Ăn vặt,476
SP004369,Bánh mì tươi nhân bơ sữa Kinh Đô 80g (Lô 70),Cái,10800,8,Bánh kẹo & Ăn vặt,483
SP004370,Bánh xốp Nabati phô mai 130g (Lô 70),Hộp,14400,8,Bánh kẹo & Ăn vặt,490
SP004371,Hạt điều rang muối vỏ lụa Bình Phước 500g (Lô 70),Hộp,162000,8,Bánh kẹo & Ăn vặt,497
SP004372,Hạt hướng dương Chacheer 130g (Lô 70),Gói,18000,8,Bánh kẹo & Ăn vặt,54
SP004373,Rong biển sấy vị truyền thống TaoKaeNoi 32g (Lô 70),Gói,31200,8,Bánh kẹo & Ăn vặt,61
SP004374,Nước mắm Nam Ngư Đệ Nhị chai 900ml (Lô 70),Chai,33600,8,Gia vị & Đồ nấu nướng,68
SP004375,Nước mắm Chinsu Cá Hồi chai 500ml (Lô 70),Chai,56400,8,Gia vị & Đồ nấu nướng,75
SP004376,Dầu ăn Simply đậu nành can 1L (Lô 70),Chai,70800,8,Gia vị & Đồ nấu nướng,82
SP004377,Dầu ăn Neptune Gold can 2L (Lô 70),Chai,162000,8,Gia vị & Đồ nấu nướng,89
SP004378,Hạt nêm Knorr thịt thăn xương ống 400g (Lô 70),Gói,44400,8,Gia vị & Đồ nấu nướng,96
SP004379,Bột ngọt Ajinomoto gói 454g (Lô 70),Gói,40800,8,Gia vị & Đồ nấu nướng,103
SP004380,Tương ớt Chinsu nắp bật 250g (Lô 70),Chai,18000,8,Gia vị & Đồ nấu nướng,110
SP004381,Tương cà Cholimex chai 330g (Lô 70),Chai,19200,8,Gia vị & Đồ nấu nướng,117
SP004382,Muối I-ốt Bạc Liêu túi 500g (Lô 70),Gói,7200,8,Gia vị & Đồ nấu nướng,124
SP004383,Đường tinh luyện Biên Hòa Daily 1kg (Lô 70),Gói,37200,8,Gia vị & Đồ nấu nướng,131
SP004384,Mì tôm Hảo Hảo tôm chua cay 75g (Lô 70),Gói,5400,8,Mì gói & Thực phẩm khô,138
SP004385,Mì Omachi sườn hầm ngũ quả 80g (Lô 70),Gói,10200,8,Mì gói & Thực phẩm khô,145
SP004386,Mì trộn Indomie Mi Goreng 85g (Lô 70),Gói,7800,8,Mì gói & Thực phẩm khô,152
SP004387,Phở gà Đệ Nhất Acecook 68g (Lô 70),Gói,9600,8,Mì gói & Thực phẩm khô,159
SP004388,Miến Phú Hương yến tiệc 210g (Lô 70),Gói,26400,8,Mì gói & Thực phẩm khô,166
SP004389,Cháo thịt bằm Cung Đình gói 50g (Lô 70),Gói,8400,8,Mì gói & Thực phẩm khô,173
SP004390,Cá nục sốt cà 3 Cô Gái lon 155g (Lô 70),Lon,22800,8,Mì gói & Thực phẩm khô,180
SP004391,Pate thịt heo Hạ Long lon 150g (Lô 70),Lon,32400,8,Mì gói & Thực phẩm khô,187
SP004392,Mì ly Modern lẩu thái tôm 65g (Lô 70),Ly,11400,8,Mì gói & Thực phẩm khô,194
SP004393,Nước rửa chén Sunlight chanh can 3.6kg (Lô 70),Can,130800,10,Hóa mỹ phẩm & Tẩy rửa,201
SP004394,Nước giặt OMO Matic cửa trên túi 3.6kg (Lô 70),Túi,210000,10,Hóa mỹ phẩm & Tẩy rửa,208
SP004395,Nước xả vải Comfort đậm đặc túi 3.2L (Lô 70),Túi,226800,10,Hóa mỹ phẩm & Tẩy rửa,215
SP004396,Dầu gội Clear thảo dược mát lạnh 630g (Lô 70),Chai,198000,10,Hóa mỹ phẩm & Tẩy rửa,222
SP004397,Dầu gội Pantene suôn mượt 650ml (Lô 70),Chai,186000,10,Hóa mỹ phẩm & Tẩy rửa,229
SP004398,Sữa tắm Lifebuoy bảo vệ vượt trội 800g (Lô 70),Chai,178800,10,Hóa mỹ phẩm & Tẩy rửa,236
SP004399,Kem đánh răng Colgate Total 12 180g (Lô 70),Tuýp,50400,10,Hóa mỹ phẩm & Tẩy rửa,243
SP004400,Bàn chải đánh răng P/S than tre (Lô 70),Cái,21600,10,Hóa mỹ phẩm & Tẩy rửa,250
SP004401,Nước lau sàn Sunlight hoa lily túi 3.6kg (Lô 70),Túi,102000,10,Hóa mỹ phẩm & Tẩy rửa,257
SP004402,Xịt muỗi Raid hương cam chanh 600ml (Lô 70),Chai,81600,10,Hóa mỹ phẩm & Tẩy rửa,264
SP004403,Giấy vệ sinh cuộn cao cấp Pulppy lốc 10 cuộn (Lô 70),Lốc,110400,8,Đồ gia dụng & Tiện ích,271
SP004404,Khăn giấy lụa rút Paseo 200 tờ (Lô 70),Hộp,30000,8,Đồ gia dụng & Tiện ích,278
SP004405,Màng bọc thực phẩm PE Sunhouse 30cmx150m (Lô 70),Hộp,90000,8,Đồ gia dụng & Tiện ích,285
SP004406,Túi rác đen tự hủy sinh học Opec 3 cuộn (Lô 70),Gói,45600,8,Đồ gia dụng & Tiện ích,292
SP004407,Băng dính dán thùng trong suốt 5cm x 100y (Lô 70),Cuộn,19200,8,Đồ gia dụng & Tiện ích,299
SP004408,Pin tiểu AA Panasonic vỉ 4 viên (Lô 70),Vỉ,31200,8,Đồ gia dụng & Tiện ích,306
SP004409,Khẩu trang y tế 4 lớp kháng khuẩn hộp 50 cái (Lô 70),Hộp,42000,8,Đồ gia dụng & Tiện ích,313
SP004410,Nước rửa tay Lifebuoy hương chanh chai 450ml (Lô 70),Chai,62400,8,Đồ gia dụng & Tiện ích,320
SP004411,Coca Cola Sleek 320ml (Lô 71),Lon,11000,8,Đồ uống & Giải khát,327
SP004412,Pepsi Sleek 320ml (Lô 71),Lon,10500,8,Đồ uống & Giải khát,334
SP004413,Nước cam ép Twister 450ml (Lô 71),Chai,12000,8,Đồ uống & Giải khát,341
SP004414,Trà xanh Không Độ 455ml (Lô 71),Chai,10000,8,Đồ uống & Giải khát,348
SP004415,Trà Ô Long Tea+ Plus 455ml (Lô 71),Chai,12000,8,Đồ uống & Giải khát,355
SP004416,Nước tăng lực Red Bull 250ml (Lô 71),Lon,14000,8,Đồ uống & Giải khát,362
SP004417,Nước khoáng Lavie 500ml (Lô 71),Chai,6000,8,Đồ uống & Giải khát,369
SP004418,Nước tinh khiết Aquafina 500ml (Lô 71),Chai,6000,8,Đồ uống & Giải khát,376
SP004419,Cà phê sữa đá Highlands 235ml (Lô 71),Lon,16000,8,Đồ uống & Giải khát,383
SP004420,Bia Heineken Sleek 330ml (Lô 71),Lon,22000,10,Đồ uống & Giải khát,390
SP004421,Bia Tiger Crystal 330ml (Lô 71),Lon,19500,10,Đồ uống & Giải khát,397
SP004422,Bia Sài Gòn Special 330ml (Lô 71),Lon,16500,10,Đồ uống & Giải khát,404
SP004423,Sữa tươi tiệt trùng Vinamilk 180ml (Lô 71),Hộp,8500,0,Đồ uống & Giải khát,411
SP004424,Sữa chua uống Susu 110ml (Lô 71),Chai,6500,0,Đồ uống & Giải khát,418
SP004425,Nước ép bưởi hồng Vfresh 1L (Lô 71),Hộp,39000,8,Đồ uống & Giải khát,425
SP004426,Bánh ChocoPie Orion hộp 12 cái (Lô 71),Hộp,58000,8,Bánh kẹo & Ăn vặt,432
SP004427,Bánh Cosy mè giòn rụm Kinh Đô 288g (Lô 71),Gói,29000,8,Bánh kẹo & Ăn vặt,439
SP004428,Snack khoai tây Ostar vị tảo biển 90g (Lô 71),Gói,19000,8,Bánh kẹo & Ăn vặt,446
SP004429,Snack khoai tây Lay's tự nhiên 95g (Lô 71),Gói,21000,8,Bánh kẹo & Ăn vặt,453
SP004430,Bánh que Pocky socola Glico 40g (Lô 71),Hộp,14000,8,Bánh kẹo & Ăn vặt,460
SP004431,Kẹo dẻo Chupa Chups Sour Tubes 160g (Lô 71),Gói,24000,8,Bánh kẹo & Ăn vặt,467
SP004432,Bánh mì tươi nhân bơ sữa Kinh Đô 80g (Lô 71),Cái,9000,8,Bánh kẹo & Ăn vặt,474
SP004433,Bánh xốp Nabati phô mai 130g (Lô 71),Hộp,12000,8,Bánh kẹo & Ăn vặt,481
SP004434,Hạt điều rang muối vỏ lụa Bình Phước 500g (Lô 71),Hộp,135000,8,Bánh kẹo & Ăn vặt,488
SP004435,Hạt hướng dương Chacheer 130g (Lô 71),Gói,15000,8,Bánh kẹo & Ăn vặt,495
SP004436,Rong biển sấy vị truyền thống TaoKaeNoi 32g (Lô 71),Gói,26000,8,Bánh kẹo & Ăn vặt,52
SP004437,Nước mắm Nam Ngư Đệ Nhị chai 900ml (Lô 71),Chai,28000,8,Gia vị & Đồ nấu nướng,59
SP004438,Nước mắm Chinsu Cá Hồi chai 500ml (Lô 71),Chai,47000,8,Gia vị & Đồ nấu nướng,66
SP004439,Dầu ăn Simply đậu nành can 1L (Lô 71),Chai,59000,8,Gia vị & Đồ nấu nướng,73
SP004440,Dầu ăn Neptune Gold can 2L (Lô 71),Chai,135000,8,Gia vị & Đồ nấu nướng,80
SP004441,Hạt nêm Knorr thịt thăn xương ống 400g (Lô 71),Gói,37000,8,Gia vị & Đồ nấu nướng,87
SP004442,Bột ngọt Ajinomoto gói 454g (Lô 71),Gói,34000,8,Gia vị & Đồ nấu nướng,94
SP004443,Tương ớt Chinsu nắp bật 250g (Lô 71),Chai,15000,8,Gia vị & Đồ nấu nướng,101
SP004444,Tương cà Cholimex chai 330g (Lô 71),Chai,16000,8,Gia vị & Đồ nấu nướng,108
SP004445,Muối I-ốt Bạc Liêu túi 500g (Lô 71),Gói,6000,8,Gia vị & Đồ nấu nướng,115
SP004446,Đường tinh luyện Biên Hòa Daily 1kg (Lô 71),Gói,31000,8,Gia vị & Đồ nấu nướng,122
SP004447,Mì tôm Hảo Hảo tôm chua cay 75g (Lô 71),Gói,4500,8,Mì gói & Thực phẩm khô,129
SP004448,Mì Omachi sườn hầm ngũ quả 80g (Lô 71),Gói,8500,8,Mì gói & Thực phẩm khô,136
SP004449,Mì trộn Indomie Mi Goreng 85g (Lô 71),Gói,6500,8,Mì gói & Thực phẩm khô,143
SP004450,Phở gà Đệ Nhất Acecook 68g (Lô 71),Gói,8000,8,Mì gói & Thực phẩm khô,150
SP004451,Miến Phú Hương yến tiệc 210g (Lô 71),Gói,22000,8,Mì gói & Thực phẩm khô,157
SP004452,Cháo thịt bằm Cung Đình gói 50g (Lô 71),Gói,7000,8,Mì gói & Thực phẩm khô,164
SP004453,Cá nục sốt cà 3 Cô Gái lon 155g (Lô 71),Lon,19000,8,Mì gói & Thực phẩm khô,171
SP004454,Pate thịt heo Hạ Long lon 150g (Lô 71),Lon,27000,8,Mì gói & Thực phẩm khô,178
SP004455,Mì ly Modern lẩu thái tôm 65g (Lô 71),Ly,9500,8,Mì gói & Thực phẩm khô,185
SP004456,Nước rửa chén Sunlight chanh can 3.6kg (Lô 71),Can,109000,10,Hóa mỹ phẩm & Tẩy rửa,192
SP004457,Nước giặt OMO Matic cửa trên túi 3.6kg (Lô 71),Túi,175000,10,Hóa mỹ phẩm & Tẩy rửa,199
SP004458,Nước xả vải Comfort đậm đặc túi 3.2L (Lô 71),Túi,189000,10,Hóa mỹ phẩm & Tẩy rửa,206
SP004459,Dầu gội Clear thảo dược mát lạnh 630g (Lô 71),Chai,165000,10,Hóa mỹ phẩm & Tẩy rửa,213
SP004460,Dầu gội Pantene suôn mượt 650ml (Lô 71),Chai,155000,10,Hóa mỹ phẩm & Tẩy rửa,220
SP004461,Sữa tắm Lifebuoy bảo vệ vượt trội 800g (Lô 71),Chai,149000,10,Hóa mỹ phẩm & Tẩy rửa,227
SP004462,Kem đánh răng Colgate Total 12 180g (Lô 71),Tuýp,42000,10,Hóa mỹ phẩm & Tẩy rửa,234
SP004463,Bàn chải đánh răng P/S than tre (Lô 71),Cái,18000,10,Hóa mỹ phẩm & Tẩy rửa,241
SP004464,Nước lau sàn Sunlight hoa lily túi 3.6kg (Lô 71),Túi,85000,10,Hóa mỹ phẩm & Tẩy rửa,248
SP004465,Xịt muỗi Raid hương cam chanh 600ml (Lô 71),Chai,68000,10,Hóa mỹ phẩm & Tẩy rửa,255
SP004466,Giấy vệ sinh cuộn cao cấp Pulppy lốc 10 cuộn (Lô 71),Lốc,92000,8,Đồ gia dụng & Tiện ích,262
SP004467,Khăn giấy lụa rút Paseo 200 tờ (Lô 71),Hộp,25000,8,Đồ gia dụng & Tiện ích,269
SP004468,Màng bọc thực phẩm PE Sunhouse 30cmx150m (Lô 71),Hộp,75000,8,Đồ gia dụng & Tiện ích,276
SP004469,Túi rác đen tự hủy sinh học Opec 3 cuộn (Lô 71),Gói,38000,8,Đồ gia dụng & Tiện ích,283
SP004470,Băng dính dán thùng trong suốt 5cm x 100y (Lô 71),Cuộn,16000,8,Đồ gia dụng & Tiện ích,290
SP004471,Pin tiểu AA Panasonic vỉ 4 viên (Lô 71),Vỉ,26000,8,Đồ gia dụng & Tiện ích,297
SP004472,Khẩu trang y tế 4 lớp kháng khuẩn hộp 50 cái (Lô 71),Hộp,35000,8,Đồ gia dụng & Tiện ích,304
SP004473,Nước rửa tay Lifebuoy hương chanh chai 450ml (Lô 71),Chai,52000,8,Đồ gia dụng & Tiện ích,311
SP004474,Coca Cola Sleek 320ml (Lô 72),Lon,11550,8,Đồ uống & Giải khát,318
SP004475,Pepsi Sleek 320ml (Lô 72),Lon,11025,8,Đồ uống & Giải khát,325
SP004476,Nước cam ép Twister 450ml (Lô 72),Chai,12600,8,Đồ uống & Giải khát,332
SP004477,Trà xanh Không Độ 455ml (Lô 72),Chai,10500,8,Đồ uống & Giải khát,339
SP004478,Trà Ô Long Tea+ Plus 455ml (Lô 72),Chai,12600,8,Đồ uống & Giải khát,346
SP004479,Nước tăng lực Red Bull 250ml (Lô 72),Lon,14700,8,Đồ uống & Giải khát,353
SP004480,Nước khoáng Lavie 500ml (Lô 72),Chai,6300,8,Đồ uống & Giải khát,360
SP004481,Nước tinh khiết Aquafina 500ml (Lô 72),Chai,6300,8,Đồ uống & Giải khát,367
SP004482,Cà phê sữa đá Highlands 235ml (Lô 72),Lon,16800,8,Đồ uống & Giải khát,374
SP004483,Bia Heineken Sleek 330ml (Lô 72),Lon,23100,10,Đồ uống & Giải khát,381
SP004484,Bia Tiger Crystal 330ml (Lô 72),Lon,20475,10,Đồ uống & Giải khát,388
SP004485,Bia Sài Gòn Special 330ml (Lô 72),Lon,17325,10,Đồ uống & Giải khát,395
SP004486,Sữa tươi tiệt trùng Vinamilk 180ml (Lô 72),Hộp,8925,0,Đồ uống & Giải khát,402
SP004487,Sữa chua uống Susu 110ml (Lô 72),Chai,6825,0,Đồ uống & Giải khát,409
SP004488,Nước ép bưởi hồng Vfresh 1L (Lô 72),Hộp,40950,8,Đồ uống & Giải khát,416
SP004489,Bánh ChocoPie Orion hộp 12 cái (Lô 72),Hộp,60900,8,Bánh kẹo & Ăn vặt,423
SP004490,Bánh Cosy mè giòn rụm Kinh Đô 288g (Lô 72),Gói,30450,8,Bánh kẹo & Ăn vặt,430
SP004491,Snack khoai tây Ostar vị tảo biển 90g (Lô 72),Gói,19950,8,Bánh kẹo & Ăn vặt,437
SP004492,Snack khoai tây Lay's tự nhiên 95g (Lô 72),Gói,22050,8,Bánh kẹo & Ăn vặt,444
SP004493,Bánh que Pocky socola Glico 40g (Lô 72),Hộp,14700,8,Bánh kẹo & Ăn vặt,451
SP004494,Kẹo dẻo Chupa Chups Sour Tubes 160g (Lô 72),Gói,25200,8,Bánh kẹo & Ăn vặt,458
SP004495,Bánh mì tươi nhân bơ sữa Kinh Đô 80g (Lô 72),Cái,9450,8,Bánh kẹo & Ăn vặt,465
SP004496,Bánh xốp Nabati phô mai 130g (Lô 72),Hộp,12600,8,Bánh kẹo & Ăn vặt,472
SP004497,Hạt điều rang muối vỏ lụa Bình Phước 500g (Lô 72),Hộp,141750,8,Bánh kẹo & Ăn vặt,479
SP004498,Hạt hướng dương Chacheer 130g (Lô 72),Gói,15750,8,Bánh kẹo & Ăn vặt,486
SP004499,Rong biển sấy vị truyền thống TaoKaeNoi 32g (Lô 72),Gói,27300,8,Bánh kẹo & Ăn vặt,493
SP004500,Nước mắm Nam Ngư Đệ Nhị chai 900ml (Lô 72),Chai,29400,8,Gia vị & Đồ nấu nướng,50
SP004501,Nước mắm Chinsu Cá Hồi chai 500ml (Lô 72),Chai,49350,8,Gia vị & Đồ nấu nướng,57
SP004502,Dầu ăn Simply đậu nành can 1L (Lô 72),Chai,61950,8,Gia vị & Đồ nấu nướng,64
SP004503,Dầu ăn Neptune Gold can 2L (Lô 72),Chai,141750,8,Gia vị & Đồ nấu nướng,71
SP004504,Hạt nêm Knorr thịt thăn xương ống 400g (Lô 72),Gói,38850,8,Gia vị & Đồ nấu nướng,78
SP004505,Bột ngọt Ajinomoto gói 454g (Lô 72),Gói,35700,8,Gia vị & Đồ nấu nướng,85
SP004506,Tương ớt Chinsu nắp bật 250g (Lô 72),Chai,15750,8,Gia vị & Đồ nấu nướng,92
SP004507,Tương cà Cholimex chai 330g (Lô 72),Chai,16800,8,Gia vị & Đồ nấu nướng,99
SP004508,Muối I-ốt Bạc Liêu túi 500g (Lô 72),Gói,6300,8,Gia vị & Đồ nấu nướng,106
SP004509,Đường tinh luyện Biên Hòa Daily 1kg (Lô 72),Gói,32550,8,Gia vị & Đồ nấu nướng,113
SP004510,Mì tôm Hảo Hảo tôm chua cay 75g (Lô 72),Gói,4725,8,Mì gói & Thực phẩm khô,120
SP004511,Mì Omachi sườn hầm ngũ quả 80g (Lô 72),Gói,8925,8,Mì gói & Thực phẩm khô,127
SP004512,Mì trộn Indomie Mi Goreng 85g (Lô 72),Gói,6825,8,Mì gói & Thực phẩm khô,134
SP004513,Phở gà Đệ Nhất Acecook 68g (Lô 72),Gói,8400,8,Mì gói & Thực phẩm khô,141
SP004514,Miến Phú Hương yến tiệc 210g (Lô 72),Gói,23100,8,Mì gói & Thực phẩm khô,148
SP004515,Cháo thịt bằm Cung Đình gói 50g (Lô 72),Gói,7350,8,Mì gói & Thực phẩm khô,155
SP004516,Cá nục sốt cà 3 Cô Gái lon 155g (Lô 72),Lon,19950,8,Mì gói & Thực phẩm khô,162
SP004517,Pate thịt heo Hạ Long lon 150g (Lô 72),Lon,28350,8,Mì gói & Thực phẩm khô,169
SP004518,Mì ly Modern lẩu thái tôm 65g (Lô 72),Ly,9975,8,Mì gói & Thực phẩm khô,176
SP004519,Nước rửa chén Sunlight chanh can 3.6kg (Lô 72),Can,114450,10,Hóa mỹ phẩm & Tẩy rửa,183
SP004520,Nước giặt OMO Matic cửa trên túi 3.6kg (Lô 72),Túi,183750,10,Hóa mỹ phẩm & Tẩy rửa,190
SP004521,Nước xả vải Comfort đậm đặc túi 3.2L (Lô 72),Túi,198450,10,Hóa mỹ phẩm & Tẩy rửa,197
SP004522,Dầu gội Clear thảo dược mát lạnh 630g (Lô 72),Chai,173250,10,Hóa mỹ phẩm & Tẩy rửa,204
SP004523,Dầu gội Pantene suôn mượt 650ml (Lô 72),Chai,162750,10,Hóa mỹ phẩm & Tẩy rửa,211
SP004524,Sữa tắm Lifebuoy bảo vệ vượt trội 800g (Lô 72),Chai,156450,10,Hóa mỹ phẩm & Tẩy rửa,218
SP004525,Kem đánh răng Colgate Total 12 180g (Lô 72),Tuýp,44100,10,Hóa mỹ phẩm & Tẩy rửa,225
SP004526,Bàn chải đánh răng P/S than tre (Lô 72),Cái,18900,10,Hóa mỹ phẩm & Tẩy rửa,232
SP004527,Nước lau sàn Sunlight hoa lily túi 3.6kg (Lô 72),Túi,89250,10,Hóa mỹ phẩm & Tẩy rửa,239
SP004528,Xịt muỗi Raid hương cam chanh 600ml (Lô 72),Chai,71400,10,Hóa mỹ phẩm & Tẩy rửa,246
SP004529,Giấy vệ sinh cuộn cao cấp Pulppy lốc 10 cuộn (Lô 72),Lốc,96600,8,Đồ gia dụng & Tiện ích,253
SP004530,Khăn giấy lụa rút Paseo 200 tờ (Lô 72),Hộp,26250,8,Đồ gia dụng & Tiện ích,260
SP004531,Màng bọc thực phẩm PE Sunhouse 30cmx150m (Lô 72),Hộp,78750,8,Đồ gia dụng & Tiện ích,267
SP004532,Túi rác đen tự hủy sinh học Opec 3 cuộn (Lô 72),Gói,39900,8,Đồ gia dụng & Tiện ích,274
SP004533,Băng dính dán thùng trong suốt 5cm x 100y (Lô 72),Cuộn,16800,8,Đồ gia dụng & Tiện ích,281
SP004534,Pin tiểu AA Panasonic vỉ 4 viên (Lô 72),Vỉ,27300,8,Đồ gia dụng & Tiện ích,288
SP004535,Khẩu trang y tế 4 lớp kháng khuẩn hộp 50 cái (Lô 72),Hộp,36750,8,Đồ gia dụng & Tiện ích,295
SP004536,Nước rửa tay Lifebuoy hương chanh chai 450ml (Lô 72),Chai,54600,8,Đồ gia dụng & Tiện ích,302
SP004537,Coca Cola Sleek 320ml (Lô 73),Lon,12100,8,Đồ uống & Giải khát,309
SP004538,Pepsi Sleek 320ml (Lô 73),Lon,11550,8,Đồ uống & Giải khát,316
SP004539,Nước cam ép Twister 450ml (Lô 73),Chai,13200,8,Đồ uống & Giải khát,323
SP004540,Trà xanh Không Độ 455ml (Lô 73),Chai,11000,8,Đồ uống & Giải khát,330
SP004541,Trà Ô Long Tea+ Plus 455ml (Lô 73),Chai,13200,8,Đồ uống & Giải khát,337
SP004542,Nước tăng lực Red Bull 250ml (Lô 73),Lon,15400,8,Đồ uống & Giải khát,344
SP004543,Nước khoáng Lavie 500ml (Lô 73),Chai,6600,8,Đồ uống & Giải khát,351
SP004544,Nước tinh khiết Aquafina 500ml (Lô 73),Chai,6600,8,Đồ uống & Giải khát,358
SP004545,Cà phê sữa đá Highlands 235ml (Lô 73),Lon,17600,8,Đồ uống & Giải khát,365
SP004546,Bia Heineken Sleek 330ml (Lô 73),Lon,24200,10,Đồ uống & Giải khát,372
SP004547,Bia Tiger Crystal 330ml (Lô 73),Lon,21450,10,Đồ uống & Giải khát,379
SP004548,Bia Sài Gòn Special 330ml (Lô 73),Lon,18150,10,Đồ uống & Giải khát,386
SP004549,Sữa tươi tiệt trùng Vinamilk 180ml (Lô 73),Hộp,9350,0,Đồ uống & Giải khát,393
SP004550,Sữa chua uống Susu 110ml (Lô 73),Chai,7150,0,Đồ uống & Giải khát,400
SP004551,Nước ép bưởi hồng Vfresh 1L (Lô 73),Hộp,42900,8,Đồ uống & Giải khát,407
SP004552,Bánh ChocoPie Orion hộp 12 cái (Lô 73),Hộp,63800,8,Bánh kẹo & Ăn vặt,414
SP004553,Bánh Cosy mè giòn rụm Kinh Đô 288g (Lô 73),Gói,31900,8,Bánh kẹo & Ăn vặt,421
SP004554,Snack khoai tây Ostar vị tảo biển 90g (Lô 73),Gói,20900,8,Bánh kẹo & Ăn vặt,428
SP004555,Snack khoai tây Lay's tự nhiên 95g (Lô 73),Gói,23100,8,Bánh kẹo & Ăn vặt,435
SP004556,Bánh que Pocky socola Glico 40g (Lô 73),Hộp,15400,8,Bánh kẹo & Ăn vặt,442
SP004557,Kẹo dẻo Chupa Chups Sour Tubes 160g (Lô 73),Gói,26400,8,Bánh kẹo & Ăn vặt,449
SP004558,Bánh mì tươi nhân bơ sữa Kinh Đô 80g (Lô 73),Cái,9900,8,Bánh kẹo & Ăn vặt,456
SP004559,Bánh xốp Nabati phô mai 130g (Lô 73),Hộp,13200,8,Bánh kẹo & Ăn vặt,463
SP004560,Hạt điều rang muối vỏ lụa Bình Phước 500g (Lô 73),Hộp,148500,8,Bánh kẹo & Ăn vặt,470
SP004561,Hạt hướng dương Chacheer 130g (Lô 73),Gói,16500,8,Bánh kẹo & Ăn vặt,477
SP004562,Rong biển sấy vị truyền thống TaoKaeNoi 32g (Lô 73),Gói,28600,8,Bánh kẹo & Ăn vặt,484
SP004563,Nước mắm Nam Ngư Đệ Nhị chai 900ml (Lô 73),Chai,30800,8,Gia vị & Đồ nấu nướng,491
SP004564,Nước mắm Chinsu Cá Hồi chai 500ml (Lô 73),Chai,51700,8,Gia vị & Đồ nấu nướng,498
SP004565,Dầu ăn Simply đậu nành can 1L (Lô 73),Chai,64900,8,Gia vị & Đồ nấu nướng,55
SP004566,Dầu ăn Neptune Gold can 2L (Lô 73),Chai,148500,8,Gia vị & Đồ nấu nướng,62
SP004567,Hạt nêm Knorr thịt thăn xương ống 400g (Lô 73),Gói,40700,8,Gia vị & Đồ nấu nướng,69
SP004568,Bột ngọt Ajinomoto gói 454g (Lô 73),Gói,37400,8,Gia vị & Đồ nấu nướng,76
SP004569,Tương ớt Chinsu nắp bật 250g (Lô 73),Chai,16500,8,Gia vị & Đồ nấu nướng,83
SP004570,Tương cà Cholimex chai 330g (Lô 73),Chai,17600,8,Gia vị & Đồ nấu nướng,90
SP004571,Muối I-ốt Bạc Liêu túi 500g (Lô 73),Gói,6600,8,Gia vị & Đồ nấu nướng,97
SP004572,Đường tinh luyện Biên Hòa Daily 1kg (Lô 73),Gói,34100,8,Gia vị & Đồ nấu nướng,104
SP004573,Mì tôm Hảo Hảo tôm chua cay 75g (Lô 73),Gói,4950,8,Mì gói & Thực phẩm khô,111
SP004574,Mì Omachi sườn hầm ngũ quả 80g (Lô 73),Gói,9350,8,Mì gói & Thực phẩm khô,118
SP004575,Mì trộn Indomie Mi Goreng 85g (Lô 73),Gói,7150,8,Mì gói & Thực phẩm khô,125
SP004576,Phở gà Đệ Nhất Acecook 68g (Lô 73),Gói,8800,8,Mì gói & Thực phẩm khô,132
SP004577,Miến Phú Hương yến tiệc 210g (Lô 73),Gói,24200,8,Mì gói & Thực phẩm khô,139
SP004578,Cháo thịt bằm Cung Đình gói 50g (Lô 73),Gói,7700,8,Mì gói & Thực phẩm khô,146
SP004579,Cá nục sốt cà 3 Cô Gái lon 155g (Lô 73),Lon,20900,8,Mì gói & Thực phẩm khô,153
SP004580,Pate thịt heo Hạ Long lon 150g (Lô 73),Lon,29700,8,Mì gói & Thực phẩm khô,160
SP004581,Mì ly Modern lẩu thái tôm 65g (Lô 73),Ly,10450,8,Mì gói & Thực phẩm khô,167
SP004582,Nước rửa chén Sunlight chanh can 3.6kg (Lô 73),Can,119900,10,Hóa mỹ phẩm & Tẩy rửa,174
SP004583,Nước giặt OMO Matic cửa trên túi 3.6kg (Lô 73),Túi,192500,10,Hóa mỹ phẩm & Tẩy rửa,181
SP004584,Nước xả vải Comfort đậm đặc túi 3.2L (Lô 73),Túi,207900,10,Hóa mỹ phẩm & Tẩy rửa,188
SP004585,Dầu gội Clear thảo dược mát lạnh 630g (Lô 73),Chai,181500,10,Hóa mỹ phẩm & Tẩy rửa,195
SP004586,Dầu gội Pantene suôn mượt 650ml (Lô 73),Chai,170500,10,Hóa mỹ phẩm & Tẩy rửa,202
SP004587,Sữa tắm Lifebuoy bảo vệ vượt trội 800g (Lô 73),Chai,163900,10,Hóa mỹ phẩm & Tẩy rửa,209
SP004588,Kem đánh răng Colgate Total 12 180g (Lô 73),Tuýp,46200,10,Hóa mỹ phẩm & Tẩy rửa,216
SP004589,Bàn chải đánh răng P/S than tre (Lô 73),Cái,19800,10,Hóa mỹ phẩm & Tẩy rửa,223
SP004590,Nước lau sàn Sunlight hoa lily túi 3.6kg (Lô 73),Túi,93500,10,Hóa mỹ phẩm & Tẩy rửa,230
SP004591,Xịt muỗi Raid hương cam chanh 600ml (Lô 73),Chai,74800,10,Hóa mỹ phẩm & Tẩy rửa,237
SP004592,Giấy vệ sinh cuộn cao cấp Pulppy lốc 10 cuộn (Lô 73),Lốc,101200,8,Đồ gia dụng & Tiện ích,244
SP004593,Khăn giấy lụa rút Paseo 200 tờ (Lô 73),Hộp,27500,8,Đồ gia dụng & Tiện ích,251
SP004594,Màng bọc thực phẩm PE Sunhouse 30cmx150m (Lô 73),Hộp,82500,8,Đồ gia dụng & Tiện ích,258
SP004595,Túi rác đen tự hủy sinh học Opec 3 cuộn (Lô 73),Gói,41800,8,Đồ gia dụng & Tiện ích,265
SP004596,Băng dính dán thùng trong suốt 5cm x 100y (Lô 73),Cuộn,17600,8,Đồ gia dụng & Tiện ích,272
SP004597,Pin tiểu AA Panasonic vỉ 4 viên (Lô 73),Vỉ,28600,8,Đồ gia dụng & Tiện ích,279
SP004598,Khẩu trang y tế 4 lớp kháng khuẩn hộp 50 cái (Lô 73),Hộp,38500,8,Đồ gia dụng & Tiện ích,286
SP004599,Nước rửa tay Lifebuoy hương chanh chai 450ml (Lô 73),Chai,57200,8,Đồ gia dụng & Tiện ích,293
SP004600,Coca Cola Sleek 320ml (Lô 74),Lon,12649,8,Đồ uống & Giải khát,300
SP004601,Pepsi Sleek 320ml (Lô 74),Lon,12074,8,Đồ uống & Giải khát,307
SP004602,Nước cam ép Twister 450ml (Lô 74),Chai,13799,8,Đồ uống & Giải khát,314
SP004603,Trà xanh Không Độ 455ml (Lô 74),Chai,11500,8,Đồ uống & Giải khát,321
SP004604,Trà Ô Long Tea+ Plus 455ml (Lô 74),Chai,13799,8,Đồ uống & Giải khát,328
SP004605,Nước tăng lực Red Bull 250ml (Lô 74),Lon,16099,8,Đồ uống & Giải khát,335
SP004606,Nước khoáng Lavie 500ml (Lô 74),Chai,6899,8,Đồ uống & Giải khát,342
SP004607,Nước tinh khiết Aquafina 500ml (Lô 74),Chai,6899,8,Đồ uống & Giải khát,349
SP004608,Cà phê sữa đá Highlands 235ml (Lô 74),Lon,18400,8,Đồ uống & Giải khát,356
SP004609,Bia Heineken Sleek 330ml (Lô 74),Lon,25299,10,Đồ uống & Giải khát,363
SP004610,Bia Tiger Crystal 330ml (Lô 74),Lon,22425,10,Đồ uống & Giải khát,370
SP004611,Bia Sài Gòn Special 330ml (Lô 74),Lon,18975,10,Đồ uống & Giải khát,377
SP004612,Sữa tươi tiệt trùng Vinamilk 180ml (Lô 74),Hộp,9775,0,Đồ uống & Giải khát,384
SP004613,Sữa chua uống Susu 110ml (Lô 74),Chai,7474,0,Đồ uống & Giải khát,391
SP004614,Nước ép bưởi hồng Vfresh 1L (Lô 74),Hộp,44850,8,Đồ uống & Giải khát,398
SP004615,Bánh ChocoPie Orion hộp 12 cái (Lô 74),Hộp,66700,8,Bánh kẹo & Ăn vặt,405
SP004616,Bánh Cosy mè giòn rụm Kinh Đô 288g (Lô 74),Gói,33350,8,Bánh kẹo & Ăn vặt,412
SP004617,Snack khoai tây Ostar vị tảo biển 90g (Lô 74),Gói,21850,8,Bánh kẹo & Ăn vặt,419
SP004618,Snack khoai tây Lay's tự nhiên 95g (Lô 74),Gói,24149,8,Bánh kẹo & Ăn vặt,426
SP004619,Bánh que Pocky socola Glico 40g (Lô 74),Hộp,16099,8,Bánh kẹo & Ăn vặt,433
SP004620,Kẹo dẻo Chupa Chups Sour Tubes 160g (Lô 74),Gói,27599,8,Bánh kẹo & Ăn vặt,440
SP004621,Bánh mì tươi nhân bơ sữa Kinh Đô 80g (Lô 74),Cái,10350,8,Bánh kẹo & Ăn vặt,447
SP004622,Bánh xốp Nabati phô mai 130g (Lô 74),Hộp,13799,8,Bánh kẹo & Ăn vặt,454
SP004623,Hạt điều rang muối vỏ lụa Bình Phước 500g (Lô 74),Hộp,155250,8,Bánh kẹo & Ăn vặt,461
SP004624,Hạt hướng dương Chacheer 130g (Lô 74),Gói,17250,8,Bánh kẹo & Ăn vặt,468
SP004625,Rong biển sấy vị truyền thống TaoKaeNoi 32g (Lô 74),Gói,29899,8,Bánh kẹo & Ăn vặt,475
SP004626,Nước mắm Nam Ngư Đệ Nhị chai 900ml (Lô 74),Chai,32199,8,Gia vị & Đồ nấu nướng,482
SP004627,Nước mắm Chinsu Cá Hồi chai 500ml (Lô 74),Chai,54049,8,Gia vị & Đồ nấu nướng,489
SP004628,Dầu ăn Simply đậu nành can 1L (Lô 74),Chai,67850,8,Gia vị & Đồ nấu nướng,496
SP004629,Dầu ăn Neptune Gold can 2L (Lô 74),Chai,155250,8,Gia vị & Đồ nấu nướng,53
SP004630,Hạt nêm Knorr thịt thăn xương ống 400g (Lô 74),Gói,42550,8,Gia vị & Đồ nấu nướng,60
SP004631,Bột ngọt Ajinomoto gói 454g (Lô 74),Gói,39100,8,Gia vị & Đồ nấu nướng,67
SP004632,Tương ớt Chinsu nắp bật 250g (Lô 74),Chai,17250,8,Gia vị & Đồ nấu nướng,74
SP004633,Tương cà Cholimex chai 330g (Lô 74),Chai,18400,8,Gia vị & Đồ nấu nướng,81
SP004634,Muối I-ốt Bạc Liêu túi 500g (Lô 74),Gói,6899,8,Gia vị & Đồ nấu nướng,88
SP004635,Đường tinh luyện Biên Hòa Daily 1kg (Lô 74),Gói,35650,8,Gia vị & Đồ nấu nướng,95
SP004636,Mì tôm Hảo Hảo tôm chua cay 75g (Lô 74),Gói,5175,8,Mì gói & Thực phẩm khô,102
SP004637,Mì Omachi sườn hầm ngũ quả 80g (Lô 74),Gói,9775,8,Mì gói & Thực phẩm khô,109
SP004638,Mì trộn Indomie Mi Goreng 85g (Lô 74),Gói,7474,8,Mì gói & Thực phẩm khô,116
SP004639,Phở gà Đệ Nhất Acecook 68g (Lô 74),Gói,9200,8,Mì gói & Thực phẩm khô,123
SP004640,Miến Phú Hương yến tiệc 210g (Lô 74),Gói,25299,8,Mì gói & Thực phẩm khô,130
SP004641,Cháo thịt bằm Cung Đình gói 50g (Lô 74),Gói,8049,8,Mì gói & Thực phẩm khô,137
SP004642,Cá nục sốt cà 3 Cô Gái lon 155g (Lô 74),Lon,21850,8,Mì gói & Thực phẩm khô,144
SP004643,Pate thịt heo Hạ Long lon 150g (Lô 74),Lon,31049,8,Mì gói & Thực phẩm khô,151
SP004644,Mì ly Modern lẩu thái tôm 65g (Lô 74),Ly,10925,8,Mì gói & Thực phẩm khô,158
SP004645,Nước rửa chén Sunlight chanh can 3.6kg (Lô 74),Can,125349,10,Hóa mỹ phẩm & Tẩy rửa,165
SP004646,Nước giặt OMO Matic cửa trên túi 3.6kg (Lô 74),Túi,201249,10,Hóa mỹ phẩm & Tẩy rửa,172
SP004647,Nước xả vải Comfort đậm đặc túi 3.2L (Lô 74),Túi,217349,10,Hóa mỹ phẩm & Tẩy rửa,179
SP004648,Dầu gội Clear thảo dược mát lạnh 630g (Lô 74),Chai,189749,10,Hóa mỹ phẩm & Tẩy rửa,186
SP004649,Dầu gội Pantene suôn mượt 650ml (Lô 74),Chai,178250,10,Hóa mỹ phẩm & Tẩy rửa,193
SP004650,Sữa tắm Lifebuoy bảo vệ vượt trội 800g (Lô 74),Chai,171350,10,Hóa mỹ phẩm & Tẩy rửa,200
SP004651,Kem đánh răng Colgate Total 12 180g (Lô 74),Tuýp,48299,10,Hóa mỹ phẩm & Tẩy rửa,207
SP004652,Bàn chải đánh răng P/S than tre (Lô 74),Cái,20700,10,Hóa mỹ phẩm & Tẩy rửa,214
SP004653,Nước lau sàn Sunlight hoa lily túi 3.6kg (Lô 74),Túi,97749,10,Hóa mỹ phẩm & Tẩy rửa,221
SP004654,Xịt muỗi Raid hương cam chanh 600ml (Lô 74),Chai,78200,10,Hóa mỹ phẩm & Tẩy rửa,228
SP004655,Giấy vệ sinh cuộn cao cấp Pulppy lốc 10 cuộn (Lô 74),Lốc,105799,8,Đồ gia dụng & Tiện ích,235
SP004656,Khăn giấy lụa rút Paseo 200 tờ (Lô 74),Hộp,28749,8,Đồ gia dụng & Tiện ích,242
SP004657,Màng bọc thực phẩm PE Sunhouse 30cmx150m (Lô 74),Hộp,86250,8,Đồ gia dụng & Tiện ích,249
SP004658,Túi rác đen tự hủy sinh học Opec 3 cuộn (Lô 74),Gói,43700,8,Đồ gia dụng & Tiện ích,256
SP004659,Băng dính dán thùng trong suốt 5cm x 100y (Lô 74),Cuộn,18400,8,Đồ gia dụng & Tiện ích,263
SP004660,Pin tiểu AA Panasonic vỉ 4 viên (Lô 74),Vỉ,29899,8,Đồ gia dụng & Tiện ích,270
SP004661,Khẩu trang y tế 4 lớp kháng khuẩn hộp 50 cái (Lô 74),Hộp,40250,8,Đồ gia dụng & Tiện ích,277
SP004662,Nước rửa tay Lifebuoy hương chanh chai 450ml (Lô 74),Chai,59799,8,Đồ gia dụng & Tiện ích,284
SP004663,Coca Cola Sleek 320ml (Lô 75),Lon,13200,8,Đồ uống & Giải khát,291
SP004664,Pepsi Sleek 320ml (Lô 75),Lon,12600,8,Đồ uống & Giải khát,298
SP004665,Nước cam ép Twister 450ml (Lô 75),Chai,14400,8,Đồ uống & Giải khát,305
SP004666,Trà xanh Không Độ 455ml (Lô 75),Chai,12000,8,Đồ uống & Giải khát,312
SP004667,Trà Ô Long Tea+ Plus 455ml (Lô 75),Chai,14400,8,Đồ uống & Giải khát,319
SP004668,Nước tăng lực Red Bull 250ml (Lô 75),Lon,16800,8,Đồ uống & Giải khát,326
SP004669,Nước khoáng Lavie 500ml (Lô 75),Chai,7200,8,Đồ uống & Giải khát,333
SP004670,Nước tinh khiết Aquafina 500ml (Lô 75),Chai,7200,8,Đồ uống & Giải khát,340
SP004671,Cà phê sữa đá Highlands 235ml (Lô 75),Lon,19200,8,Đồ uống & Giải khát,347
SP004672,Bia Heineken Sleek 330ml (Lô 75),Lon,26400,10,Đồ uống & Giải khát,354
SP004673,Bia Tiger Crystal 330ml (Lô 75),Lon,23400,10,Đồ uống & Giải khát,361
SP004674,Bia Sài Gòn Special 330ml (Lô 75),Lon,19800,10,Đồ uống & Giải khát,368
SP004675,Sữa tươi tiệt trùng Vinamilk 180ml (Lô 75),Hộp,10200,0,Đồ uống & Giải khát,375
SP004676,Sữa chua uống Susu 110ml (Lô 75),Chai,7800,0,Đồ uống & Giải khát,382
SP004677,Nước ép bưởi hồng Vfresh 1L (Lô 75),Hộp,46800,8,Đồ uống & Giải khát,389
SP004678,Bánh ChocoPie Orion hộp 12 cái (Lô 75),Hộp,69600,8,Bánh kẹo & Ăn vặt,396
SP004679,Bánh Cosy mè giòn rụm Kinh Đô 288g (Lô 75),Gói,34800,8,Bánh kẹo & Ăn vặt,403
SP004680,Snack khoai tây Ostar vị tảo biển 90g (Lô 75),Gói,22800,8,Bánh kẹo & Ăn vặt,410
SP004681,Snack khoai tây Lay's tự nhiên 95g (Lô 75),Gói,25200,8,Bánh kẹo & Ăn vặt,417
SP004682,Bánh que Pocky socola Glico 40g (Lô 75),Hộp,16800,8,Bánh kẹo & Ăn vặt,424
SP004683,Kẹo dẻo Chupa Chups Sour Tubes 160g (Lô 75),Gói,28800,8,Bánh kẹo & Ăn vặt,431
SP004684,Bánh mì tươi nhân bơ sữa Kinh Đô 80g (Lô 75),Cái,10800,8,Bánh kẹo & Ăn vặt,438
SP004685,Bánh xốp Nabati phô mai 130g (Lô 75),Hộp,14400,8,Bánh kẹo & Ăn vặt,445
SP004686,Hạt điều rang muối vỏ lụa Bình Phước 500g (Lô 75),Hộp,162000,8,Bánh kẹo & Ăn vặt,452
SP004687,Hạt hướng dương Chacheer 130g (Lô 75),Gói,18000,8,Bánh kẹo & Ăn vặt,459
SP004688,Rong biển sấy vị truyền thống TaoKaeNoi 32g (Lô 75),Gói,31200,8,Bánh kẹo & Ăn vặt,466
SP004689,Nước mắm Nam Ngư Đệ Nhị chai 900ml (Lô 75),Chai,33600,8,Gia vị & Đồ nấu nướng,473
SP004690,Nước mắm Chinsu Cá Hồi chai 500ml (Lô 75),Chai,56400,8,Gia vị & Đồ nấu nướng,480
SP004691,Dầu ăn Simply đậu nành can 1L (Lô 75),Chai,70800,8,Gia vị & Đồ nấu nướng,487
SP004692,Dầu ăn Neptune Gold can 2L (Lô 75),Chai,162000,8,Gia vị & Đồ nấu nướng,494
SP004693,Hạt nêm Knorr thịt thăn xương ống 400g (Lô 75),Gói,44400,8,Gia vị & Đồ nấu nướng,51
SP004694,Bột ngọt Ajinomoto gói 454g (Lô 75),Gói,40800,8,Gia vị & Đồ nấu nướng,58
SP004695,Tương ớt Chinsu nắp bật 250g (Lô 75),Chai,18000,8,Gia vị & Đồ nấu nướng,65
SP004696,Tương cà Cholimex chai 330g (Lô 75),Chai,19200,8,Gia vị & Đồ nấu nướng,72
SP004697,Muối I-ốt Bạc Liêu túi 500g (Lô 75),Gói,7200,8,Gia vị & Đồ nấu nướng,79
SP004698,Đường tinh luyện Biên Hòa Daily 1kg (Lô 75),Gói,37200,8,Gia vị & Đồ nấu nướng,86
SP004699,Mì tôm Hảo Hảo tôm chua cay 75g (Lô 75),Gói,5400,8,Mì gói & Thực phẩm khô,93
SP004700,Mì Omachi sườn hầm ngũ quả 80g (Lô 75),Gói,10200,8,Mì gói & Thực phẩm khô,100
SP004701,Mì trộn Indomie Mi Goreng 85g (Lô 75),Gói,7800,8,Mì gói & Thực phẩm khô,107
SP004702,Phở gà Đệ Nhất Acecook 68g (Lô 75),Gói,9600,8,Mì gói & Thực phẩm khô,114
SP004703,Miến Phú Hương yến tiệc 210g (Lô 75),Gói,26400,8,Mì gói & Thực phẩm khô,121
SP004704,Cháo thịt bằm Cung Đình gói 50g (Lô 75),Gói,8400,8,Mì gói & Thực phẩm khô,128
SP004705,Cá nục sốt cà 3 Cô Gái lon 155g (Lô 75),Lon,22800,8,Mì gói & Thực phẩm khô,135
SP004706,Pate thịt heo Hạ Long lon 150g (Lô 75),Lon,32400,8,Mì gói & Thực phẩm khô,142
SP004707,Mì ly Modern lẩu thái tôm 65g (Lô 75),Ly,11400,8,Mì gói & Thực phẩm khô,149
SP004708,Nước rửa chén Sunlight chanh can 3.6kg (Lô 75),Can,130800,10,Hóa mỹ phẩm & Tẩy rửa,156
SP004709,Nước giặt OMO Matic cửa trên túi 3.6kg (Lô 75),Túi,210000,10,Hóa mỹ phẩm & Tẩy rửa,163
SP004710,Nước xả vải Comfort đậm đặc túi 3.2L (Lô 75),Túi,226800,10,Hóa mỹ phẩm & Tẩy rửa,170
SP004711,Dầu gội Clear thảo dược mát lạnh 630g (Lô 75),Chai,198000,10,Hóa mỹ phẩm & Tẩy rửa,177
SP004712,Dầu gội Pantene suôn mượt 650ml (Lô 75),Chai,186000,10,Hóa mỹ phẩm & Tẩy rửa,184
SP004713,Sữa tắm Lifebuoy bảo vệ vượt trội 800g (Lô 75),Chai,178800,10,Hóa mỹ phẩm & Tẩy rửa,191
SP004714,Kem đánh răng Colgate Total 12 180g (Lô 75),Tuýp,50400,10,Hóa mỹ phẩm & Tẩy rửa,198
SP004715,Bàn chải đánh răng P/S than tre (Lô 75),Cái,21600,10,Hóa mỹ phẩm & Tẩy rửa,205
SP004716,Nước lau sàn Sunlight hoa lily túi 3.6kg (Lô 75),Túi,102000,10,Hóa mỹ phẩm & Tẩy rửa,212
SP004717,Xịt muỗi Raid hương cam chanh 600ml (Lô 75),Chai,81600,10,Hóa mỹ phẩm & Tẩy rửa,219
SP004718,Giấy vệ sinh cuộn cao cấp Pulppy lốc 10 cuộn (Lô 75),Lốc,110400,8,Đồ gia dụng & Tiện ích,226
SP004719,Khăn giấy lụa rút Paseo 200 tờ (Lô 75),Hộp,30000,8,Đồ gia dụng & Tiện ích,233
SP004720,Màng bọc thực phẩm PE Sunhouse 30cmx150m (Lô 75),Hộp,90000,8,Đồ gia dụng & Tiện ích,240
SP004721,Túi rác đen tự hủy sinh học Opec 3 cuộn (Lô 75),Gói,45600,8,Đồ gia dụng & Tiện ích,247
SP004722,Băng dính dán thùng trong suốt 5cm x 100y (Lô 75),Cuộn,19200,8,Đồ gia dụng & Tiện ích,254
SP004723,Pin tiểu AA Panasonic vỉ 4 viên (Lô 75),Vỉ,31200,8,Đồ gia dụng & Tiện ích,261
SP004724,Khẩu trang y tế 4 lớp kháng khuẩn hộp 50 cái (Lô 75),Hộp,42000,8,Đồ gia dụng & Tiện ích,268
SP004725,Nước rửa tay Lifebuoy hương chanh chai 450ml (Lô 75),Chai,62400,8,Đồ gia dụng & Tiện ích,275
SP004726,Coca Cola Sleek 320ml (Lô 76),Lon,11000,8,Đồ uống & Giải khát,282
SP004727,Pepsi Sleek 320ml (Lô 76),Lon,10500,8,Đồ uống & Giải khát,289
SP004728,Nước cam ép Twister 450ml (Lô 76),Chai,12000,8,Đồ uống & Giải khát,296
SP004729,Trà xanh Không Độ 455ml (Lô 76),Chai,10000,8,Đồ uống & Giải khát,303
SP004730,Trà Ô Long Tea+ Plus 455ml (Lô 76),Chai,12000,8,Đồ uống & Giải khát,310
SP004731,Nước tăng lực Red Bull 250ml (Lô 76),Lon,14000,8,Đồ uống & Giải khát,317
SP004732,Nước khoáng Lavie 500ml (Lô 76),Chai,6000,8,Đồ uống & Giải khát,324
SP004733,Nước tinh khiết Aquafina 500ml (Lô 76),Chai,6000,8,Đồ uống & Giải khát,331
SP004734,Cà phê sữa đá Highlands 235ml (Lô 76),Lon,16000,8,Đồ uống & Giải khát,338
SP004735,Bia Heineken Sleek 330ml (Lô 76),Lon,22000,10,Đồ uống & Giải khát,345
SP004736,Bia Tiger Crystal 330ml (Lô 76),Lon,19500,10,Đồ uống & Giải khát,352
SP004737,Bia Sài Gòn Special 330ml (Lô 76),Lon,16500,10,Đồ uống & Giải khát,359
SP004738,Sữa tươi tiệt trùng Vinamilk 180ml (Lô 76),Hộp,8500,0,Đồ uống & Giải khát,366
SP004739,Sữa chua uống Susu 110ml (Lô 76),Chai,6500,0,Đồ uống & Giải khát,373
SP004740,Nước ép bưởi hồng Vfresh 1L (Lô 76),Hộp,39000,8,Đồ uống & Giải khát,380
SP004741,Bánh ChocoPie Orion hộp 12 cái (Lô 76),Hộp,58000,8,Bánh kẹo & Ăn vặt,387
SP004742,Bánh Cosy mè giòn rụm Kinh Đô 288g (Lô 76),Gói,29000,8,Bánh kẹo & Ăn vặt,394
SP004743,Snack khoai tây Ostar vị tảo biển 90g (Lô 76),Gói,19000,8,Bánh kẹo & Ăn vặt,401
SP004744,Snack khoai tây Lay's tự nhiên 95g (Lô 76),Gói,21000,8,Bánh kẹo & Ăn vặt,408
SP004745,Bánh que Pocky socola Glico 40g (Lô 76),Hộp,14000,8,Bánh kẹo & Ăn vặt,415
SP004746,Kẹo dẻo Chupa Chups Sour Tubes 160g (Lô 76),Gói,24000,8,Bánh kẹo & Ăn vặt,422
SP004747,Bánh mì tươi nhân bơ sữa Kinh Đô 80g (Lô 76),Cái,9000,8,Bánh kẹo & Ăn vặt,429
SP004748,Bánh xốp Nabati phô mai 130g (Lô 76),Hộp,12000,8,Bánh kẹo & Ăn vặt,436
SP004749,Hạt điều rang muối vỏ lụa Bình Phước 500g (Lô 76),Hộp,135000,8,Bánh kẹo & Ăn vặt,443
SP004750,Hạt hướng dương Chacheer 130g (Lô 76),Gói,15000,8,Bánh kẹo & Ăn vặt,450
SP004751,Rong biển sấy vị truyền thống TaoKaeNoi 32g (Lô 76),Gói,26000,8,Bánh kẹo & Ăn vặt,457
SP004752,Nước mắm Nam Ngư Đệ Nhị chai 900ml (Lô 76),Chai,28000,8,Gia vị & Đồ nấu nướng,464
SP004753,Nước mắm Chinsu Cá Hồi chai 500ml (Lô 76),Chai,47000,8,Gia vị & Đồ nấu nướng,471
SP004754,Dầu ăn Simply đậu nành can 1L (Lô 76),Chai,59000,8,Gia vị & Đồ nấu nướng,478
SP004755,Dầu ăn Neptune Gold can 2L (Lô 76),Chai,135000,8,Gia vị & Đồ nấu nướng,485
SP004756,Hạt nêm Knorr thịt thăn xương ống 400g (Lô 76),Gói,37000,8,Gia vị & Đồ nấu nướng,492
SP004757,Bột ngọt Ajinomoto gói 454g (Lô 76),Gói,34000,8,Gia vị & Đồ nấu nướng,499
SP004758,Tương ớt Chinsu nắp bật 250g (Lô 76),Chai,15000,8,Gia vị & Đồ nấu nướng,56
SP004759,Tương cà Cholimex chai 330g (Lô 76),Chai,16000,8,Gia vị & Đồ nấu nướng,63
SP004760,Muối I-ốt Bạc Liêu túi 500g (Lô 76),Gói,6000,8,Gia vị & Đồ nấu nướng,70
SP004761,Đường tinh luyện Biên Hòa Daily 1kg (Lô 76),Gói,31000,8,Gia vị & Đồ nấu nướng,77
SP004762,Mì tôm Hảo Hảo tôm chua cay 75g (Lô 76),Gói,4500,8,Mì gói & Thực phẩm khô,84
SP004763,Mì Omachi sườn hầm ngũ quả 80g (Lô 76),Gói,8500,8,Mì gói & Thực phẩm khô,91
SP004764,Mì trộn Indomie Mi Goreng 85g (Lô 76),Gói,6500,8,Mì gói & Thực phẩm khô,98
SP004765,Phở gà Đệ Nhất Acecook 68g (Lô 76),Gói,8000,8,Mì gói & Thực phẩm khô,105
SP004766,Miến Phú Hương yến tiệc 210g (Lô 76),Gói,22000,8,Mì gói & Thực phẩm khô,112
SP004767,Cháo thịt bằm Cung Đình gói 50g (Lô 76),Gói,7000,8,Mì gói & Thực phẩm khô,119
SP004768,Cá nục sốt cà 3 Cô Gái lon 155g (Lô 76),Lon,19000,8,Mì gói & Thực phẩm khô,126
SP004769,Pate thịt heo Hạ Long lon 150g (Lô 76),Lon,27000,8,Mì gói & Thực phẩm khô,133
SP004770,Mì ly Modern lẩu thái tôm 65g (Lô 76),Ly,9500,8,Mì gói & Thực phẩm khô,140
SP004771,Nước rửa chén Sunlight chanh can 3.6kg (Lô 76),Can,109000,10,Hóa mỹ phẩm & Tẩy rửa,147
SP004772,Nước giặt OMO Matic cửa trên túi 3.6kg (Lô 76),Túi,175000,10,Hóa mỹ phẩm & Tẩy rửa,154
SP004773,Nước xả vải Comfort đậm đặc túi 3.2L (Lô 76),Túi,189000,10,Hóa mỹ phẩm & Tẩy rửa,161
SP004774,Dầu gội Clear thảo dược mát lạnh 630g (Lô 76),Chai,165000,10,Hóa mỹ phẩm & Tẩy rửa,168
SP004775,Dầu gội Pantene suôn mượt 650ml (Lô 76),Chai,155000,10,Hóa mỹ phẩm & Tẩy rửa,175
SP004776,Sữa tắm Lifebuoy bảo vệ vượt trội 800g (Lô 76),Chai,149000,10,Hóa mỹ phẩm & Tẩy rửa,182
SP004777,Kem đánh răng Colgate Total 12 180g (Lô 76),Tuýp,42000,10,Hóa mỹ phẩm & Tẩy rửa,189
SP004778,Bàn chải đánh răng P/S than tre (Lô 76),Cái,18000,10,Hóa mỹ phẩm & Tẩy rửa,196
SP004779,Nước lau sàn Sunlight hoa lily túi 3.6kg (Lô 76),Túi,85000,10,Hóa mỹ phẩm & Tẩy rửa,203
SP004780,Xịt muỗi Raid hương cam chanh 600ml (Lô 76),Chai,68000,10,Hóa mỹ phẩm & Tẩy rửa,210
SP004781,Giấy vệ sinh cuộn cao cấp Pulppy lốc 10 cuộn (Lô 76),Lốc,92000,8,Đồ gia dụng & Tiện ích,217
SP004782,Khăn giấy lụa rút Paseo 200 tờ (Lô 76),Hộp,25000,8,Đồ gia dụng & Tiện ích,224
SP004783,Màng bọc thực phẩm PE Sunhouse 30cmx150m (Lô 76),Hộp,75000,8,Đồ gia dụng & Tiện ích,231
SP004784,Túi rác đen tự hủy sinh học Opec 3 cuộn (Lô 76),Gói,38000,8,Đồ gia dụng & Tiện ích,238
SP004785,Băng dính dán thùng trong suốt 5cm x 100y (Lô 76),Cuộn,16000,8,Đồ gia dụng & Tiện ích,245
SP004786,Pin tiểu AA Panasonic vỉ 4 viên (Lô 76),Vỉ,26000,8,Đồ gia dụng & Tiện ích,252
SP004787,Khẩu trang y tế 4 lớp kháng khuẩn hộp 50 cái (Lô 76),Hộp,35000,8,Đồ gia dụng & Tiện ích,259
SP004788,Nước rửa tay Lifebuoy hương chanh chai 450ml (Lô 76),Chai,52000,8,Đồ gia dụng & Tiện ích,266
SP004789,Coca Cola Sleek 320ml (Lô 77),Lon,11550,8,Đồ uống & Giải khát,273
SP004790,Pepsi Sleek 320ml (Lô 77),Lon,11025,8,Đồ uống & Giải khát,280
SP004791,Nước cam ép Twister 450ml (Lô 77),Chai,12600,8,Đồ uống & Giải khát,287
SP004792,Trà xanh Không Độ 455ml (Lô 77),Chai,10500,8,Đồ uống & Giải khát,294
SP004793,Trà Ô Long Tea+ Plus 455ml (Lô 77),Chai,12600,8,Đồ uống & Giải khát,301
SP004794,Nước tăng lực Red Bull 250ml (Lô 77),Lon,14700,8,Đồ uống & Giải khát,308
SP004795,Nước khoáng Lavie 500ml (Lô 77),Chai,6300,8,Đồ uống & Giải khát,315
SP004796,Nước tinh khiết Aquafina 500ml (Lô 77),Chai,6300,8,Đồ uống & Giải khát,322
SP004797,Cà phê sữa đá Highlands 235ml (Lô 77),Lon,16800,8,Đồ uống & Giải khát,329
SP004798,Bia Heineken Sleek 330ml (Lô 77),Lon,23100,10,Đồ uống & Giải khát,336
SP004799,Bia Tiger Crystal 330ml (Lô 77),Lon,20475,10,Đồ uống & Giải khát,343
SP004800,Bia Sài Gòn Special 330ml (Lô 77),Lon,17325,10,Đồ uống & Giải khát,350
SP004801,Sữa tươi tiệt trùng Vinamilk 180ml (Lô 77),Hộp,8925,0,Đồ uống & Giải khát,357
SP004802,Sữa chua uống Susu 110ml (Lô 77),Chai,6825,0,Đồ uống & Giải khát,364
SP004803,Nước ép bưởi hồng Vfresh 1L (Lô 77),Hộp,40950,8,Đồ uống & Giải khát,371
SP004804,Bánh ChocoPie Orion hộp 12 cái (Lô 77),Hộp,60900,8,Bánh kẹo & Ăn vặt,378
SP004805,Bánh Cosy mè giòn rụm Kinh Đô 288g (Lô 77),Gói,30450,8,Bánh kẹo & Ăn vặt,385
SP004806,Snack khoai tây Ostar vị tảo biển 90g (Lô 77),Gói,19950,8,Bánh kẹo & Ăn vặt,392
SP004807,Snack khoai tây Lay's tự nhiên 95g (Lô 77),Gói,22050,8,Bánh kẹo & Ăn vặt,399
SP004808,Bánh que Pocky socola Glico 40g (Lô 77),Hộp,14700,8,Bánh kẹo & Ăn vặt,406
SP004809,Kẹo dẻo Chupa Chups Sour Tubes 160g (Lô 77),Gói,25200,8,Bánh kẹo & Ăn vặt,413
SP004810,Bánh mì tươi nhân bơ sữa Kinh Đô 80g (Lô 77),Cái,9450,8,Bánh kẹo & Ăn vặt,420
SP004811,Bánh xốp Nabati phô mai 130g (Lô 77),Hộp,12600,8,Bánh kẹo & Ăn vặt,427
SP004812,Hạt điều rang muối vỏ lụa Bình Phước 500g (Lô 77),Hộp,141750,8,Bánh kẹo & Ăn vặt,434
SP004813,Hạt hướng dương Chacheer 130g (Lô 77),Gói,15750,8,Bánh kẹo & Ăn vặt,441
SP004814,Rong biển sấy vị truyền thống TaoKaeNoi 32g (Lô 77),Gói,27300,8,Bánh kẹo & Ăn vặt,448
SP004815,Nước mắm Nam Ngư Đệ Nhị chai 900ml (Lô 77),Chai,29400,8,Gia vị & Đồ nấu nướng,455
SP004816,Nước mắm Chinsu Cá Hồi chai 500ml (Lô 77),Chai,49350,8,Gia vị & Đồ nấu nướng,462
SP004817,Dầu ăn Simply đậu nành can 1L (Lô 77),Chai,61950,8,Gia vị & Đồ nấu nướng,469
SP004818,Dầu ăn Neptune Gold can 2L (Lô 77),Chai,141750,8,Gia vị & Đồ nấu nướng,476
SP004819,Hạt nêm Knorr thịt thăn xương ống 400g (Lô 77),Gói,38850,8,Gia vị & Đồ nấu nướng,483
SP004820,Bột ngọt Ajinomoto gói 454g (Lô 77),Gói,35700,8,Gia vị & Đồ nấu nướng,490
SP004821,Tương ớt Chinsu nắp bật 250g (Lô 77),Chai,15750,8,Gia vị & Đồ nấu nướng,497
SP004822,Tương cà Cholimex chai 330g (Lô 77),Chai,16800,8,Gia vị & Đồ nấu nướng,54
SP004823,Muối I-ốt Bạc Liêu túi 500g (Lô 77),Gói,6300,8,Gia vị & Đồ nấu nướng,61
SP004824,Đường tinh luyện Biên Hòa Daily 1kg (Lô 77),Gói,32550,8,Gia vị & Đồ nấu nướng,68
SP004825,Mì tôm Hảo Hảo tôm chua cay 75g (Lô 77),Gói,4725,8,Mì gói & Thực phẩm khô,75
SP004826,Mì Omachi sườn hầm ngũ quả 80g (Lô 77),Gói,8925,8,Mì gói & Thực phẩm khô,82
SP004827,Mì trộn Indomie Mi Goreng 85g (Lô 77),Gói,6825,8,Mì gói & Thực phẩm khô,89
SP004828,Phở gà Đệ Nhất Acecook 68g (Lô 77),Gói,8400,8,Mì gói & Thực phẩm khô,96
SP004829,Miến Phú Hương yến tiệc 210g (Lô 77),Gói,23100,8,Mì gói & Thực phẩm khô,103
SP004830,Cháo thịt bằm Cung Đình gói 50g (Lô 77),Gói,7350,8,Mì gói & Thực phẩm khô,110
SP004831,Cá nục sốt cà 3 Cô Gái lon 155g (Lô 77),Lon,19950,8,Mì gói & Thực phẩm khô,117
SP004832,Pate thịt heo Hạ Long lon 150g (Lô 77),Lon,28350,8,Mì gói & Thực phẩm khô,124
SP004833,Mì ly Modern lẩu thái tôm 65g (Lô 77),Ly,9975,8,Mì gói & Thực phẩm khô,131
SP004834,Nước rửa chén Sunlight chanh can 3.6kg (Lô 77),Can,114450,10,Hóa mỹ phẩm & Tẩy rửa,138
SP004835,Nước giặt OMO Matic cửa trên túi 3.6kg (Lô 77),Túi,183750,10,Hóa mỹ phẩm & Tẩy rửa,145
SP004836,Nước xả vải Comfort đậm đặc túi 3.2L (Lô 77),Túi,198450,10,Hóa mỹ phẩm & Tẩy rửa,152
SP004837,Dầu gội Clear thảo dược mát lạnh 630g (Lô 77),Chai,173250,10,Hóa mỹ phẩm & Tẩy rửa,159
SP004838,Dầu gội Pantene suôn mượt 650ml (Lô 77),Chai,162750,10,Hóa mỹ phẩm & Tẩy rửa,166
SP004839,Sữa tắm Lifebuoy bảo vệ vượt trội 800g (Lô 77),Chai,156450,10,Hóa mỹ phẩm & Tẩy rửa,173
SP004840,Kem đánh răng Colgate Total 12 180g (Lô 77),Tuýp,44100,10,Hóa mỹ phẩm & Tẩy rửa,180
SP004841,Bàn chải đánh răng P/S than tre (Lô 77),Cái,18900,10,Hóa mỹ phẩm & Tẩy rửa,187
SP004842,Nước lau sàn Sunlight hoa lily túi 3.6kg (Lô 77),Túi,89250,10,Hóa mỹ phẩm & Tẩy rửa,194
SP004843,Xịt muỗi Raid hương cam chanh 600ml (Lô 77),Chai,71400,10,Hóa mỹ phẩm & Tẩy rửa,201
SP004844,Giấy vệ sinh cuộn cao cấp Pulppy lốc 10 cuộn (Lô 77),Lốc,96600,8,Đồ gia dụng & Tiện ích,208
SP004845,Khăn giấy lụa rút Paseo 200 tờ (Lô 77),Hộp,26250,8,Đồ gia dụng & Tiện ích,215
SP004846,Màng bọc thực phẩm PE Sunhouse 30cmx150m (Lô 77),Hộp,78750,8,Đồ gia dụng & Tiện ích,222
SP004847,Túi rác đen tự hủy sinh học Opec 3 cuộn (Lô 77),Gói,39900,8,Đồ gia dụng & Tiện ích,229
SP004848,Băng dính dán thùng trong suốt 5cm x 100y (Lô 77),Cuộn,16800,8,Đồ gia dụng & Tiện ích,236
SP004849,Pin tiểu AA Panasonic vỉ 4 viên (Lô 77),Vỉ,27300,8,Đồ gia dụng & Tiện ích,243
SP004850,Khẩu trang y tế 4 lớp kháng khuẩn hộp 50 cái (Lô 77),Hộp,36750,8,Đồ gia dụng & Tiện ích,250
SP004851,Nước rửa tay Lifebuoy hương chanh chai 450ml (Lô 77),Chai,54600,8,Đồ gia dụng & Tiện ích,257
SP004852,Coca Cola Sleek 320ml (Lô 78),Lon,12100,8,Đồ uống & Giải khát,264
SP004853,Pepsi Sleek 320ml (Lô 78),Lon,11550,8,Đồ uống & Giải khát,271
SP004854,Nước cam ép Twister 450ml (Lô 78),Chai,13200,8,Đồ uống & Giải khát,278
SP004855,Trà xanh Không Độ 455ml (Lô 78),Chai,11000,8,Đồ uống & Giải khát,285
SP004856,Trà Ô Long Tea+ Plus 455ml (Lô 78),Chai,13200,8,Đồ uống & Giải khát,292
SP004857,Nước tăng lực Red Bull 250ml (Lô 78),Lon,15400,8,Đồ uống & Giải khát,299
SP004858,Nước khoáng Lavie 500ml (Lô 78),Chai,6600,8,Đồ uống & Giải khát,306
SP004859,Nước tinh khiết Aquafina 500ml (Lô 78),Chai,6600,8,Đồ uống & Giải khát,313
SP004860,Cà phê sữa đá Highlands 235ml (Lô 78),Lon,17600,8,Đồ uống & Giải khát,320
SP004861,Bia Heineken Sleek 330ml (Lô 78),Lon,24200,10,Đồ uống & Giải khát,327
SP004862,Bia Tiger Crystal 330ml (Lô 78),Lon,21450,10,Đồ uống & Giải khát,334
SP004863,Bia Sài Gòn Special 330ml (Lô 78),Lon,18150,10,Đồ uống & Giải khát,341
SP004864,Sữa tươi tiệt trùng Vinamilk 180ml (Lô 78),Hộp,9350,0,Đồ uống & Giải khát,348
SP004865,Sữa chua uống Susu 110ml (Lô 78),Chai,7150,0,Đồ uống & Giải khát,355
SP004866,Nước ép bưởi hồng Vfresh 1L (Lô 78),Hộp,42900,8,Đồ uống & Giải khát,362
SP004867,Bánh ChocoPie Orion hộp 12 cái (Lô 78),Hộp,63800,8,Bánh kẹo & Ăn vặt,369
SP004868,Bánh Cosy mè giòn rụm Kinh Đô 288g (Lô 78),Gói,31900,8,Bánh kẹo & Ăn vặt,376
SP004869,Snack khoai tây Ostar vị tảo biển 90g (Lô 78),Gói,20900,8,Bánh kẹo & Ăn vặt,383
SP004870,Snack khoai tây Lay's tự nhiên 95g (Lô 78),Gói,23100,8,Bánh kẹo & Ăn vặt,390
SP004871,Bánh que Pocky socola Glico 40g (Lô 78),Hộp,15400,8,Bánh kẹo & Ăn vặt,397
SP004872,Kẹo dẻo Chupa Chups Sour Tubes 160g (Lô 78),Gói,26400,8,Bánh kẹo & Ăn vặt,404
SP004873,Bánh mì tươi nhân bơ sữa Kinh Đô 80g (Lô 78),Cái,9900,8,Bánh kẹo & Ăn vặt,411
SP004874,Bánh xốp Nabati phô mai 130g (Lô 78),Hộp,13200,8,Bánh kẹo & Ăn vặt,418
SP004875,Hạt điều rang muối vỏ lụa Bình Phước 500g (Lô 78),Hộp,148500,8,Bánh kẹo & Ăn vặt,425
SP004876,Hạt hướng dương Chacheer 130g (Lô 78),Gói,16500,8,Bánh kẹo & Ăn vặt,432
SP004877,Rong biển sấy vị truyền thống TaoKaeNoi 32g (Lô 78),Gói,28600,8,Bánh kẹo & Ăn vặt,439
SP004878,Nước mắm Nam Ngư Đệ Nhị chai 900ml (Lô 78),Chai,30800,8,Gia vị & Đồ nấu nướng,446
SP004879,Nước mắm Chinsu Cá Hồi chai 500ml (Lô 78),Chai,51700,8,Gia vị & Đồ nấu nướng,453
SP004880,Dầu ăn Simply đậu nành can 1L (Lô 78),Chai,64900,8,Gia vị & Đồ nấu nướng,460
SP004881,Dầu ăn Neptune Gold can 2L (Lô 78),Chai,148500,8,Gia vị & Đồ nấu nướng,467
SP004882,Hạt nêm Knorr thịt thăn xương ống 400g (Lô 78),Gói,40700,8,Gia vị & Đồ nấu nướng,474
SP004883,Bột ngọt Ajinomoto gói 454g (Lô 78),Gói,37400,8,Gia vị & Đồ nấu nướng,481
SP004884,Tương ớt Chinsu nắp bật 250g (Lô 78),Chai,16500,8,Gia vị & Đồ nấu nướng,488
SP004885,Tương cà Cholimex chai 330g (Lô 78),Chai,17600,8,Gia vị & Đồ nấu nướng,495
SP004886,Muối I-ốt Bạc Liêu túi 500g (Lô 78),Gói,6600,8,Gia vị & Đồ nấu nướng,52
SP004887,Đường tinh luyện Biên Hòa Daily 1kg (Lô 78),Gói,34100,8,Gia vị & Đồ nấu nướng,59
SP004888,Mì tôm Hảo Hảo tôm chua cay 75g (Lô 78),Gói,4950,8,Mì gói & Thực phẩm khô,66
SP004889,Mì Omachi sườn hầm ngũ quả 80g (Lô 78),Gói,9350,8,Mì gói & Thực phẩm khô,73
SP004890,Mì trộn Indomie Mi Goreng 85g (Lô 78),Gói,7150,8,Mì gói & Thực phẩm khô,80
SP004891,Phở gà Đệ Nhất Acecook 68g (Lô 78),Gói,8800,8,Mì gói & Thực phẩm khô,87
SP004892,Miến Phú Hương yến tiệc 210g (Lô 78),Gói,24200,8,Mì gói & Thực phẩm khô,94
SP004893,Cháo thịt bằm Cung Đình gói 50g (Lô 78),Gói,7700,8,Mì gói & Thực phẩm khô,101
SP004894,Cá nục sốt cà 3 Cô Gái lon 155g (Lô 78),Lon,20900,8,Mì gói & Thực phẩm khô,108
SP004895,Pate thịt heo Hạ Long lon 150g (Lô 78),Lon,29700,8,Mì gói & Thực phẩm khô,115
SP004896,Mì ly Modern lẩu thái tôm 65g (Lô 78),Ly,10450,8,Mì gói & Thực phẩm khô,122
SP004897,Nước rửa chén Sunlight chanh can 3.6kg (Lô 78),Can,119900,10,Hóa mỹ phẩm & Tẩy rửa,129
SP004898,Nước giặt OMO Matic cửa trên túi 3.6kg (Lô 78),Túi,192500,10,Hóa mỹ phẩm & Tẩy rửa,136
SP004899,Nước xả vải Comfort đậm đặc túi 3.2L (Lô 78),Túi,207900,10,Hóa mỹ phẩm & Tẩy rửa,143
SP004900,Dầu gội Clear thảo dược mát lạnh 630g (Lô 78),Chai,181500,10,Hóa mỹ phẩm & Tẩy rửa,150
SP004901,Dầu gội Pantene suôn mượt 650ml (Lô 78),Chai,170500,10,Hóa mỹ phẩm & Tẩy rửa,157
SP004902,Sữa tắm Lifebuoy bảo vệ vượt trội 800g (Lô 78),Chai,163900,10,Hóa mỹ phẩm & Tẩy rửa,164
SP004903,Kem đánh răng Colgate Total 12 180g (Lô 78),Tuýp,46200,10,Hóa mỹ phẩm & Tẩy rửa,171
SP004904,Bàn chải đánh răng P/S than tre (Lô 78),Cái,19800,10,Hóa mỹ phẩm & Tẩy rửa,178
SP004905,Nước lau sàn Sunlight hoa lily túi 3.6kg (Lô 78),Túi,93500,10,Hóa mỹ phẩm & Tẩy rửa,185
SP004906,Xịt muỗi Raid hương cam chanh 600ml (Lô 78),Chai,74800,10,Hóa mỹ phẩm & Tẩy rửa,192
SP004907,Giấy vệ sinh cuộn cao cấp Pulppy lốc 10 cuộn (Lô 78),Lốc,101200,8,Đồ gia dụng & Tiện ích,199
SP004908,Khăn giấy lụa rút Paseo 200 tờ (Lô 78),Hộp,27500,8,Đồ gia dụng & Tiện ích,206
SP004909,Màng bọc thực phẩm PE Sunhouse 30cmx150m (Lô 78),Hộp,82500,8,Đồ gia dụng & Tiện ích,213
SP004910,Túi rác đen tự hủy sinh học Opec 3 cuộn (Lô 78),Gói,41800,8,Đồ gia dụng & Tiện ích,220
SP004911,Băng dính dán thùng trong suốt 5cm x 100y (Lô 78),Cuộn,17600,8,Đồ gia dụng & Tiện ích,227
SP004912,Pin tiểu AA Panasonic vỉ 4 viên (Lô 78),Vỉ,28600,8,Đồ gia dụng & Tiện ích,234
SP004913,Khẩu trang y tế 4 lớp kháng khuẩn hộp 50 cái (Lô 78),Hộp,38500,8,Đồ gia dụng & Tiện ích,241
SP004914,Nước rửa tay Lifebuoy hương chanh chai 450ml (Lô 78),Chai,57200,8,Đồ gia dụng & Tiện ích,248
SP004915,Coca Cola Sleek 320ml (Lô 79),Lon,12649,8,Đồ uống & Giải khát,255
SP004916,Pepsi Sleek 320ml (Lô 79),Lon,12074,8,Đồ uống & Giải khát,262
SP004917,Nước cam ép Twister 450ml (Lô 79),Chai,13799,8,Đồ uống & Giải khát,269
SP004918,Trà xanh Không Độ 455ml (Lô 79),Chai,11500,8,Đồ uống & Giải khát,276
SP004919,Trà Ô Long Tea+ Plus 455ml (Lô 79),Chai,13799,8,Đồ uống & Giải khát,283
SP004920,Nước tăng lực Red Bull 250ml (Lô 79),Lon,16099,8,Đồ uống & Giải khát,290
SP004921,Nước khoáng Lavie 500ml (Lô 79),Chai,6899,8,Đồ uống & Giải khát,297
SP004922,Nước tinh khiết Aquafina 500ml (Lô 79),Chai,6899,8,Đồ uống & Giải khát,304
SP004923,Cà phê sữa đá Highlands 235ml (Lô 79),Lon,18400,8,Đồ uống & Giải khát,311
SP004924,Bia Heineken Sleek 330ml (Lô 79),Lon,25299,10,Đồ uống & Giải khát,318
SP004925,Bia Tiger Crystal 330ml (Lô 79),Lon,22425,10,Đồ uống & Giải khát,325
SP004926,Bia Sài Gòn Special 330ml (Lô 79),Lon,18975,10,Đồ uống & Giải khát,332
SP004927,Sữa tươi tiệt trùng Vinamilk 180ml (Lô 79),Hộp,9775,0,Đồ uống & Giải khát,339
SP004928,Sữa chua uống Susu 110ml (Lô 79),Chai,7474,0,Đồ uống & Giải khát,346
SP004929,Nước ép bưởi hồng Vfresh 1L (Lô 79),Hộp,44850,8,Đồ uống & Giải khát,353
SP004930,Bánh ChocoPie Orion hộp 12 cái (Lô 79),Hộp,66700,8,Bánh kẹo & Ăn vặt,360
SP004931,Bánh Cosy mè giòn rụm Kinh Đô 288g (Lô 79),Gói,33350,8,Bánh kẹo & Ăn vặt,367
SP004932,Snack khoai tây Ostar vị tảo biển 90g (Lô 79),Gói,21850,8,Bánh kẹo & Ăn vặt,374
SP004933,Snack khoai tây Lay's tự nhiên 95g (Lô 79),Gói,24149,8,Bánh kẹo & Ăn vặt,381
SP004934,Bánh que Pocky socola Glico 40g (Lô 79),Hộp,16099,8,Bánh kẹo & Ăn vặt,388
SP004935,Kẹo dẻo Chupa Chups Sour Tubes 160g (Lô 79),Gói,27599,8,Bánh kẹo & Ăn vặt,395
SP004936,Bánh mì tươi nhân bơ sữa Kinh Đô 80g (Lô 79),Cái,10350,8,Bánh kẹo & Ăn vặt,402
SP004937,Bánh xốp Nabati phô mai 130g (Lô 79),Hộp,13799,8,Bánh kẹo & Ăn vặt,409
SP004938,Hạt điều rang muối vỏ lụa Bình Phước 500g (Lô 79),Hộp,155250,8,Bánh kẹo & Ăn vặt,416
SP004939,Hạt hướng dương Chacheer 130g (Lô 79),Gói,17250,8,Bánh kẹo & Ăn vặt,423
SP004940,Rong biển sấy vị truyền thống TaoKaeNoi 32g (Lô 79),Gói,29899,8,Bánh kẹo & Ăn vặt,430
SP004941,Nước mắm Nam Ngư Đệ Nhị chai 900ml (Lô 79),Chai,32199,8,Gia vị & Đồ nấu nướng,437
SP004942,Nước mắm Chinsu Cá Hồi chai 500ml (Lô 79),Chai,54049,8,Gia vị & Đồ nấu nướng,444
SP004943,Dầu ăn Simply đậu nành can 1L (Lô 79),Chai,67850,8,Gia vị & Đồ nấu nướng,451
SP004944,Dầu ăn Neptune Gold can 2L (Lô 79),Chai,155250,8,Gia vị & Đồ nấu nướng,458
SP004945,Hạt nêm Knorr thịt thăn xương ống 400g (Lô 79),Gói,42550,8,Gia vị & Đồ nấu nướng,465
SP004946,Bột ngọt Ajinomoto gói 454g (Lô 79),Gói,39100,8,Gia vị & Đồ nấu nướng,472
SP004947,Tương ớt Chinsu nắp bật 250g (Lô 79),Chai,17250,8,Gia vị & Đồ nấu nướng,479
SP004948,Tương cà Cholimex chai 330g (Lô 79),Chai,18400,8,Gia vị & Đồ nấu nướng,486
SP004949,Muối I-ốt Bạc Liêu túi 500g (Lô 79),Gói,6899,8,Gia vị & Đồ nấu nướng,493
SP004950,Đường tinh luyện Biên Hòa Daily 1kg (Lô 79),Gói,35650,8,Gia vị & Đồ nấu nướng,50
SP004951,Mì tôm Hảo Hảo tôm chua cay 75g (Lô 79),Gói,5175,8,Mì gói & Thực phẩm khô,57
SP004952,Mì Omachi sườn hầm ngũ quả 80g (Lô 79),Gói,9775,8,Mì gói & Thực phẩm khô,64
SP004953,Mì trộn Indomie Mi Goreng 85g (Lô 79),Gói,7474,8,Mì gói & Thực phẩm khô,71
SP004954,Phở gà Đệ Nhất Acecook 68g (Lô 79),Gói,9200,8,Mì gói & Thực phẩm khô,78
SP004955,Miến Phú Hương yến tiệc 210g (Lô 79),Gói,25299,8,Mì gói & Thực phẩm khô,85
SP004956,Cháo thịt bằm Cung Đình gói 50g (Lô 79),Gói,8049,8,Mì gói & Thực phẩm khô,92
SP004957,Cá nục sốt cà 3 Cô Gái lon 155g (Lô 79),Lon,21850,8,Mì gói & Thực phẩm khô,99
SP004958,Pate thịt heo Hạ Long lon 150g (Lô 79),Lon,31049,8,Mì gói & Thực phẩm khô,106
SP004959,Mì ly Modern lẩu thái tôm 65g (Lô 79),Ly,10925,8,Mì gói & Thực phẩm khô,113
SP004960,Nước rửa chén Sunlight chanh can 3.6kg (Lô 79),Can,125349,10,Hóa mỹ phẩm & Tẩy rửa,120
SP004961,Nước giặt OMO Matic cửa trên túi 3.6kg (Lô 79),Túi,201249,10,Hóa mỹ phẩm & Tẩy rửa,127
SP004962,Nước xả vải Comfort đậm đặc túi 3.2L (Lô 79),Túi,217349,10,Hóa mỹ phẩm & Tẩy rửa,134
SP004963,Dầu gội Clear thảo dược mát lạnh 630g (Lô 79),Chai,189749,10,Hóa mỹ phẩm & Tẩy rửa,141
SP004964,Dầu gội Pantene suôn mượt 650ml (Lô 79),Chai,178250,10,Hóa mỹ phẩm & Tẩy rửa,148
SP004965,Sữa tắm Lifebuoy bảo vệ vượt trội 800g (Lô 79),Chai,171350,10,Hóa mỹ phẩm & Tẩy rửa,155
SP004966,Kem đánh răng Colgate Total 12 180g (Lô 79),Tuýp,48299,10,Hóa mỹ phẩm & Tẩy rửa,162
SP004967,Bàn chải đánh răng P/S than tre (Lô 79),Cái,20700,10,Hóa mỹ phẩm & Tẩy rửa,169
SP004968,Nước lau sàn Sunlight hoa lily túi 3.6kg (Lô 79),Túi,97749,10,Hóa mỹ phẩm & Tẩy rửa,176
SP004969,Xịt muỗi Raid hương cam chanh 600ml (Lô 79),Chai,78200,10,Hóa mỹ phẩm & Tẩy rửa,183
SP004970,Giấy vệ sinh cuộn cao cấp Pulppy lốc 10 cuộn (Lô 79),Lốc,105799,8,Đồ gia dụng & Tiện ích,190
SP004971,Khăn giấy lụa rút Paseo 200 tờ (Lô 79),Hộp,28749,8,Đồ gia dụng & Tiện ích,197
SP004972,Màng bọc thực phẩm PE Sunhouse 30cmx150m (Lô 79),Hộp,86250,8,Đồ gia dụng & Tiện ích,204
SP004973,Túi rác đen tự hủy sinh học Opec 3 cuộn (Lô 79),Gói,43700,8,Đồ gia dụng & Tiện ích,211
SP004974,Băng dính dán thùng trong suốt 5cm x 100y (Lô 79),Cuộn,18400,8,Đồ gia dụng & Tiện ích,218
SP004975,Pin tiểu AA Panasonic vỉ 4 viên (Lô 79),Vỉ,29899,8,Đồ gia dụng & Tiện ích,225
SP004976,Khẩu trang y tế 4 lớp kháng khuẩn hộp 50 cái (Lô 79),Hộp,40250,8,Đồ gia dụng & Tiện ích,232
SP004977,Nước rửa tay Lifebuoy hương chanh chai 450ml (Lô 79),Chai,59799,8,Đồ gia dụng & Tiện ích,239
SP004978,Coca Cola Sleek 320ml (Lô 80),Lon,13200,8,Đồ uống & Giải khát,246
SP004979,Pepsi Sleek 320ml (Lô 80),Lon,12600,8,Đồ uống & Giải khát,253
SP004980,Nước cam ép Twister 450ml (Lô 80),Chai,14400,8,Đồ uống & Giải khát,260
SP004981,Trà xanh Không Độ 455ml (Lô 80),Chai,12000,8,Đồ uống & Giải khát,267
SP004982,Trà Ô Long Tea+ Plus 455ml (Lô 80),Chai,14400,8,Đồ uống & Giải khát,274
SP004983,Nước tăng lực Red Bull 250ml (Lô 80),Lon,16800,8,Đồ uống & Giải khát,281
SP004984,Nước khoáng Lavie 500ml (Lô 80),Chai,7200,8,Đồ uống & Giải khát,288
SP004985,Nước tinh khiết Aquafina 500ml (Lô 80),Chai,7200,8,Đồ uống & Giải khát,295
SP004986,Cà phê sữa đá Highlands 235ml (Lô 80),Lon,19200,8,Đồ uống & Giải khát,302
SP004987,Bia Heineken Sleek 330ml (Lô 80),Lon,26400,10,Đồ uống & Giải khát,309
SP004988,Bia Tiger Crystal 330ml (Lô 80),Lon,23400,10,Đồ uống & Giải khát,316
SP004989,Bia Sài Gòn Special 330ml (Lô 80),Lon,19800,10,Đồ uống & Giải khát,323
SP004990,Sữa tươi tiệt trùng Vinamilk 180ml (Lô 80),Hộp,10200,0,Đồ uống & Giải khát,330
SP004991,Sữa chua uống Susu 110ml (Lô 80),Chai,7800,0,Đồ uống & Giải khát,337
SP004992,Nước ép bưởi hồng Vfresh 1L (Lô 80),Hộp,46800,8,Đồ uống & Giải khát,344
SP004993,Bánh ChocoPie Orion hộp 12 cái (Lô 80),Hộp,69600,8,Bánh kẹo & Ăn vặt,351
SP004994,Bánh Cosy mè giòn rụm Kinh Đô 288g (Lô 80),Gói,34800,8,Bánh kẹo & Ăn vặt,358
SP004995,Snack khoai tây Ostar vị tảo biển 90g (Lô 80),Gói,22800,8,Bánh kẹo & Ăn vặt,365
SP004996,Snack khoai tây Lay's tự nhiên 95g (Lô 80),Gói,25200,8,Bánh kẹo & Ăn vặt,372
SP004997,Bánh que Pocky socola Glico 40g (Lô 80),Hộp,16800,8,Bánh kẹo & Ăn vặt,379
SP004998,Kẹo dẻo Chupa Chups Sour Tubes 160g (Lô 80),Gói,28800,8,Bánh kẹo & Ăn vặt,386
SP004999,Bánh mì tươi nhân bơ sữa Kinh Đô 80g (Lô 80),Cái,10800,8,Bánh kẹo & Ăn vặt,393
SP005000,Bánh xốp Nabati phô mai 130g (Lô 80),Hộp,14400,8,Bánh kẹo & Ăn vặt,400
SP005001,Hạt điều rang muối vỏ lụa Bình Phước 500g (Lô 80),Hộp,162000,8,Bánh kẹo & Ăn vặt,407
SP005002,Hạt hướng dương Chacheer 130g (Lô 80),Gói,18000,8,Bánh kẹo & Ăn vặt,414
SP005003,Rong biển sấy vị truyền thống TaoKaeNoi 32g (Lô 80),Gói,31200,8,Bánh kẹo & Ăn vặt,421
SP005004,Nước mắm Nam Ngư Đệ Nhị chai 900ml (Lô 80),Chai,33600,8,Gia vị & Đồ nấu nướng,428
SP005005,Nước mắm Chinsu Cá Hồi chai 500ml (Lô 80),Chai,56400,8,Gia vị & Đồ nấu nướng,435
SP005006,Dầu ăn Simply đậu nành can 1L (Lô 80),Chai,70800,8,Gia vị & Đồ nấu nướng,442
SP005007,Dầu ăn Neptune Gold can 2L (Lô 80),Chai,162000,8,Gia vị & Đồ nấu nướng,449
SP005008,Hạt nêm Knorr thịt thăn xương ống 400g (Lô 80),Gói,44400,8,Gia vị & Đồ nấu nướng,456
SP005009,Bột ngọt Ajinomoto gói 454g (Lô 80),Gói,40800,8,Gia vị & Đồ nấu nướng,463
SP005010,Tương ớt Chinsu nắp bật 250g (Lô 80),Chai,18000,8,Gia vị & Đồ nấu nướng,470
SP005011,Tương cà Cholimex chai 330g (Lô 80),Chai,19200,8,Gia vị & Đồ nấu nướng,477
SP005012,Muối I-ốt Bạc Liêu túi 500g (Lô 80),Gói,7200,8,Gia vị & Đồ nấu nướng,484
SP005013,Đường tinh luyện Biên Hòa Daily 1kg (Lô 80),Gói,37200,8,Gia vị & Đồ nấu nướng,491
SP005014,Mì tôm Hảo Hảo tôm chua cay 75g (Lô 80),Gói,5400,8,Mì gói & Thực phẩm khô,498
SP005015,Mì Omachi sườn hầm ngũ quả 80g (Lô 80),Gói,10200,8,Mì gói & Thực phẩm khô,55
SP005016,Mì trộn Indomie Mi Goreng 85g (Lô 80),Gói,7800,8,Mì gói & Thực phẩm khô,62
SP005017,Phở gà Đệ Nhất Acecook 68g (Lô 80),Gói,9600,8,Mì gói & Thực phẩm khô,69
SP005018,Miến Phú Hương yến tiệc 210g (Lô 80),Gói,26400,8,Mì gói & Thực phẩm khô,76
SP005019,Cháo thịt bằm Cung Đình gói 50g (Lô 80),Gói,8400,8,Mì gói & Thực phẩm khô,83
SP005020,Cá nục sốt cà 3 Cô Gái lon 155g (Lô 80),Lon,22800,8,Mì gói & Thực phẩm khô,90
SP005021,Pate thịt heo Hạ Long lon 150g (Lô 80),Lon,32400,8,Mì gói & Thực phẩm khô,97
SP005022,Mì ly Modern lẩu thái tôm 65g (Lô 80),Ly,11400,8,Mì gói & Thực phẩm khô,104
SP005023,Nước rửa chén Sunlight chanh can 3.6kg (Lô 80),Can,130800,10,Hóa mỹ phẩm & Tẩy rửa,111
SP005024,Nước giặt OMO Matic cửa trên túi 3.6kg (Lô 80),Túi,210000,10,Hóa mỹ phẩm & Tẩy rửa,118
SP005025,Nước xả vải Comfort đậm đặc túi 3.2L (Lô 80),Túi,226800,10,Hóa mỹ phẩm & Tẩy rửa,125
SP005026,Dầu gội Clear thảo dược mát lạnh 630g (Lô 80),Chai,198000,10,Hóa mỹ phẩm & Tẩy rửa,132
SP005027,Dầu gội Pantene suôn mượt 650ml (Lô 80),Chai,186000,10,Hóa mỹ phẩm & Tẩy rửa,139
SP005028,Sữa tắm Lifebuoy bảo vệ vượt trội 800g (Lô 80),Chai,178800,10,Hóa mỹ phẩm & Tẩy rửa,146
SP005029,Kem đánh răng Colgate Total 12 180g (Lô 80),Tuýp,50400,10,Hóa mỹ phẩm & Tẩy rửa,153
SP005030,Bàn chải đánh răng P/S than tre (Lô 80),Cái,21600,10,Hóa mỹ phẩm & Tẩy rửa,160
SP005031,Nước lau sàn Sunlight hoa lily túi 3.6kg (Lô 80),Túi,102000,10,Hóa mỹ phẩm & Tẩy rửa,167
SP005032,Xịt muỗi Raid hương cam chanh 600ml (Lô 80),Chai,81600,10,Hóa mỹ phẩm & Tẩy rửa,174
SP005033,Giấy vệ sinh cuộn cao cấp Pulppy lốc 10 cuộn (Lô 80),Lốc,110400,8,Đồ gia dụng & Tiện ích,181
SP005034,Khăn giấy lụa rút Paseo 200 tờ (Lô 80),Hộp,30000,8,Đồ gia dụng & Tiện ích,188
SP005035,Màng bọc thực phẩm PE Sunhouse 30cmx150m (Lô 80),Hộp,90000,8,Đồ gia dụng & Tiện ích,195
SP005036,Túi rác đen tự hủy sinh học Opec 3 cuộn (Lô 80),Gói,45600,8,Đồ gia dụng & Tiện ích,202
SP005037,Băng dính dán thùng trong suốt 5cm x 100y (Lô 80),Cuộn,19200,8,Đồ gia dụng & Tiện ích,209
SP005038,Pin tiểu AA Panasonic vỉ 4 viên (Lô 80),Vỉ,31200,8,Đồ gia dụng & Tiện ích,216
SP005039,Khẩu trang y tế 4 lớp kháng khuẩn hộp 50 cái (Lô 80),Hộp,42000,8,Đồ gia dụng & Tiện ích,223
SP005040,Nước rửa tay Lifebuoy hương chanh chai 450ml (Lô 80),Chai,62400,8,Đồ gia dụng & Tiện ích,230
SP005041,Coca Cola Sleek 320ml (Lô 81),Lon,11000,8,Đồ uống & Giải khát,237
SP005042,Pepsi Sleek 320ml (Lô 81),Lon,10500,8,Đồ uống & Giải khát,244
SP005043,Nước cam ép Twister 450ml (Lô 81),Chai,12000,8,Đồ uống & Giải khát,251
SP005044,Trà xanh Không Độ 455ml (Lô 81),Chai,10000,8,Đồ uống & Giải khát,258
SP005045,Trà Ô Long Tea+ Plus 455ml (Lô 81),Chai,12000,8,Đồ uống & Giải khát,265
SP005046,Nước tăng lực Red Bull 250ml (Lô 81),Lon,14000,8,Đồ uống & Giải khát,272
SP005047,Nước khoáng Lavie 500ml (Lô 81),Chai,6000,8,Đồ uống & Giải khát,279
SP005048,Nước tinh khiết Aquafina 500ml (Lô 81),Chai,6000,8,Đồ uống & Giải khát,286
SP005049,Cà phê sữa đá Highlands 235ml (Lô 81),Lon,16000,8,Đồ uống & Giải khát,293
SP005050,Bia Heineken Sleek 330ml (Lô 81),Lon,22000,10,Đồ uống & Giải khát,300
SP005051,Bia Tiger Crystal 330ml (Lô 81),Lon,19500,10,Đồ uống & Giải khát,307
SP005052,Bia Sài Gòn Special 330ml (Lô 81),Lon,16500,10,Đồ uống & Giải khát,314
SP005053,Sữa tươi tiệt trùng Vinamilk 180ml (Lô 81),Hộp,8500,0,Đồ uống & Giải khát,321
SP005054,Sữa chua uống Susu 110ml (Lô 81),Chai,6500,0,Đồ uống & Giải khát,328
SP005055,Nước ép bưởi hồng Vfresh 1L (Lô 81),Hộp,39000,8,Đồ uống & Giải khát,335
SP005056,Bánh ChocoPie Orion hộp 12 cái (Lô 81),Hộp,58000,8,Bánh kẹo & Ăn vặt,342
SP005057,Bánh Cosy mè giòn rụm Kinh Đô 288g (Lô 81),Gói,29000,8,Bánh kẹo & Ăn vặt,349
SP005058,Snack khoai tây Ostar vị tảo biển 90g (Lô 81),Gói,19000,8,Bánh kẹo & Ăn vặt,356
SP005059,Snack khoai tây Lay's tự nhiên 95g (Lô 81),Gói,21000,8,Bánh kẹo & Ăn vặt,363
SP005060,Bánh que Pocky socola Glico 40g (Lô 81),Hộp,14000,8,Bánh kẹo & Ăn vặt,370
SP005061,Kẹo dẻo Chupa Chups Sour Tubes 160g (Lô 81),Gói,24000,8,Bánh kẹo & Ăn vặt,377
SP005062,Bánh mì tươi nhân bơ sữa Kinh Đô 80g (Lô 81),Cái,9000,8,Bánh kẹo & Ăn vặt,384
SP005063,Bánh xốp Nabati phô mai 130g (Lô 81),Hộp,12000,8,Bánh kẹo & Ăn vặt,391
SP005064,Hạt điều rang muối vỏ lụa Bình Phước 500g (Lô 81),Hộp,135000,8,Bánh kẹo & Ăn vặt,398
SP005065,Hạt hướng dương Chacheer 130g (Lô 81),Gói,15000,8,Bánh kẹo & Ăn vặt,405
SP005066,Rong biển sấy vị truyền thống TaoKaeNoi 32g (Lô 81),Gói,26000,8,Bánh kẹo & Ăn vặt,412
SP005067,Nước mắm Nam Ngư Đệ Nhị chai 900ml (Lô 81),Chai,28000,8,Gia vị & Đồ nấu nướng,419
SP005068,Nước mắm Chinsu Cá Hồi chai 500ml (Lô 81),Chai,47000,8,Gia vị & Đồ nấu nướng,426
SP005069,Dầu ăn Simply đậu nành can 1L (Lô 81),Chai,59000,8,Gia vị & Đồ nấu nướng,433
SP005070,Dầu ăn Neptune Gold can 2L (Lô 81),Chai,135000,8,Gia vị & Đồ nấu nướng,440
SP005071,Hạt nêm Knorr thịt thăn xương ống 400g (Lô 81),Gói,37000,8,Gia vị & Đồ nấu nướng,447
SP005072,Bột ngọt Ajinomoto gói 454g (Lô 81),Gói,34000,8,Gia vị & Đồ nấu nướng,454
SP005073,Tương ớt Chinsu nắp bật 250g (Lô 81),Chai,15000,8,Gia vị & Đồ nấu nướng,461
SP005074,Tương cà Cholimex chai 330g (Lô 81),Chai,16000,8,Gia vị & Đồ nấu nướng,468
SP005075,Muối I-ốt Bạc Liêu túi 500g (Lô 81),Gói,6000,8,Gia vị & Đồ nấu nướng,475
SP005076,Đường tinh luyện Biên Hòa Daily 1kg (Lô 81),Gói,31000,8,Gia vị & Đồ nấu nướng,482
SP005077,Mì tôm Hảo Hảo tôm chua cay 75g (Lô 81),Gói,4500,8,Mì gói & Thực phẩm khô,489
SP005078,Mì Omachi sườn hầm ngũ quả 80g (Lô 81),Gói,8500,8,Mì gói & Thực phẩm khô,496
SP005079,Mì trộn Indomie Mi Goreng 85g (Lô 81),Gói,6500,8,Mì gói & Thực phẩm khô,53
SP005080,Phở gà Đệ Nhất Acecook 68g (Lô 81),Gói,8000,8,Mì gói & Thực phẩm khô,60
SP005081,Miến Phú Hương yến tiệc 210g (Lô 81),Gói,22000,8,Mì gói & Thực phẩm khô,67
SP005082,Cháo thịt bằm Cung Đình gói 50g (Lô 81),Gói,7000,8,Mì gói & Thực phẩm khô,74
SP005083,Cá nục sốt cà 3 Cô Gái lon 155g (Lô 81),Lon,19000,8,Mì gói & Thực phẩm khô,81
SP005084,Pate thịt heo Hạ Long lon 150g (Lô 81),Lon,27000,8,Mì gói & Thực phẩm khô,88
SP005085,Mì ly Modern lẩu thái tôm 65g (Lô 81),Ly,9500,8,Mì gói & Thực phẩm khô,95
SP005086,Nước rửa chén Sunlight chanh can 3.6kg (Lô 81),Can,109000,10,Hóa mỹ phẩm & Tẩy rửa,102
SP005087,Nước giặt OMO Matic cửa trên túi 3.6kg (Lô 81),Túi,175000,10,Hóa mỹ phẩm & Tẩy rửa,109
SP005088,Nước xả vải Comfort đậm đặc túi 3.2L (Lô 81),Túi,189000,10,Hóa mỹ phẩm & Tẩy rửa,116
SP005089,Dầu gội Clear thảo dược mát lạnh 630g (Lô 81),Chai,165000,10,Hóa mỹ phẩm & Tẩy rửa,123
SP005090,Dầu gội Pantene suôn mượt 650ml (Lô 81),Chai,155000,10,Hóa mỹ phẩm & Tẩy rửa,130
SP005091,Sữa tắm Lifebuoy bảo vệ vượt trội 800g (Lô 81),Chai,149000,10,Hóa mỹ phẩm & Tẩy rửa,137
SP005092,Kem đánh răng Colgate Total 12 180g (Lô 81),Tuýp,42000,10,Hóa mỹ phẩm & Tẩy rửa,144
SP005093,Bàn chải đánh răng P/S than tre (Lô 81),Cái,18000,10,Hóa mỹ phẩm & Tẩy rửa,151
SP005094,Nước lau sàn Sunlight hoa lily túi 3.6kg (Lô 81),Túi,85000,10,Hóa mỹ phẩm & Tẩy rửa,158
SP005095,Xịt muỗi Raid hương cam chanh 600ml (Lô 81),Chai,68000,10,Hóa mỹ phẩm & Tẩy rửa,165
SP005096,Giấy vệ sinh cuộn cao cấp Pulppy lốc 10 cuộn (Lô 81),Lốc,92000,8,Đồ gia dụng & Tiện ích,172
SP005097,Khăn giấy lụa rút Paseo 200 tờ (Lô 81),Hộp,25000,8,Đồ gia dụng & Tiện ích,179
SP005098,Màng bọc thực phẩm PE Sunhouse 30cmx150m (Lô 81),Hộp,75000,8,Đồ gia dụng & Tiện ích,186
SP005099,Túi rác đen tự hủy sinh học Opec 3 cuộn (Lô 81),Gói,38000,8,Đồ gia dụng & Tiện ích,193
SP005100,Băng dính dán thùng trong suốt 5cm x 100y (Lô 81),Cuộn,16000,8,Đồ gia dụng & Tiện ích,200
SP005101,Pin tiểu AA Panasonic vỉ 4 viên (Lô 81),Vỉ,26000,8,Đồ gia dụng & Tiện ích,207
SP005102,Khẩu trang y tế 4 lớp kháng khuẩn hộp 50 cái (Lô 81),Hộp,35000,8,Đồ gia dụng & Tiện ích,214
SP005103,Nước rửa tay Lifebuoy hương chanh chai 450ml (Lô 81),Chai,52000,8,Đồ gia dụng & Tiện ích,221
SP005104,Coca Cola Sleek 320ml (Lô 82),Lon,11550,8,Đồ uống & Giải khát,228
SP005105,Pepsi Sleek 320ml (Lô 82),Lon,11025,8,Đồ uống & Giải khát,235
SP005106,Nước cam ép Twister 450ml (Lô 82),Chai,12600,8,Đồ uống & Giải khát,242
SP005107,Trà xanh Không Độ 455ml (Lô 82),Chai,10500,8,Đồ uống & Giải khát,249
SP005108,Trà Ô Long Tea+ Plus 455ml (Lô 82),Chai,12600,8,Đồ uống & Giải khát,256
SP005109,Nước tăng lực Red Bull 250ml (Lô 82),Lon,14700,8,Đồ uống & Giải khát,263
SP005110,Nước khoáng Lavie 500ml (Lô 82),Chai,6300,8,Đồ uống & Giải khát,270
SP005111,Nước tinh khiết Aquafina 500ml (Lô 82),Chai,6300,8,Đồ uống & Giải khát,277
SP005112,Cà phê sữa đá Highlands 235ml (Lô 82),Lon,16800,8,Đồ uống & Giải khát,284
SP005113,Bia Heineken Sleek 330ml (Lô 82),Lon,23100,10,Đồ uống & Giải khát,291
SP005114,Bia Tiger Crystal 330ml (Lô 82),Lon,20475,10,Đồ uống & Giải khát,298
SP005115,Bia Sài Gòn Special 330ml (Lô 82),Lon,17325,10,Đồ uống & Giải khát,305
SP005116,Sữa tươi tiệt trùng Vinamilk 180ml (Lô 82),Hộp,8925,0,Đồ uống & Giải khát,312
SP005117,Sữa chua uống Susu 110ml (Lô 82),Chai,6825,0,Đồ uống & Giải khát,319
SP005118,Nước ép bưởi hồng Vfresh 1L (Lô 82),Hộp,40950,8,Đồ uống & Giải khát,326
SP005119,Bánh ChocoPie Orion hộp 12 cái (Lô 82),Hộp,60900,8,Bánh kẹo & Ăn vặt,333
SP005120,Bánh Cosy mè giòn rụm Kinh Đô 288g (Lô 82),Gói,30450,8,Bánh kẹo & Ăn vặt,340
SP005121,Snack khoai tây Ostar vị tảo biển 90g (Lô 82),Gói,19950,8,Bánh kẹo & Ăn vặt,347
SP005122,Snack khoai tây Lay's tự nhiên 95g (Lô 82),Gói,22050,8,Bánh kẹo & Ăn vặt,354
SP005123,Bánh que Pocky socola Glico 40g (Lô 82),Hộp,14700,8,Bánh kẹo & Ăn vặt,361
SP005124,Kẹo dẻo Chupa Chups Sour Tubes 160g (Lô 82),Gói,25200,8,Bánh kẹo & Ăn vặt,368
SP005125,Bánh mì tươi nhân bơ sữa Kinh Đô 80g (Lô 82),Cái,9450,8,Bánh kẹo & Ăn vặt,375
SP005126,Bánh xốp Nabati phô mai 130g (Lô 82),Hộp,12600,8,Bánh kẹo & Ăn vặt,382
SP005127,Hạt điều rang muối vỏ lụa Bình Phước 500g (Lô 82),Hộp,141750,8,Bánh kẹo & Ăn vặt,389
SP005128,Hạt hướng dương Chacheer 130g (Lô 82),Gói,15750,8,Bánh kẹo & Ăn vặt,396
SP005129,Rong biển sấy vị truyền thống TaoKaeNoi 32g (Lô 82),Gói,27300,8,Bánh kẹo & Ăn vặt,403
SP005130,Nước mắm Nam Ngư Đệ Nhị chai 900ml (Lô 82),Chai,29400,8,Gia vị & Đồ nấu nướng,410
SP005131,Nước mắm Chinsu Cá Hồi chai 500ml (Lô 82),Chai,49350,8,Gia vị & Đồ nấu nướng,417
SP005132,Dầu ăn Simply đậu nành can 1L (Lô 82),Chai,61950,8,Gia vị & Đồ nấu nướng,424
SP005133,Dầu ăn Neptune Gold can 2L (Lô 82),Chai,141750,8,Gia vị & Đồ nấu nướng,431
SP005134,Hạt nêm Knorr thịt thăn xương ống 400g (Lô 82),Gói,38850,8,Gia vị & Đồ nấu nướng,438
SP005135,Bột ngọt Ajinomoto gói 454g (Lô 82),Gói,35700,8,Gia vị & Đồ nấu nướng,445
SP005136,Tương ớt Chinsu nắp bật 250g (Lô 82),Chai,15750,8,Gia vị & Đồ nấu nướng,452
SP005137,Tương cà Cholimex chai 330g (Lô 82),Chai,16800,8,Gia vị & Đồ nấu nướng,459
SP005138,Muối I-ốt Bạc Liêu túi 500g (Lô 82),Gói,6300,8,Gia vị & Đồ nấu nướng,466
SP005139,Đường tinh luyện Biên Hòa Daily 1kg (Lô 82),Gói,32550,8,Gia vị & Đồ nấu nướng,473
SP005140,Mì tôm Hảo Hảo tôm chua cay 75g (Lô 82),Gói,4725,8,Mì gói & Thực phẩm khô,480
SP005141,Mì Omachi sườn hầm ngũ quả 80g (Lô 82),Gói,8925,8,Mì gói & Thực phẩm khô,487
SP005142,Mì trộn Indomie Mi Goreng 85g (Lô 82),Gói,6825,8,Mì gói & Thực phẩm khô,494
SP005143,Phở gà Đệ Nhất Acecook 68g (Lô 82),Gói,8400,8,Mì gói & Thực phẩm khô,51
SP005144,Miến Phú Hương yến tiệc 210g (Lô 82),Gói,23100,8,Mì gói & Thực phẩm khô,58
SP005145,Cháo thịt bằm Cung Đình gói 50g (Lô 82),Gói,7350,8,Mì gói & Thực phẩm khô,65
SP005146,Cá nục sốt cà 3 Cô Gái lon 155g (Lô 82),Lon,19950,8,Mì gói & Thực phẩm khô,72
SP005147,Pate thịt heo Hạ Long lon 150g (Lô 82),Lon,28350,8,Mì gói & Thực phẩm khô,79
SP005148,Mì ly Modern lẩu thái tôm 65g (Lô 82),Ly,9975,8,Mì gói & Thực phẩm khô,86
SP005149,Nước rửa chén Sunlight chanh can 3.6kg (Lô 82),Can,114450,10,Hóa mỹ phẩm & Tẩy rửa,93
SP005150,Nước giặt OMO Matic cửa trên túi 3.6kg (Lô 82),Túi,183750,10,Hóa mỹ phẩm & Tẩy rửa,100
SP005151,Nước xả vải Comfort đậm đặc túi 3.2L (Lô 82),Túi,198450,10,Hóa mỹ phẩm & Tẩy rửa,107
SP005152,Dầu gội Clear thảo dược mát lạnh 630g (Lô 82),Chai,173250,10,Hóa mỹ phẩm & Tẩy rửa,114
SP005153,Dầu gội Pantene suôn mượt 650ml (Lô 82),Chai,162750,10,Hóa mỹ phẩm & Tẩy rửa,121
SP005154,Sữa tắm Lifebuoy bảo vệ vượt trội 800g (Lô 82),Chai,156450,10,Hóa mỹ phẩm & Tẩy rửa,128
SP005155,Kem đánh răng Colgate Total 12 180g (Lô 82),Tuýp,44100,10,Hóa mỹ phẩm & Tẩy rửa,135
SP005156,Bàn chải đánh răng P/S than tre (Lô 82),Cái,18900,10,Hóa mỹ phẩm & Tẩy rửa,142
SP005157,Nước lau sàn Sunlight hoa lily túi 3.6kg (Lô 82),Túi,89250,10,Hóa mỹ phẩm & Tẩy rửa,149
SP005158,Xịt muỗi Raid hương cam chanh 600ml (Lô 82),Chai,71400,10,Hóa mỹ phẩm & Tẩy rửa,156
SP005159,Giấy vệ sinh cuộn cao cấp Pulppy lốc 10 cuộn (Lô 82),Lốc,96600,8,Đồ gia dụng & Tiện ích,163
SP005160,Khăn giấy lụa rút Paseo 200 tờ (Lô 82),Hộp,26250,8,Đồ gia dụng & Tiện ích,170
SP005161,Màng bọc thực phẩm PE Sunhouse 30cmx150m (Lô 82),Hộp,78750,8,Đồ gia dụng & Tiện ích,177
SP005162,Túi rác đen tự hủy sinh học Opec 3 cuộn (Lô 82),Gói,39900,8,Đồ gia dụng & Tiện ích,184
SP005163,Băng dính dán thùng trong suốt 5cm x 100y (Lô 82),Cuộn,16800,8,Đồ gia dụng & Tiện ích,191
SP005164,Pin tiểu AA Panasonic vỉ 4 viên (Lô 82),Vỉ,27300,8,Đồ gia dụng & Tiện ích,198
SP005165,Khẩu trang y tế 4 lớp kháng khuẩn hộp 50 cái (Lô 82),Hộp,36750,8,Đồ gia dụng & Tiện ích,205
SP005166,Nước rửa tay Lifebuoy hương chanh chai 450ml (Lô 82),Chai,54600,8,Đồ gia dụng & Tiện ích,212
SP005167,Coca Cola Sleek 320ml (Lô 83),Lon,12100,8,Đồ uống & Giải khát,219
SP005168,Pepsi Sleek 320ml (Lô 83),Lon,11550,8,Đồ uống & Giải khát,226
SP005169,Nước cam ép Twister 450ml (Lô 83),Chai,13200,8,Đồ uống & Giải khát,233
SP005170,Trà xanh Không Độ 455ml (Lô 83),Chai,11000,8,Đồ uống & Giải khát,240
SP005171,Trà Ô Long Tea+ Plus 455ml (Lô 83),Chai,13200,8,Đồ uống & Giải khát,247
SP005172,Nước tăng lực Red Bull 250ml (Lô 83),Lon,15400,8,Đồ uống & Giải khát,254
SP005173,Nước khoáng Lavie 500ml (Lô 83),Chai,6600,8,Đồ uống & Giải khát,261
SP005174,Nước tinh khiết Aquafina 500ml (Lô 83),Chai,6600,8,Đồ uống & Giải khát,268
SP005175,Cà phê sữa đá Highlands 235ml (Lô 83),Lon,17600,8,Đồ uống & Giải khát,275
SP005176,Bia Heineken Sleek 330ml (Lô 83),Lon,24200,10,Đồ uống & Giải khát,282
SP005177,Bia Tiger Crystal 330ml (Lô 83),Lon,21450,10,Đồ uống & Giải khát,289
SP005178,Bia Sài Gòn Special 330ml (Lô 83),Lon,18150,10,Đồ uống & Giải khát,296
SP005179,Sữa tươi tiệt trùng Vinamilk 180ml (Lô 83),Hộp,9350,0,Đồ uống & Giải khát,303
SP005180,Sữa chua uống Susu 110ml (Lô 83),Chai,7150,0,Đồ uống & Giải khát,310
SP005181,Nước ép bưởi hồng Vfresh 1L (Lô 83),Hộp,42900,8,Đồ uống & Giải khát,317
SP005182,Bánh ChocoPie Orion hộp 12 cái (Lô 83),Hộp,63800,8,Bánh kẹo & Ăn vặt,324
SP005183,Bánh Cosy mè giòn rụm Kinh Đô 288g (Lô 83),Gói,31900,8,Bánh kẹo & Ăn vặt,331
SP005184,Snack khoai tây Ostar vị tảo biển 90g (Lô 83),Gói,20900,8,Bánh kẹo & Ăn vặt,338
SP005185,Snack khoai tây Lay's tự nhiên 95g (Lô 83),Gói,23100,8,Bánh kẹo & Ăn vặt,345
SP005186,Bánh que Pocky socola Glico 40g (Lô 83),Hộp,15400,8,Bánh kẹo & Ăn vặt,352
SP005187,Kẹo dẻo Chupa Chups Sour Tubes 160g (Lô 83),Gói,26400,8,Bánh kẹo & Ăn vặt,359
SP005188,Bánh mì tươi nhân bơ sữa Kinh Đô 80g (Lô 83),Cái,9900,8,Bánh kẹo & Ăn vặt,366
SP005189,Bánh xốp Nabati phô mai 130g (Lô 83),Hộp,13200,8,Bánh kẹo & Ăn vặt,373
SP005190,Hạt điều rang muối vỏ lụa Bình Phước 500g (Lô 83),Hộp,148500,8,Bánh kẹo & Ăn vặt,380
SP005191,Hạt hướng dương Chacheer 130g (Lô 83),Gói,16500,8,Bánh kẹo & Ăn vặt,387
SP005192,Rong biển sấy vị truyền thống TaoKaeNoi 32g (Lô 83),Gói,28600,8,Bánh kẹo & Ăn vặt,394
SP005193,Nước mắm Nam Ngư Đệ Nhị chai 900ml (Lô 83),Chai,30800,8,Gia vị & Đồ nấu nướng,401
SP005194,Nước mắm Chinsu Cá Hồi chai 500ml (Lô 83),Chai,51700,8,Gia vị & Đồ nấu nướng,408
SP005195,Dầu ăn Simply đậu nành can 1L (Lô 83),Chai,64900,8,Gia vị & Đồ nấu nướng,415
SP005196,Dầu ăn Neptune Gold can 2L (Lô 83),Chai,148500,8,Gia vị & Đồ nấu nướng,422
SP005197,Hạt nêm Knorr thịt thăn xương ống 400g (Lô 83),Gói,40700,8,Gia vị & Đồ nấu nướng,429
SP005198,Bột ngọt Ajinomoto gói 454g (Lô 83),Gói,37400,8,Gia vị & Đồ nấu nướng,436
SP005199,Tương ớt Chinsu nắp bật 250g (Lô 83),Chai,16500,8,Gia vị & Đồ nấu nướng,443
SP005200,Tương cà Cholimex chai 330g (Lô 83),Chai,17600,8,Gia vị & Đồ nấu nướng,450
SP005201,Muối I-ốt Bạc Liêu túi 500g (Lô 83),Gói,6600,8,Gia vị & Đồ nấu nướng,457
SP005202,Đường tinh luyện Biên Hòa Daily 1kg (Lô 83),Gói,34100,8,Gia vị & Đồ nấu nướng,464
SP005203,Mì tôm Hảo Hảo tôm chua cay 75g (Lô 83),Gói,4950,8,Mì gói & Thực phẩm khô,471
SP005204,Mì Omachi sườn hầm ngũ quả 80g (Lô 83),Gói,9350,8,Mì gói & Thực phẩm khô,478
SP005205,Mì trộn Indomie Mi Goreng 85g (Lô 83),Gói,7150,8,Mì gói & Thực phẩm khô,485
SP005206,Phở gà Đệ Nhất Acecook 68g (Lô 83),Gói,8800,8,Mì gói & Thực phẩm khô,492
SP005207,Miến Phú Hương yến tiệc 210g (Lô 83),Gói,24200,8,Mì gói & Thực phẩm khô,499
SP005208,Cháo thịt bằm Cung Đình gói 50g (Lô 83),Gói,7700,8,Mì gói & Thực phẩm khô,56
SP005209,Cá nục sốt cà 3 Cô Gái lon 155g (Lô 83),Lon,20900,8,Mì gói & Thực phẩm khô,63
SP005210,Pate thịt heo Hạ Long lon 150g (Lô 83),Lon,29700,8,Mì gói & Thực phẩm khô,70
SP005211,Mì ly Modern lẩu thái tôm 65g (Lô 83),Ly,10450,8,Mì gói & Thực phẩm khô,77
SP005212,Nước rửa chén Sunlight chanh can 3.6kg (Lô 83),Can,119900,10,Hóa mỹ phẩm & Tẩy rửa,84
SP005213,Nước giặt OMO Matic cửa trên túi 3.6kg (Lô 83),Túi,192500,10,Hóa mỹ phẩm & Tẩy rửa,91
SP005214,Nước xả vải Comfort đậm đặc túi 3.2L (Lô 83),Túi,207900,10,Hóa mỹ phẩm & Tẩy rửa,98
SP005215,Dầu gội Clear thảo dược mát lạnh 630g (Lô 83),Chai,181500,10,Hóa mỹ phẩm & Tẩy rửa,105
SP005216,Dầu gội Pantene suôn mượt 650ml (Lô 83),Chai,170500,10,Hóa mỹ phẩm & Tẩy rửa,112
SP005217,Sữa tắm Lifebuoy bảo vệ vượt trội 800g (Lô 83),Chai,163900,10,Hóa mỹ phẩm & Tẩy rửa,119
SP005218,Kem đánh răng Colgate Total 12 180g (Lô 83),Tuýp,46200,10,Hóa mỹ phẩm & Tẩy rửa,126
SP005219,Bàn chải đánh răng P/S than tre (Lô 83),Cái,19800,10,Hóa mỹ phẩm & Tẩy rửa,133
SP005220,Nước lau sàn Sunlight hoa lily túi 3.6kg (Lô 83),Túi,93500,10,Hóa mỹ phẩm & Tẩy rửa,140
SP005221,Xịt muỗi Raid hương cam chanh 600ml (Lô 83),Chai,74800,10,Hóa mỹ phẩm & Tẩy rửa,147
SP005222,Giấy vệ sinh cuộn cao cấp Pulppy lốc 10 cuộn (Lô 83),Lốc,101200,8,Đồ gia dụng & Tiện ích,154
SP005223,Khăn giấy lụa rút Paseo 200 tờ (Lô 83),Hộp,27500,8,Đồ gia dụng & Tiện ích,161
SP005224,Màng bọc thực phẩm PE Sunhouse 30cmx150m (Lô 83),Hộp,82500,8,Đồ gia dụng & Tiện ích,168
SP005225,Túi rác đen tự hủy sinh học Opec 3 cuộn (Lô 83),Gói,41800,8,Đồ gia dụng & Tiện ích,175
SP005226,Băng dính dán thùng trong suốt 5cm x 100y (Lô 83),Cuộn,17600,8,Đồ gia dụng & Tiện ích,182
SP005227,Pin tiểu AA Panasonic vỉ 4 viên (Lô 83),Vỉ,28600,8,Đồ gia dụng & Tiện ích,189
SP005228,Khẩu trang y tế 4 lớp kháng khuẩn hộp 50 cái (Lô 83),Hộp,38500,8,Đồ gia dụng & Tiện ích,196
SP005229,Nước rửa tay Lifebuoy hương chanh chai 450ml (Lô 83),Chai,57200,8,Đồ gia dụng & Tiện ích,203
SP005230,Coca Cola Sleek 320ml (Lô 84),Lon,12649,8,Đồ uống & Giải khát,210
SP005231,Pepsi Sleek 320ml (Lô 84),Lon,12074,8,Đồ uống & Giải khát,217
SP005232,Nước cam ép Twister 450ml (Lô 84),Chai,13799,8,Đồ uống & Giải khát,224
SP005233,Trà xanh Không Độ 455ml (Lô 84),Chai,11500,8,Đồ uống & Giải khát,231
SP005234,Trà Ô Long Tea+ Plus 455ml (Lô 84),Chai,13799,8,Đồ uống & Giải khát,238
SP005235,Nước tăng lực Red Bull 250ml (Lô 84),Lon,16099,8,Đồ uống & Giải khát,245
SP005236,Nước khoáng Lavie 500ml (Lô 84),Chai,6899,8,Đồ uống & Giải khát,252
SP005237,Nước tinh khiết Aquafina 500ml (Lô 84),Chai,6899,8,Đồ uống & Giải khát,259
SP005238,Cà phê sữa đá Highlands 235ml (Lô 84),Lon,18400,8,Đồ uống & Giải khát,266
SP005239,Bia Heineken Sleek 330ml (Lô 84),Lon,25299,10,Đồ uống & Giải khát,273
SP005240,Bia Tiger Crystal 330ml (Lô 84),Lon,22425,10,Đồ uống & Giải khát,280
SP005241,Bia Sài Gòn Special 330ml (Lô 84),Lon,18975,10,Đồ uống & Giải khát,287
SP005242,Sữa tươi tiệt trùng Vinamilk 180ml (Lô 84),Hộp,9775,0,Đồ uống & Giải khát,294
SP005243,Sữa chua uống Susu 110ml (Lô 84),Chai,7474,0,Đồ uống & Giải khát,301
SP005244,Nước ép bưởi hồng Vfresh 1L (Lô 84),Hộp,44850,8,Đồ uống & Giải khát,308
SP005245,Bánh ChocoPie Orion hộp 12 cái (Lô 84),Hộp,66700,8,Bánh kẹo & Ăn vặt,315
SP005246,Bánh Cosy mè giòn rụm Kinh Đô 288g (Lô 84),Gói,33350,8,Bánh kẹo & Ăn vặt,322
SP005247,Snack khoai tây Ostar vị tảo biển 90g (Lô 84),Gói,21850,8,Bánh kẹo & Ăn vặt,329
SP005248,Snack khoai tây Lay's tự nhiên 95g (Lô 84),Gói,24149,8,Bánh kẹo & Ăn vặt,336
SP005249,Bánh que Pocky socola Glico 40g (Lô 84),Hộp,16099,8,Bánh kẹo & Ăn vặt,343
SP005250,Kẹo dẻo Chupa Chups Sour Tubes 160g (Lô 84),Gói,27599,8,Bánh kẹo & Ăn vặt,350
SP005251,Bánh mì tươi nhân bơ sữa Kinh Đô 80g (Lô 84),Cái,10350,8,Bánh kẹo & Ăn vặt,357
SP005252,Bánh xốp Nabati phô mai 130g (Lô 84),Hộp,13799,8,Bánh kẹo & Ăn vặt,364
SP005253,Hạt điều rang muối vỏ lụa Bình Phước 500g (Lô 84),Hộp,155250,8,Bánh kẹo & Ăn vặt,371
SP005254,Hạt hướng dương Chacheer 130g (Lô 84),Gói,17250,8,Bánh kẹo & Ăn vặt,378
SP005255,Rong biển sấy vị truyền thống TaoKaeNoi 32g (Lô 84),Gói,29899,8,Bánh kẹo & Ăn vặt,385
SP005256,Nước mắm Nam Ngư Đệ Nhị chai 900ml (Lô 84),Chai,32199,8,Gia vị & Đồ nấu nướng,392
SP005257,Nước mắm Chinsu Cá Hồi chai 500ml (Lô 84),Chai,54049,8,Gia vị & Đồ nấu nướng,399
SP005258,Dầu ăn Simply đậu nành can 1L (Lô 84),Chai,67850,8,Gia vị & Đồ nấu nướng,406
SP005259,Dầu ăn Neptune Gold can 2L (Lô 84),Chai,155250,8,Gia vị & Đồ nấu nướng,413
SP005260,Hạt nêm Knorr thịt thăn xương ống 400g (Lô 84),Gói,42550,8,Gia vị & Đồ nấu nướng,420
SP005261,Bột ngọt Ajinomoto gói 454g (Lô 84),Gói,39100,8,Gia vị & Đồ nấu nướng,427
SP005262,Tương ớt Chinsu nắp bật 250g (Lô 84),Chai,17250,8,Gia vị & Đồ nấu nướng,434
SP005263,Tương cà Cholimex chai 330g (Lô 84),Chai,18400,8,Gia vị & Đồ nấu nướng,441
SP005264,Muối I-ốt Bạc Liêu túi 500g (Lô 84),Gói,6899,8,Gia vị & Đồ nấu nướng,448
SP005265,Đường tinh luyện Biên Hòa Daily 1kg (Lô 84),Gói,35650,8,Gia vị & Đồ nấu nướng,455
SP005266,Mì tôm Hảo Hảo tôm chua cay 75g (Lô 84),Gói,5175,8,Mì gói & Thực phẩm khô,462
SP005267,Mì Omachi sườn hầm ngũ quả 80g (Lô 84),Gói,9775,8,Mì gói & Thực phẩm khô,469
SP005268,Mì trộn Indomie Mi Goreng 85g (Lô 84),Gói,7474,8,Mì gói & Thực phẩm khô,476
SP005269,Phở gà Đệ Nhất Acecook 68g (Lô 84),Gói,9200,8,Mì gói & Thực phẩm khô,483
SP005270,Miến Phú Hương yến tiệc 210g (Lô 84),Gói,25299,8,Mì gói & Thực phẩm khô,490
SP005271,Cháo thịt bằm Cung Đình gói 50g (Lô 84),Gói,8049,8,Mì gói & Thực phẩm khô,497
SP005272,Cá nục sốt cà 3 Cô Gái lon 155g (Lô 84),Lon,21850,8,Mì gói & Thực phẩm khô,54
SP005273,Pate thịt heo Hạ Long lon 150g (Lô 84),Lon,31049,8,Mì gói & Thực phẩm khô,61
SP005274,Mì ly Modern lẩu thái tôm 65g (Lô 84),Ly,10925,8,Mì gói & Thực phẩm khô,68
SP005275,Nước rửa chén Sunlight chanh can 3.6kg (Lô 84),Can,125349,10,Hóa mỹ phẩm & Tẩy rửa,75
SP005276,Nước giặt OMO Matic cửa trên túi 3.6kg (Lô 84),Túi,201249,10,Hóa mỹ phẩm & Tẩy rửa,82
SP005277,Nước xả vải Comfort đậm đặc túi 3.2L (Lô 84),Túi,217349,10,Hóa mỹ phẩm & Tẩy rửa,89
SP005278,Dầu gội Clear thảo dược mát lạnh 630g (Lô 84),Chai,189749,10,Hóa mỹ phẩm & Tẩy rửa,96
SP005279,Dầu gội Pantene suôn mượt 650ml (Lô 84),Chai,178250,10,Hóa mỹ phẩm & Tẩy rửa,103
SP005280,Sữa tắm Lifebuoy bảo vệ vượt trội 800g (Lô 84),Chai,171350,10,Hóa mỹ phẩm & Tẩy rửa,110
SP005281,Kem đánh răng Colgate Total 12 180g (Lô 84),Tuýp,48299,10,Hóa mỹ phẩm & Tẩy rửa,117
SP005282,Bàn chải đánh răng P/S than tre (Lô 84),Cái,20700,10,Hóa mỹ phẩm & Tẩy rửa,124
SP005283,Nước lau sàn Sunlight hoa lily túi 3.6kg (Lô 84),Túi,97749,10,Hóa mỹ phẩm & Tẩy rửa,131
SP005284,Xịt muỗi Raid hương cam chanh 600ml (Lô 84),Chai,78200,10,Hóa mỹ phẩm & Tẩy rửa,138
SP005285,Giấy vệ sinh cuộn cao cấp Pulppy lốc 10 cuộn (Lô 84),Lốc,105799,8,Đồ gia dụng & Tiện ích,145
SP005286,Khăn giấy lụa rút Paseo 200 tờ (Lô 84),Hộp,28749,8,Đồ gia dụng & Tiện ích,152
SP005287,Màng bọc thực phẩm PE Sunhouse 30cmx150m (Lô 84),Hộp,86250,8,Đồ gia dụng & Tiện ích,159
SP005288,Túi rác đen tự hủy sinh học Opec 3 cuộn (Lô 84),Gói,43700,8,Đồ gia dụng & Tiện ích,166
SP005289,Băng dính dán thùng trong suốt 5cm x 100y (Lô 84),Cuộn,18400,8,Đồ gia dụng & Tiện ích,173
SP005290,Pin tiểu AA Panasonic vỉ 4 viên (Lô 84),Vỉ,29899,8,Đồ gia dụng & Tiện ích,180
SP005291,Khẩu trang y tế 4 lớp kháng khuẩn hộp 50 cái (Lô 84),Hộp,40250,8,Đồ gia dụng & Tiện ích,187
SP005292,Nước rửa tay Lifebuoy hương chanh chai 450ml (Lô 84),Chai,59799,8,Đồ gia dụng & Tiện ích,194
SP005293,Coca Cola Sleek 320ml (Lô 85),Lon,13200,8,Đồ uống & Giải khát,201
SP005294,Pepsi Sleek 320ml (Lô 85),Lon,12600,8,Đồ uống & Giải khát,208
SP005295,Nước cam ép Twister 450ml (Lô 85),Chai,14400,8,Đồ uống & Giải khát,215
SP005296,Trà xanh Không Độ 455ml (Lô 85),Chai,12000,8,Đồ uống & Giải khát,222
SP005297,Trà Ô Long Tea+ Plus 455ml (Lô 85),Chai,14400,8,Đồ uống & Giải khát,229
SP005298,Nước tăng lực Red Bull 250ml (Lô 85),Lon,16800,8,Đồ uống & Giải khát,236
SP005299,Nước khoáng Lavie 500ml (Lô 85),Chai,7200,8,Đồ uống & Giải khát,243
SP005300,Nước tinh khiết Aquafina 500ml (Lô 85),Chai,7200,8,Đồ uống & Giải khát,250
SP005301,Cà phê sữa đá Highlands 235ml (Lô 85),Lon,19200,8,Đồ uống & Giải khát,257
SP005302,Bia Heineken Sleek 330ml (Lô 85),Lon,26400,10,Đồ uống & Giải khát,264
SP005303,Bia Tiger Crystal 330ml (Lô 85),Lon,23400,10,Đồ uống & Giải khát,271
SP005304,Bia Sài Gòn Special 330ml (Lô 85),Lon,19800,10,Đồ uống & Giải khát,278
SP005305,Sữa tươi tiệt trùng Vinamilk 180ml (Lô 85),Hộp,10200,0,Đồ uống & Giải khát,285
SP005306,Sữa chua uống Susu 110ml (Lô 85),Chai,7800,0,Đồ uống & Giải khát,292
SP005307,Nước ép bưởi hồng Vfresh 1L (Lô 85),Hộp,46800,8,Đồ uống & Giải khát,299
SP005308,Bánh ChocoPie Orion hộp 12 cái (Lô 85),Hộp,69600,8,Bánh kẹo & Ăn vặt,306
SP005309,Bánh Cosy mè giòn rụm Kinh Đô 288g (Lô 85),Gói,34800,8,Bánh kẹo & Ăn vặt,313
SP005310,Snack khoai tây Ostar vị tảo biển 90g (Lô 85),Gói,22800,8,Bánh kẹo & Ăn vặt,320
SP005311,Snack khoai tây Lay's tự nhiên 95g (Lô 85),Gói,25200,8,Bánh kẹo & Ăn vặt,327
SP005312,Bánh que Pocky socola Glico 40g (Lô 85),Hộp,16800,8,Bánh kẹo & Ăn vặt,334
SP005313,Kẹo dẻo Chupa Chups Sour Tubes 160g (Lô 85),Gói,28800,8,Bánh kẹo & Ăn vặt,341
SP005314,Bánh mì tươi nhân bơ sữa Kinh Đô 80g (Lô 85),Cái,10800,8,Bánh kẹo & Ăn vặt,348
SP005315,Bánh xốp Nabati phô mai 130g (Lô 85),Hộp,14400,8,Bánh kẹo & Ăn vặt,355
SP005316,Hạt điều rang muối vỏ lụa Bình Phước 500g (Lô 85),Hộp,162000,8,Bánh kẹo & Ăn vặt,362
SP005317,Hạt hướng dương Chacheer 130g (Lô 85),Gói,18000,8,Bánh kẹo & Ăn vặt,369
SP005318,Rong biển sấy vị truyền thống TaoKaeNoi 32g (Lô 85),Gói,31200,8,Bánh kẹo & Ăn vặt,376
SP005319,Nước mắm Nam Ngư Đệ Nhị chai 900ml (Lô 85),Chai,33600,8,Gia vị & Đồ nấu nướng,383
SP005320,Nước mắm Chinsu Cá Hồi chai 500ml (Lô 85),Chai,56400,8,Gia vị & Đồ nấu nướng,390
SP005321,Dầu ăn Simply đậu nành can 1L (Lô 85),Chai,70800,8,Gia vị & Đồ nấu nướng,397
SP005322,Dầu ăn Neptune Gold can 2L (Lô 85),Chai,162000,8,Gia vị & Đồ nấu nướng,404
SP005323,Hạt nêm Knorr thịt thăn xương ống 400g (Lô 85),Gói,44400,8,Gia vị & Đồ nấu nướng,411
SP005324,Bột ngọt Ajinomoto gói 454g (Lô 85),Gói,40800,8,Gia vị & Đồ nấu nướng,418
SP005325,Tương ớt Chinsu nắp bật 250g (Lô 85),Chai,18000,8,Gia vị & Đồ nấu nướng,425
SP005326,Tương cà Cholimex chai 330g (Lô 85),Chai,19200,8,Gia vị & Đồ nấu nướng,432
SP005327,Muối I-ốt Bạc Liêu túi 500g (Lô 85),Gói,7200,8,Gia vị & Đồ nấu nướng,439
SP005328,Đường tinh luyện Biên Hòa Daily 1kg (Lô 85),Gói,37200,8,Gia vị & Đồ nấu nướng,446
SP005329,Mì tôm Hảo Hảo tôm chua cay 75g (Lô 85),Gói,5400,8,Mì gói & Thực phẩm khô,453
SP005330,Mì Omachi sườn hầm ngũ quả 80g (Lô 85),Gói,10200,8,Mì gói & Thực phẩm khô,460
SP005331,Mì trộn Indomie Mi Goreng 85g (Lô 85),Gói,7800,8,Mì gói & Thực phẩm khô,467
SP005332,Phở gà Đệ Nhất Acecook 68g (Lô 85),Gói,9600,8,Mì gói & Thực phẩm khô,474
SP005333,Miến Phú Hương yến tiệc 210g (Lô 85),Gói,26400,8,Mì gói & Thực phẩm khô,481
SP005334,Cháo thịt bằm Cung Đình gói 50g (Lô 85),Gói,8400,8,Mì gói & Thực phẩm khô,488
SP005335,Cá nục sốt cà 3 Cô Gái lon 155g (Lô 85),Lon,22800,8,Mì gói & Thực phẩm khô,495
SP005336,Pate thịt heo Hạ Long lon 150g (Lô 85),Lon,32400,8,Mì gói & Thực phẩm khô,52
SP005337,Mì ly Modern lẩu thái tôm 65g (Lô 85),Ly,11400,8,Mì gói & Thực phẩm khô,59
SP005338,Nước rửa chén Sunlight chanh can 3.6kg (Lô 85),Can,130800,10,Hóa mỹ phẩm & Tẩy rửa,66
SP005339,Nước giặt OMO Matic cửa trên túi 3.6kg (Lô 85),Túi,210000,10,Hóa mỹ phẩm & Tẩy rửa,73
SP005340,Nước xả vải Comfort đậm đặc túi 3.2L (Lô 85),Túi,226800,10,Hóa mỹ phẩm & Tẩy rửa,80
SP005341,Dầu gội Clear thảo dược mát lạnh 630g (Lô 85),Chai,198000,10,Hóa mỹ phẩm & Tẩy rửa,87
SP005342,Dầu gội Pantene suôn mượt 650ml (Lô 85),Chai,186000,10,Hóa mỹ phẩm & Tẩy rửa,94
SP005343,Sữa tắm Lifebuoy bảo vệ vượt trội 800g (Lô 85),Chai,178800,10,Hóa mỹ phẩm & Tẩy rửa,101
SP005344,Kem đánh răng Colgate Total 12 180g (Lô 85),Tuýp,50400,10,Hóa mỹ phẩm & Tẩy rửa,108
SP005345,Bàn chải đánh răng P/S than tre (Lô 85),Cái,21600,10,Hóa mỹ phẩm & Tẩy rửa,115
SP005346,Nước lau sàn Sunlight hoa lily túi 3.6kg (Lô 85),Túi,102000,10,Hóa mỹ phẩm & Tẩy rửa,122
SP005347,Xịt muỗi Raid hương cam chanh 600ml (Lô 85),Chai,81600,10,Hóa mỹ phẩm & Tẩy rửa,129
SP005348,Giấy vệ sinh cuộn cao cấp Pulppy lốc 10 cuộn (Lô 85),Lốc,110400,8,Đồ gia dụng & Tiện ích,136
SP005349,Khăn giấy lụa rút Paseo 200 tờ (Lô 85),Hộp,30000,8,Đồ gia dụng & Tiện ích,143
SP005350,Màng bọc thực phẩm PE Sunhouse 30cmx150m (Lô 85),Hộp,90000,8,Đồ gia dụng & Tiện ích,150
SP005351,Túi rác đen tự hủy sinh học Opec 3 cuộn (Lô 85),Gói,45600,8,Đồ gia dụng & Tiện ích,157
SP005352,Băng dính dán thùng trong suốt 5cm x 100y (Lô 85),Cuộn,19200,8,Đồ gia dụng & Tiện ích,164
SP005353,Pin tiểu AA Panasonic vỉ 4 viên (Lô 85),Vỉ,31200,8,Đồ gia dụng & Tiện ích,171
SP005354,Khẩu trang y tế 4 lớp kháng khuẩn hộp 50 cái (Lô 85),Hộp,42000,8,Đồ gia dụng & Tiện ích,178
SP005355,Nước rửa tay Lifebuoy hương chanh chai 450ml (Lô 85),Chai,62400,8,Đồ gia dụng & Tiện ích,185
SP005356,Coca Cola Sleek 320ml (Lô 86),Lon,11000,8,Đồ uống & Giải khát,192
SP005357,Pepsi Sleek 320ml (Lô 86),Lon,10500,8,Đồ uống & Giải khát,199
SP005358,Nước cam ép Twister 450ml (Lô 86),Chai,12000,8,Đồ uống & Giải khát,206
SP005359,Trà xanh Không Độ 455ml (Lô 86),Chai,10000,8,Đồ uống & Giải khát,213
SP005360,Trà Ô Long Tea+ Plus 455ml (Lô 86),Chai,12000,8,Đồ uống & Giải khát,220
SP005361,Nước tăng lực Red Bull 250ml (Lô 86),Lon,14000,8,Đồ uống & Giải khát,227
SP005362,Nước khoáng Lavie 500ml (Lô 86),Chai,6000,8,Đồ uống & Giải khát,234
SP005363,Nước tinh khiết Aquafina 500ml (Lô 86),Chai,6000,8,Đồ uống & Giải khát,241
SP005364,Cà phê sữa đá Highlands 235ml (Lô 86),Lon,16000,8,Đồ uống & Giải khát,248
SP005365,Bia Heineken Sleek 330ml (Lô 86),Lon,22000,10,Đồ uống & Giải khát,255
SP005366,Bia Tiger Crystal 330ml (Lô 86),Lon,19500,10,Đồ uống & Giải khát,262
SP005367,Bia Sài Gòn Special 330ml (Lô 86),Lon,16500,10,Đồ uống & Giải khát,269
SP005368,Sữa tươi tiệt trùng Vinamilk 180ml (Lô 86),Hộp,8500,0,Đồ uống & Giải khát,276
SP005369,Sữa chua uống Susu 110ml (Lô 86),Chai,6500,0,Đồ uống & Giải khát,283
SP005370,Nước ép bưởi hồng Vfresh 1L (Lô 86),Hộp,39000,8,Đồ uống & Giải khát,290
SP005371,Bánh ChocoPie Orion hộp 12 cái (Lô 86),Hộp,58000,8,Bánh kẹo & Ăn vặt,297
SP005372,Bánh Cosy mè giòn rụm Kinh Đô 288g (Lô 86),Gói,29000,8,Bánh kẹo & Ăn vặt,304
SP005373,Snack khoai tây Ostar vị tảo biển 90g (Lô 86),Gói,19000,8,Bánh kẹo & Ăn vặt,311
SP005374,Snack khoai tây Lay's tự nhiên 95g (Lô 86),Gói,21000,8,Bánh kẹo & Ăn vặt,318
SP005375,Bánh que Pocky socola Glico 40g (Lô 86),Hộp,14000,8,Bánh kẹo & Ăn vặt,325
SP005376,Kẹo dẻo Chupa Chups Sour Tubes 160g (Lô 86),Gói,24000,8,Bánh kẹo & Ăn vặt,332
SP005377,Bánh mì tươi nhân bơ sữa Kinh Đô 80g (Lô 86),Cái,9000,8,Bánh kẹo & Ăn vặt,339
SP005378,Bánh xốp Nabati phô mai 130g (Lô 86),Hộp,12000,8,Bánh kẹo & Ăn vặt,346
SP005379,Hạt điều rang muối vỏ lụa Bình Phước 500g (Lô 86),Hộp,135000,8,Bánh kẹo & Ăn vặt,353
SP005380,Hạt hướng dương Chacheer 130g (Lô 86),Gói,15000,8,Bánh kẹo & Ăn vặt,360
SP005381,Rong biển sấy vị truyền thống TaoKaeNoi 32g (Lô 86),Gói,26000,8,Bánh kẹo & Ăn vặt,367
SP005382,Nước mắm Nam Ngư Đệ Nhị chai 900ml (Lô 86),Chai,28000,8,Gia vị & Đồ nấu nướng,374
SP005383,Nước mắm Chinsu Cá Hồi chai 500ml (Lô 86),Chai,47000,8,Gia vị & Đồ nấu nướng,381
SP005384,Dầu ăn Simply đậu nành can 1L (Lô 86),Chai,59000,8,Gia vị & Đồ nấu nướng,388
SP005385,Dầu ăn Neptune Gold can 2L (Lô 86),Chai,135000,8,Gia vị & Đồ nấu nướng,395
SP005386,Hạt nêm Knorr thịt thăn xương ống 400g (Lô 86),Gói,37000,8,Gia vị & Đồ nấu nướng,402
SP005387,Bột ngọt Ajinomoto gói 454g (Lô 86),Gói,34000,8,Gia vị & Đồ nấu nướng,409
SP005388,Tương ớt Chinsu nắp bật 250g (Lô 86),Chai,15000,8,Gia vị & Đồ nấu nướng,416
SP005389,Tương cà Cholimex chai 330g (Lô 86),Chai,16000,8,Gia vị & Đồ nấu nướng,423
SP005390,Muối I-ốt Bạc Liêu túi 500g (Lô 86),Gói,6000,8,Gia vị & Đồ nấu nướng,430
SP005391,Đường tinh luyện Biên Hòa Daily 1kg (Lô 86),Gói,31000,8,Gia vị & Đồ nấu nướng,437
SP005392,Mì tôm Hảo Hảo tôm chua cay 75g (Lô 86),Gói,4500,8,Mì gói & Thực phẩm khô,444
SP005393,Mì Omachi sườn hầm ngũ quả 80g (Lô 86),Gói,8500,8,Mì gói & Thực phẩm khô,451
SP005394,Mì trộn Indomie Mi Goreng 85g (Lô 86),Gói,6500,8,Mì gói & Thực phẩm khô,458
SP005395,Phở gà Đệ Nhất Acecook 68g (Lô 86),Gói,8000,8,Mì gói & Thực phẩm khô,465
SP005396,Miến Phú Hương yến tiệc 210g (Lô 86),Gói,22000,8,Mì gói & Thực phẩm khô,472
SP005397,Cháo thịt bằm Cung Đình gói 50g (Lô 86),Gói,7000,8,Mì gói & Thực phẩm khô,479
SP005398,Cá nục sốt cà 3 Cô Gái lon 155g (Lô 86),Lon,19000,8,Mì gói & Thực phẩm khô,486
SP005399,Pate thịt heo Hạ Long lon 150g (Lô 86),Lon,27000,8,Mì gói & Thực phẩm khô,493
SP005400,Mì ly Modern lẩu thái tôm 65g (Lô 86),Ly,9500,8,Mì gói & Thực phẩm khô,50
SP005401,Nước rửa chén Sunlight chanh can 3.6kg (Lô 86),Can,109000,10,Hóa mỹ phẩm & Tẩy rửa,57
SP005402,Nước giặt OMO Matic cửa trên túi 3.6kg (Lô 86),Túi,175000,10,Hóa mỹ phẩm & Tẩy rửa,64
SP005403,Nước xả vải Comfort đậm đặc túi 3.2L (Lô 86),Túi,189000,10,Hóa mỹ phẩm & Tẩy rửa,71
SP005404,Dầu gội Clear thảo dược mát lạnh 630g (Lô 86),Chai,165000,10,Hóa mỹ phẩm & Tẩy rửa,78
SP005405,Dầu gội Pantene suôn mượt 650ml (Lô 86),Chai,155000,10,Hóa mỹ phẩm & Tẩy rửa,85
SP005406,Sữa tắm Lifebuoy bảo vệ vượt trội 800g (Lô 86),Chai,149000,10,Hóa mỹ phẩm & Tẩy rửa,92
SP005407,Kem đánh răng Colgate Total 12 180g (Lô 86),Tuýp,42000,10,Hóa mỹ phẩm & Tẩy rửa,99
SP005408,Bàn chải đánh răng P/S than tre (Lô 86),Cái,18000,10,Hóa mỹ phẩm & Tẩy rửa,106
SP005409,Nước lau sàn Sunlight hoa lily túi 3.6kg (Lô 86),Túi,85000,10,Hóa mỹ phẩm & Tẩy rửa,113
SP005410,Xịt muỗi Raid hương cam chanh 600ml (Lô 86),Chai,68000,10,Hóa mỹ phẩm & Tẩy rửa,120
SP005411,Giấy vệ sinh cuộn cao cấp Pulppy lốc 10 cuộn (Lô 86),Lốc,92000,8,Đồ gia dụng & Tiện ích,127
SP005412,Khăn giấy lụa rút Paseo 200 tờ (Lô 86),Hộp,25000,8,Đồ gia dụng & Tiện ích,134
SP005413,Màng bọc thực phẩm PE Sunhouse 30cmx150m (Lô 86),Hộp,75000,8,Đồ gia dụng & Tiện ích,141
SP005414,Túi rác đen tự hủy sinh học Opec 3 cuộn (Lô 86),Gói,38000,8,Đồ gia dụng & Tiện ích,148
SP005415,Băng dính dán thùng trong suốt 5cm x 100y (Lô 86),Cuộn,16000,8,Đồ gia dụng & Tiện ích,155
SP005416,Pin tiểu AA Panasonic vỉ 4 viên (Lô 86),Vỉ,26000,8,Đồ gia dụng & Tiện ích,162
SP005417,Khẩu trang y tế 4 lớp kháng khuẩn hộp 50 cái (Lô 86),Hộp,35000,8,Đồ gia dụng & Tiện ích,169
SP005418,Nước rửa tay Lifebuoy hương chanh chai 450ml (Lô 86),Chai,52000,8,Đồ gia dụng & Tiện ích,176
SP005419,Coca Cola Sleek 320ml (Lô 87),Lon,11550,8,Đồ uống & Giải khát,183
SP005420,Pepsi Sleek 320ml (Lô 87),Lon,11025,8,Đồ uống & Giải khát,190
SP005421,Nước cam ép Twister 450ml (Lô 87),Chai,12600,8,Đồ uống & Giải khát,197
SP005422,Trà xanh Không Độ 455ml (Lô 87),Chai,10500,8,Đồ uống & Giải khát,204
SP005423,Trà Ô Long Tea+ Plus 455ml (Lô 87),Chai,12600,8,Đồ uống & Giải khát,211
SP005424,Nước tăng lực Red Bull 250ml (Lô 87),Lon,14700,8,Đồ uống & Giải khát,218
SP005425,Nước khoáng Lavie 500ml (Lô 87),Chai,6300,8,Đồ uống & Giải khát,225
SP005426,Nước tinh khiết Aquafina 500ml (Lô 87),Chai,6300,8,Đồ uống & Giải khát,232
SP005427,Cà phê sữa đá Highlands 235ml (Lô 87),Lon,16800,8,Đồ uống & Giải khát,239
SP005428,Bia Heineken Sleek 330ml (Lô 87),Lon,23100,10,Đồ uống & Giải khát,246
SP005429,Bia Tiger Crystal 330ml (Lô 87),Lon,20475,10,Đồ uống & Giải khát,253
SP005430,Bia Sài Gòn Special 330ml (Lô 87),Lon,17325,10,Đồ uống & Giải khát,260
SP005431,Sữa tươi tiệt trùng Vinamilk 180ml (Lô 87),Hộp,8925,0,Đồ uống & Giải khát,267
SP005432,Sữa chua uống Susu 110ml (Lô 87),Chai,6825,0,Đồ uống & Giải khát,274
SP005433,Nước ép bưởi hồng Vfresh 1L (Lô 87),Hộp,40950,8,Đồ uống & Giải khát,281
SP005434,Bánh ChocoPie Orion hộp 12 cái (Lô 87),Hộp,60900,8,Bánh kẹo & Ăn vặt,288
SP005435,Bánh Cosy mè giòn rụm Kinh Đô 288g (Lô 87),Gói,30450,8,Bánh kẹo & Ăn vặt,295
SP005436,Snack khoai tây Ostar vị tảo biển 90g (Lô 87),Gói,19950,8,Bánh kẹo & Ăn vặt,302
SP005437,Snack khoai tây Lay's tự nhiên 95g (Lô 87),Gói,22050,8,Bánh kẹo & Ăn vặt,309
SP005438,Bánh que Pocky socola Glico 40g (Lô 87),Hộp,14700,8,Bánh kẹo & Ăn vặt,316
SP005439,Kẹo dẻo Chupa Chups Sour Tubes 160g (Lô 87),Gói,25200,8,Bánh kẹo & Ăn vặt,323
SP005440,Bánh mì tươi nhân bơ sữa Kinh Đô 80g (Lô 87),Cái,9450,8,Bánh kẹo & Ăn vặt,330
SP005441,Bánh xốp Nabati phô mai 130g (Lô 87),Hộp,12600,8,Bánh kẹo & Ăn vặt,337
SP005442,Hạt điều rang muối vỏ lụa Bình Phước 500g (Lô 87),Hộp,141750,8,Bánh kẹo & Ăn vặt,344
SP005443,Hạt hướng dương Chacheer 130g (Lô 87),Gói,15750,8,Bánh kẹo & Ăn vặt,351
SP005444,Rong biển sấy vị truyền thống TaoKaeNoi 32g (Lô 87),Gói,27300,8,Bánh kẹo & Ăn vặt,358
SP005445,Nước mắm Nam Ngư Đệ Nhị chai 900ml (Lô 87),Chai,29400,8,Gia vị & Đồ nấu nướng,365
SP005446,Nước mắm Chinsu Cá Hồi chai 500ml (Lô 87),Chai,49350,8,Gia vị & Đồ nấu nướng,372
SP005447,Dầu ăn Simply đậu nành can 1L (Lô 87),Chai,61950,8,Gia vị & Đồ nấu nướng,379
SP005448,Dầu ăn Neptune Gold can 2L (Lô 87),Chai,141750,8,Gia vị & Đồ nấu nướng,386
SP005449,Hạt nêm Knorr thịt thăn xương ống 400g (Lô 87),Gói,38850,8,Gia vị & Đồ nấu nướng,393
SP005450,Bột ngọt Ajinomoto gói 454g (Lô 87),Gói,35700,8,Gia vị & Đồ nấu nướng,400
SP005451,Tương ớt Chinsu nắp bật 250g (Lô 87),Chai,15750,8,Gia vị & Đồ nấu nướng,407
SP005452,Tương cà Cholimex chai 330g (Lô 87),Chai,16800,8,Gia vị & Đồ nấu nướng,414
SP005453,Muối I-ốt Bạc Liêu túi 500g (Lô 87),Gói,6300,8,Gia vị & Đồ nấu nướng,421
SP005454,Đường tinh luyện Biên Hòa Daily 1kg (Lô 87),Gói,32550,8,Gia vị & Đồ nấu nướng,428
SP005455,Mì tôm Hảo Hảo tôm chua cay 75g (Lô 87),Gói,4725,8,Mì gói & Thực phẩm khô,435
SP005456,Mì Omachi sườn hầm ngũ quả 80g (Lô 87),Gói,8925,8,Mì gói & Thực phẩm khô,442
SP005457,Mì trộn Indomie Mi Goreng 85g (Lô 87),Gói,6825,8,Mì gói & Thực phẩm khô,449
SP005458,Phở gà Đệ Nhất Acecook 68g (Lô 87),Gói,8400,8,Mì gói & Thực phẩm khô,456
SP005459,Miến Phú Hương yến tiệc 210g (Lô 87),Gói,23100,8,Mì gói & Thực phẩm khô,463
SP005460,Cháo thịt bằm Cung Đình gói 50g (Lô 87),Gói,7350,8,Mì gói & Thực phẩm khô,470
SP005461,Cá nục sốt cà 3 Cô Gái lon 155g (Lô 87),Lon,19950,8,Mì gói & Thực phẩm khô,477
SP005462,Pate thịt heo Hạ Long lon 150g (Lô 87),Lon,28350,8,Mì gói & Thực phẩm khô,484
SP005463,Mì ly Modern lẩu thái tôm 65g (Lô 87),Ly,9975,8,Mì gói & Thực phẩm khô,491
SP005464,Nước rửa chén Sunlight chanh can 3.6kg (Lô 87),Can,114450,10,Hóa mỹ phẩm & Tẩy rửa,498
SP005465,Nước giặt OMO Matic cửa trên túi 3.6kg (Lô 87),Túi,183750,10,Hóa mỹ phẩm & Tẩy rửa,55
SP005466,Nước xả vải Comfort đậm đặc túi 3.2L (Lô 87),Túi,198450,10,Hóa mỹ phẩm & Tẩy rửa,62
SP005467,Dầu gội Clear thảo dược mát lạnh 630g (Lô 87),Chai,173250,10,Hóa mỹ phẩm & Tẩy rửa,69
SP005468,Dầu gội Pantene suôn mượt 650ml (Lô 87),Chai,162750,10,Hóa mỹ phẩm & Tẩy rửa,76
SP005469,Sữa tắm Lifebuoy bảo vệ vượt trội 800g (Lô 87),Chai,156450,10,Hóa mỹ phẩm & Tẩy rửa,83
SP005470,Kem đánh răng Colgate Total 12 180g (Lô 87),Tuýp,44100,10,Hóa mỹ phẩm & Tẩy rửa,90
SP005471,Bàn chải đánh răng P/S than tre (Lô 87),Cái,18900,10,Hóa mỹ phẩm & Tẩy rửa,97
SP005472,Nước lau sàn Sunlight hoa lily túi 3.6kg (Lô 87),Túi,89250,10,Hóa mỹ phẩm & Tẩy rửa,104
SP005473,Xịt muỗi Raid hương cam chanh 600ml (Lô 87),Chai,71400,10,Hóa mỹ phẩm & Tẩy rửa,111
SP005474,Giấy vệ sinh cuộn cao cấp Pulppy lốc 10 cuộn (Lô 87),Lốc,96600,8,Đồ gia dụng & Tiện ích,118
SP005475,Khăn giấy lụa rút Paseo 200 tờ (Lô 87),Hộp,26250,8,Đồ gia dụng & Tiện ích,125
SP005476,Màng bọc thực phẩm PE Sunhouse 30cmx150m (Lô 87),Hộp,78750,8,Đồ gia dụng & Tiện ích,132
SP005477,Túi rác đen tự hủy sinh học Opec 3 cuộn (Lô 87),Gói,39900,8,Đồ gia dụng & Tiện ích,139
SP005478,Băng dính dán thùng trong suốt 5cm x 100y (Lô 87),Cuộn,16800,8,Đồ gia dụng & Tiện ích,146
SP005479,Pin tiểu AA Panasonic vỉ 4 viên (Lô 87),Vỉ,27300,8,Đồ gia dụng & Tiện ích,153
SP005480,Khẩu trang y tế 4 lớp kháng khuẩn hộp 50 cái (Lô 87),Hộp,36750,8,Đồ gia dụng & Tiện ích,160
SP005481,Nước rửa tay Lifebuoy hương chanh chai 450ml (Lô 87),Chai,54600,8,Đồ gia dụng & Tiện ích,167
SP005482,Coca Cola Sleek 320ml (Lô 88),Lon,12100,8,Đồ uống & Giải khát,174
SP005483,Pepsi Sleek 320ml (Lô 88),Lon,11550,8,Đồ uống & Giải khát,181
SP005484,Nước cam ép Twister 450ml (Lô 88),Chai,13200,8,Đồ uống & Giải khát,188
SP005485,Trà xanh Không Độ 455ml (Lô 88),Chai,11000,8,Đồ uống & Giải khát,195
SP005486,Trà Ô Long Tea+ Plus 455ml (Lô 88),Chai,13200,8,Đồ uống & Giải khát,202
SP005487,Nước tăng lực Red Bull 250ml (Lô 88),Lon,15400,8,Đồ uống & Giải khát,209
SP005488,Nước khoáng Lavie 500ml (Lô 88),Chai,6600,8,Đồ uống & Giải khát,216
SP005489,Nước tinh khiết Aquafina 500ml (Lô 88),Chai,6600,8,Đồ uống & Giải khát,223
SP005490,Cà phê sữa đá Highlands 235ml (Lô 88),Lon,17600,8,Đồ uống & Giải khát,230
SP005491,Bia Heineken Sleek 330ml (Lô 88),Lon,24200,10,Đồ uống & Giải khát,237
SP005492,Bia Tiger Crystal 330ml (Lô 88),Lon,21450,10,Đồ uống & Giải khát,244
SP005493,Bia Sài Gòn Special 330ml (Lô 88),Lon,18150,10,Đồ uống & Giải khát,251
SP005494,Sữa tươi tiệt trùng Vinamilk 180ml (Lô 88),Hộp,9350,0,Đồ uống & Giải khát,258
SP005495,Sữa chua uống Susu 110ml (Lô 88),Chai,7150,0,Đồ uống & Giải khát,265
SP005496,Nước ép bưởi hồng Vfresh 1L (Lô 88),Hộp,42900,8,Đồ uống & Giải khát,272
SP005497,Bánh ChocoPie Orion hộp 12 cái (Lô 88),Hộp,63800,8,Bánh kẹo & Ăn vặt,279
SP005498,Bánh Cosy mè giòn rụm Kinh Đô 288g (Lô 88),Gói,31900,8,Bánh kẹo & Ăn vặt,286
SP005499,Snack khoai tây Ostar vị tảo biển 90g (Lô 88),Gói,20900,8,Bánh kẹo & Ăn vặt,293
SP005500,Snack khoai tây Lay's tự nhiên 95g (Lô 88),Gói,23100,8,Bánh kẹo & Ăn vặt,300
SP005501,Bánh que Pocky socola Glico 40g (Lô 88),Hộp,15400,8,Bánh kẹo & Ăn vặt,307
SP005502,Kẹo dẻo Chupa Chups Sour Tubes 160g (Lô 88),Gói,26400,8,Bánh kẹo & Ăn vặt,314
SP005503,Bánh mì tươi nhân bơ sữa Kinh Đô 80g (Lô 88),Cái,9900,8,Bánh kẹo & Ăn vặt,321
SP005504,Bánh xốp Nabati phô mai 130g (Lô 88),Hộp,13200,8,Bánh kẹo & Ăn vặt,328
SP005505,Hạt điều rang muối vỏ lụa Bình Phước 500g (Lô 88),Hộp,148500,8,Bánh kẹo & Ăn vặt,335
SP005506,Hạt hướng dương Chacheer 130g (Lô 88),Gói,16500,8,Bánh kẹo & Ăn vặt,342
SP005507,Rong biển sấy vị truyền thống TaoKaeNoi 32g (Lô 88),Gói,28600,8,Bánh kẹo & Ăn vặt,349
SP005508,Nước mắm Nam Ngư Đệ Nhị chai 900ml (Lô 88),Chai,30800,8,Gia vị & Đồ nấu nướng,356
SP005509,Nước mắm Chinsu Cá Hồi chai 500ml (Lô 88),Chai,51700,8,Gia vị & Đồ nấu nướng,363
SP005510,Dầu ăn Simply đậu nành can 1L (Lô 88),Chai,64900,8,Gia vị & Đồ nấu nướng,370
SP005511,Dầu ăn Neptune Gold can 2L (Lô 88),Chai,148500,8,Gia vị & Đồ nấu nướng,377
SP005512,Hạt nêm Knorr thịt thăn xương ống 400g (Lô 88),Gói,40700,8,Gia vị & Đồ nấu nướng,384
SP005513,Bột ngọt Ajinomoto gói 454g (Lô 88),Gói,37400,8,Gia vị & Đồ nấu nướng,391
SP005514,Tương ớt Chinsu nắp bật 250g (Lô 88),Chai,16500,8,Gia vị & Đồ nấu nướng,398
SP005515,Tương cà Cholimex chai 330g (Lô 88),Chai,17600,8,Gia vị & Đồ nấu nướng,405
SP005516,Muối I-ốt Bạc Liêu túi 500g (Lô 88),Gói,6600,8,Gia vị & Đồ nấu nướng,412
SP005517,Đường tinh luyện Biên Hòa Daily 1kg (Lô 88),Gói,34100,8,Gia vị & Đồ nấu nướng,419
SP005518,Mì tôm Hảo Hảo tôm chua cay 75g (Lô 88),Gói,4950,8,Mì gói & Thực phẩm khô,426
SP005519,Mì Omachi sườn hầm ngũ quả 80g (Lô 88),Gói,9350,8,Mì gói & Thực phẩm khô,433
SP005520,Mì trộn Indomie Mi Goreng 85g (Lô 88),Gói,7150,8,Mì gói & Thực phẩm khô,440
SP005521,Phở gà Đệ Nhất Acecook 68g (Lô 88),Gói,8800,8,Mì gói & Thực phẩm khô,447
SP005522,Miến Phú Hương yến tiệc 210g (Lô 88),Gói,24200,8,Mì gói & Thực phẩm khô,454
SP005523,Cháo thịt bằm Cung Đình gói 50g (Lô 88),Gói,7700,8,Mì gói & Thực phẩm khô,461
SP005524,Cá nục sốt cà 3 Cô Gái lon 155g (Lô 88),Lon,20900,8,Mì gói & Thực phẩm khô,468
SP005525,Pate thịt heo Hạ Long lon 150g (Lô 88),Lon,29700,8,Mì gói & Thực phẩm khô,475
SP005526,Mì ly Modern lẩu thái tôm 65g (Lô 88),Ly,10450,8,Mì gói & Thực phẩm khô,482
SP005527,Nước rửa chén Sunlight chanh can 3.6kg (Lô 88),Can,119900,10,Hóa mỹ phẩm & Tẩy rửa,489
SP005528,Nước giặt OMO Matic cửa trên túi 3.6kg (Lô 88),Túi,192500,10,Hóa mỹ phẩm & Tẩy rửa,496
SP005529,Nước xả vải Comfort đậm đặc túi 3.2L (Lô 88),Túi,207900,10,Hóa mỹ phẩm & Tẩy rửa,53
SP005530,Dầu gội Clear thảo dược mát lạnh 630g (Lô 88),Chai,181500,10,Hóa mỹ phẩm & Tẩy rửa,60
SP005531,Dầu gội Pantene suôn mượt 650ml (Lô 88),Chai,170500,10,Hóa mỹ phẩm & Tẩy rửa,67
SP005532,Sữa tắm Lifebuoy bảo vệ vượt trội 800g (Lô 88),Chai,163900,10,Hóa mỹ phẩm & Tẩy rửa,74
SP005533,Kem đánh răng Colgate Total 12 180g (Lô 88),Tuýp,46200,10,Hóa mỹ phẩm & Tẩy rửa,81
SP005534,Bàn chải đánh răng P/S than tre (Lô 88),Cái,19800,10,Hóa mỹ phẩm & Tẩy rửa,88
SP005535,Nước lau sàn Sunlight hoa lily túi 3.6kg (Lô 88),Túi,93500,10,Hóa mỹ phẩm & Tẩy rửa,95
SP005536,Xịt muỗi Raid hương cam chanh 600ml (Lô 88),Chai,74800,10,Hóa mỹ phẩm & Tẩy rửa,102
SP005537,Giấy vệ sinh cuộn cao cấp Pulppy lốc 10 cuộn (Lô 88),Lốc,101200,8,Đồ gia dụng & Tiện ích,109
SP005538,Khăn giấy lụa rút Paseo 200 tờ (Lô 88),Hộp,27500,8,Đồ gia dụng & Tiện ích,116
SP005539,Màng bọc thực phẩm PE Sunhouse 30cmx150m (Lô 88),Hộp,82500,8,Đồ gia dụng & Tiện ích,123
SP005540,Túi rác đen tự hủy sinh học Opec 3 cuộn (Lô 88),Gói,41800,8,Đồ gia dụng & Tiện ích,130
SP005541,Băng dính dán thùng trong suốt 5cm x 100y (Lô 88),Cuộn,17600,8,Đồ gia dụng & Tiện ích,137
SP005542,Pin tiểu AA Panasonic vỉ 4 viên (Lô 88),Vỉ,28600,8,Đồ gia dụng & Tiện ích,144
SP005543,Khẩu trang y tế 4 lớp kháng khuẩn hộp 50 cái (Lô 88),Hộp,38500,8,Đồ gia dụng & Tiện ích,151
SP005544,Nước rửa tay Lifebuoy hương chanh chai 450ml (Lô 88),Chai,57200,8,Đồ gia dụng & Tiện ích,158
SP005545,Coca Cola Sleek 320ml (Lô 89),Lon,12649,8,Đồ uống & Giải khát,165
SP005546,Pepsi Sleek 320ml (Lô 89),Lon,12074,8,Đồ uống & Giải khát,172
SP005547,Nước cam ép Twister 450ml (Lô 89),Chai,13799,8,Đồ uống & Giải khát,179
SP005548,Trà xanh Không Độ 455ml (Lô 89),Chai,11500,8,Đồ uống & Giải khát,186
SP005549,Trà Ô Long Tea+ Plus 455ml (Lô 89),Chai,13799,8,Đồ uống & Giải khát,193
SP005550,Nước tăng lực Red Bull 250ml (Lô 89),Lon,16099,8,Đồ uống & Giải khát,200
SP005551,Nước khoáng Lavie 500ml (Lô 89),Chai,6899,8,Đồ uống & Giải khát,207
SP005552,Nước tinh khiết Aquafina 500ml (Lô 89),Chai,6899,8,Đồ uống & Giải khát,214
SP005553,Cà phê sữa đá Highlands 235ml (Lô 89),Lon,18400,8,Đồ uống & Giải khát,221
SP005554,Bia Heineken Sleek 330ml (Lô 89),Lon,25299,10,Đồ uống & Giải khát,228
SP005555,Bia Tiger Crystal 330ml (Lô 89),Lon,22425,10,Đồ uống & Giải khát,235
SP005556,Bia Sài Gòn Special 330ml (Lô 89),Lon,18975,10,Đồ uống & Giải khát,242
SP005557,Sữa tươi tiệt trùng Vinamilk 180ml (Lô 89),Hộp,9775,0,Đồ uống & Giải khát,249
SP005558,Sữa chua uống Susu 110ml (Lô 89),Chai,7474,0,Đồ uống & Giải khát,256
SP005559,Nước ép bưởi hồng Vfresh 1L (Lô 89),Hộp,44850,8,Đồ uống & Giải khát,263
SP005560,Bánh ChocoPie Orion hộp 12 cái (Lô 89),Hộp,66700,8,Bánh kẹo & Ăn vặt,270
SP005561,Bánh Cosy mè giòn rụm Kinh Đô 288g (Lô 89),Gói,33350,8,Bánh kẹo & Ăn vặt,277
SP005562,Snack khoai tây Ostar vị tảo biển 90g (Lô 89),Gói,21850,8,Bánh kẹo & Ăn vặt,284
SP005563,Snack khoai tây Lay's tự nhiên 95g (Lô 89),Gói,24149,8,Bánh kẹo & Ăn vặt,291
SP005564,Bánh que Pocky socola Glico 40g (Lô 89),Hộp,16099,8,Bánh kẹo & Ăn vặt,298
SP005565,Kẹo dẻo Chupa Chups Sour Tubes 160g (Lô 89),Gói,27599,8,Bánh kẹo & Ăn vặt,305
SP005566,Bánh mì tươi nhân bơ sữa Kinh Đô 80g (Lô 89),Cái,10350,8,Bánh kẹo & Ăn vặt,312
SP005567,Bánh xốp Nabati phô mai 130g (Lô 89),Hộp,13799,8,Bánh kẹo & Ăn vặt,319
SP005568,Hạt điều rang muối vỏ lụa Bình Phước 500g (Lô 89),Hộp,155250,8,Bánh kẹo & Ăn vặt,326
SP005569,Hạt hướng dương Chacheer 130g (Lô 89),Gói,17250,8,Bánh kẹo & Ăn vặt,333
SP005570,Rong biển sấy vị truyền thống TaoKaeNoi 32g (Lô 89),Gói,29899,8,Bánh kẹo & Ăn vặt,340
SP005571,Nước mắm Nam Ngư Đệ Nhị chai 900ml (Lô 89),Chai,32199,8,Gia vị & Đồ nấu nướng,347
SP005572,Nước mắm Chinsu Cá Hồi chai 500ml (Lô 89),Chai,54049,8,Gia vị & Đồ nấu nướng,354
SP005573,Dầu ăn Simply đậu nành can 1L (Lô 89),Chai,67850,8,Gia vị & Đồ nấu nướng,361
SP005574,Dầu ăn Neptune Gold can 2L (Lô 89),Chai,155250,8,Gia vị & Đồ nấu nướng,368
SP005575,Hạt nêm Knorr thịt thăn xương ống 400g (Lô 89),Gói,42550,8,Gia vị & Đồ nấu nướng,375
SP005576,Bột ngọt Ajinomoto gói 454g (Lô 89),Gói,39100,8,Gia vị & Đồ nấu nướng,382
SP005577,Tương ớt Chinsu nắp bật 250g (Lô 89),Chai,17250,8,Gia vị & Đồ nấu nướng,389
SP005578,Tương cà Cholimex chai 330g (Lô 89),Chai,18400,8,Gia vị & Đồ nấu nướng,396
SP005579,Muối I-ốt Bạc Liêu túi 500g (Lô 89),Gói,6899,8,Gia vị & Đồ nấu nướng,403
SP005580,Đường tinh luyện Biên Hòa Daily 1kg (Lô 89),Gói,35650,8,Gia vị & Đồ nấu nướng,410
SP005581,Mì tôm Hảo Hảo tôm chua cay 75g (Lô 89),Gói,5175,8,Mì gói & Thực phẩm khô,417
SP005582,Mì Omachi sườn hầm ngũ quả 80g (Lô 89),Gói,9775,8,Mì gói & Thực phẩm khô,424
SP005583,Mì trộn Indomie Mi Goreng 85g (Lô 89),Gói,7474,8,Mì gói & Thực phẩm khô,431
SP005584,Phở gà Đệ Nhất Acecook 68g (Lô 89),Gói,9200,8,Mì gói & Thực phẩm khô,438
SP005585,Miến Phú Hương yến tiệc 210g (Lô 89),Gói,25299,8,Mì gói & Thực phẩm khô,445
SP005586,Cháo thịt bằm Cung Đình gói 50g (Lô 89),Gói,8049,8,Mì gói & Thực phẩm khô,452
SP005587,Cá nục sốt cà 3 Cô Gái lon 155g (Lô 89),Lon,21850,8,Mì gói & Thực phẩm khô,459
SP005588,Pate thịt heo Hạ Long lon 150g (Lô 89),Lon,31049,8,Mì gói & Thực phẩm khô,466
SP005589,Mì ly Modern lẩu thái tôm 65g (Lô 89),Ly,10925,8,Mì gói & Thực phẩm khô,473
SP005590,Nước rửa chén Sunlight chanh can 3.6kg (Lô 89),Can,125349,10,Hóa mỹ phẩm & Tẩy rửa,480
SP005591,Nước giặt OMO Matic cửa trên túi 3.6kg (Lô 89),Túi,201249,10,Hóa mỹ phẩm & Tẩy rửa,487
SP005592,Nước xả vải Comfort đậm đặc túi 3.2L (Lô 89),Túi,217349,10,Hóa mỹ phẩm & Tẩy rửa,494
SP005593,Dầu gội Clear thảo dược mát lạnh 630g (Lô 89),Chai,189749,10,Hóa mỹ phẩm & Tẩy rửa,51
SP005594,Dầu gội Pantene suôn mượt 650ml (Lô 89),Chai,178250,10,Hóa mỹ phẩm & Tẩy rửa,58
SP005595,Sữa tắm Lifebuoy bảo vệ vượt trội 800g (Lô 89),Chai,171350,10,Hóa mỹ phẩm & Tẩy rửa,65
SP005596,Kem đánh răng Colgate Total 12 180g (Lô 89),Tuýp,48299,10,Hóa mỹ phẩm & Tẩy rửa,72
SP005597,Bàn chải đánh răng P/S than tre (Lô 89),Cái,20700,10,Hóa mỹ phẩm & Tẩy rửa,79
SP005598,Nước lau sàn Sunlight hoa lily túi 3.6kg (Lô 89),Túi,97749,10,Hóa mỹ phẩm & Tẩy rửa,86
SP005599,Xịt muỗi Raid hương cam chanh 600ml (Lô 89),Chai,78200,10,Hóa mỹ phẩm & Tẩy rửa,93
SP005600,Giấy vệ sinh cuộn cao cấp Pulppy lốc 10 cuộn (Lô 89),Lốc,105799,8,Đồ gia dụng & Tiện ích,100
SP005601,Khăn giấy lụa rút Paseo 200 tờ (Lô 89),Hộp,28749,8,Đồ gia dụng & Tiện ích,107
SP005602,Màng bọc thực phẩm PE Sunhouse 30cmx150m (Lô 89),Hộp,86250,8,Đồ gia dụng & Tiện ích,114
SP005603,Túi rác đen tự hủy sinh học Opec 3 cuộn (Lô 89),Gói,43700,8,Đồ gia dụng & Tiện ích,121
SP005604,Băng dính dán thùng trong suốt 5cm x 100y (Lô 89),Cuộn,18400,8,Đồ gia dụng & Tiện ích,128
SP005605,Pin tiểu AA Panasonic vỉ 4 viên (Lô 89),Vỉ,29899,8,Đồ gia dụng & Tiện ích,135
SP005606,Khẩu trang y tế 4 lớp kháng khuẩn hộp 50 cái (Lô 89),Hộp,40250,8,Đồ gia dụng & Tiện ích,142
SP005607,Nước rửa tay Lifebuoy hương chanh chai 450ml (Lô 89),Chai,59799,8,Đồ gia dụng & Tiện ích,149
SP005608,Coca Cola Sleek 320ml (Lô 90),Lon,13200,8,Đồ uống & Giải khát,156
SP005609,Pepsi Sleek 320ml (Lô 90),Lon,12600,8,Đồ uống & Giải khát,163
SP005610,Nước cam ép Twister 450ml (Lô 90),Chai,14400,8,Đồ uống & Giải khát,170
SP005611,Trà xanh Không Độ 455ml (Lô 90),Chai,12000,8,Đồ uống & Giải khát,177
SP005612,Trà Ô Long Tea+ Plus 455ml (Lô 90),Chai,14400,8,Đồ uống & Giải khát,184
SP005613,Nước tăng lực Red Bull 250ml (Lô 90),Lon,16800,8,Đồ uống & Giải khát,191
SP005614,Nước khoáng Lavie 500ml (Lô 90),Chai,7200,8,Đồ uống & Giải khát,198
SP005615,Nước tinh khiết Aquafina 500ml (Lô 90),Chai,7200,8,Đồ uống & Giải khát,205
SP005616,Cà phê sữa đá Highlands 235ml (Lô 90),Lon,19200,8,Đồ uống & Giải khát,212
SP005617,Bia Heineken Sleek 330ml (Lô 90),Lon,26400,10,Đồ uống & Giải khát,219
SP005618,Bia Tiger Crystal 330ml (Lô 90),Lon,23400,10,Đồ uống & Giải khát,226
SP005619,Bia Sài Gòn Special 330ml (Lô 90),Lon,19800,10,Đồ uống & Giải khát,233
SP005620,Sữa tươi tiệt trùng Vinamilk 180ml (Lô 90),Hộp,10200,0,Đồ uống & Giải khát,240
SP005621,Sữa chua uống Susu 110ml (Lô 90),Chai,7800,0,Đồ uống & Giải khát,247
SP005622,Nước ép bưởi hồng Vfresh 1L (Lô 90),Hộp,46800,8,Đồ uống & Giải khát,254
SP005623,Bánh ChocoPie Orion hộp 12 cái (Lô 90),Hộp,69600,8,Bánh kẹo & Ăn vặt,261
SP005624,Bánh Cosy mè giòn rụm Kinh Đô 288g (Lô 90),Gói,34800,8,Bánh kẹo & Ăn vặt,268
SP005625,Snack khoai tây Ostar vị tảo biển 90g (Lô 90),Gói,22800,8,Bánh kẹo & Ăn vặt,275
SP005626,Snack khoai tây Lay's tự nhiên 95g (Lô 90),Gói,25200,8,Bánh kẹo & Ăn vặt,282
SP005627,Bánh que Pocky socola Glico 40g (Lô 90),Hộp,16800,8,Bánh kẹo & Ăn vặt,289
SP005628,Kẹo dẻo Chupa Chups Sour Tubes 160g (Lô 90),Gói,28800,8,Bánh kẹo & Ăn vặt,296
SP005629,Bánh mì tươi nhân bơ sữa Kinh Đô 80g (Lô 90),Cái,10800,8,Bánh kẹo & Ăn vặt,303
SP005630,Bánh xốp Nabati phô mai 130g (Lô 90),Hộp,14400,8,Bánh kẹo & Ăn vặt,310
SP005631,Hạt điều rang muối vỏ lụa Bình Phước 500g (Lô 90),Hộp,162000,8,Bánh kẹo & Ăn vặt,317
SP005632,Hạt hướng dương Chacheer 130g (Lô 90),Gói,18000,8,Bánh kẹo & Ăn vặt,324
SP005633,Rong biển sấy vị truyền thống TaoKaeNoi 32g (Lô 90),Gói,31200,8,Bánh kẹo & Ăn vặt,331
SP005634,Nước mắm Nam Ngư Đệ Nhị chai 900ml (Lô 90),Chai,33600,8,Gia vị & Đồ nấu nướng,338
SP005635,Nước mắm Chinsu Cá Hồi chai 500ml (Lô 90),Chai,56400,8,Gia vị & Đồ nấu nướng,345
SP005636,Dầu ăn Simply đậu nành can 1L (Lô 90),Chai,70800,8,Gia vị & Đồ nấu nướng,352
SP005637,Dầu ăn Neptune Gold can 2L (Lô 90),Chai,162000,8,Gia vị & Đồ nấu nướng,359
SP005638,Hạt nêm Knorr thịt thăn xương ống 400g (Lô 90),Gói,44400,8,Gia vị & Đồ nấu nướng,366
SP005639,Bột ngọt Ajinomoto gói 454g (Lô 90),Gói,40800,8,Gia vị & Đồ nấu nướng,373
SP005640,Tương ớt Chinsu nắp bật 250g (Lô 90),Chai,18000,8,Gia vị & Đồ nấu nướng,380
SP005641,Tương cà Cholimex chai 330g (Lô 90),Chai,19200,8,Gia vị & Đồ nấu nướng,387
SP005642,Muối I-ốt Bạc Liêu túi 500g (Lô 90),Gói,7200,8,Gia vị & Đồ nấu nướng,394
SP005643,Đường tinh luyện Biên Hòa Daily 1kg (Lô 90),Gói,37200,8,Gia vị & Đồ nấu nướng,401
SP005644,Mì tôm Hảo Hảo tôm chua cay 75g (Lô 90),Gói,5400,8,Mì gói & Thực phẩm khô,408
SP005645,Mì Omachi sườn hầm ngũ quả 80g (Lô 90),Gói,10200,8,Mì gói & Thực phẩm khô,415
SP005646,Mì trộn Indomie Mi Goreng 85g (Lô 90),Gói,7800,8,Mì gói & Thực phẩm khô,422
SP005647,Phở gà Đệ Nhất Acecook 68g (Lô 90),Gói,9600,8,Mì gói & Thực phẩm khô,429
SP005648,Miến Phú Hương yến tiệc 210g (Lô 90),Gói,26400,8,Mì gói & Thực phẩm khô,436
SP005649,Cháo thịt bằm Cung Đình gói 50g (Lô 90),Gói,8400,8,Mì gói & Thực phẩm khô,443
SP005650,Cá nục sốt cà 3 Cô Gái lon 155g (Lô 90),Lon,22800,8,Mì gói & Thực phẩm khô,450
SP005651,Pate thịt heo Hạ Long lon 150g (Lô 90),Lon,32400,8,Mì gói & Thực phẩm khô,457
SP005652,Mì ly Modern lẩu thái tôm 65g (Lô 90),Ly,11400,8,Mì gói & Thực phẩm khô,464
SP005653,Nước rửa chén Sunlight chanh can 3.6kg (Lô 90),Can,130800,10,Hóa mỹ phẩm & Tẩy rửa,471
SP005654,Nước giặt OMO Matic cửa trên túi 3.6kg (Lô 90),Túi,210000,10,Hóa mỹ phẩm & Tẩy rửa,478
SP005655,Nước xả vải Comfort đậm đặc túi 3.2L (Lô 90),Túi,226800,10,Hóa mỹ phẩm & Tẩy rửa,485
SP005656,Dầu gội Clear thảo dược mát lạnh 630g (Lô 90),Chai,198000,10,Hóa mỹ phẩm & Tẩy rửa,492
SP005657,Dầu gội Pantene suôn mượt 650ml (Lô 90),Chai,186000,10,Hóa mỹ phẩm & Tẩy rửa,499
SP005658,Sữa tắm Lifebuoy bảo vệ vượt trội 800g (Lô 90),Chai,178800,10,Hóa mỹ phẩm & Tẩy rửa,56
SP005659,Kem đánh răng Colgate Total 12 180g (Lô 90),Tuýp,50400,10,Hóa mỹ phẩm & Tẩy rửa,63
SP005660,Bàn chải đánh răng P/S than tre (Lô 90),Cái,21600,10,Hóa mỹ phẩm & Tẩy rửa,70
SP005661,Nước lau sàn Sunlight hoa lily túi 3.6kg (Lô 90),Túi,102000,10,Hóa mỹ phẩm & Tẩy rửa,77
SP005662,Xịt muỗi Raid hương cam chanh 600ml (Lô 90),Chai,81600,10,Hóa mỹ phẩm & Tẩy rửa,84
SP005663,Giấy vệ sinh cuộn cao cấp Pulppy lốc 10 cuộn (Lô 90),Lốc,110400,8,Đồ gia dụng & Tiện ích,91
SP005664,Khăn giấy lụa rút Paseo 200 tờ (Lô 90),Hộp,30000,8,Đồ gia dụng & Tiện ích,98
SP005665,Màng bọc thực phẩm PE Sunhouse 30cmx150m (Lô 90),Hộp,90000,8,Đồ gia dụng & Tiện ích,105
SP005666,Túi rác đen tự hủy sinh học Opec 3 cuộn (Lô 90),Gói,45600,8,Đồ gia dụng & Tiện ích,112
SP005667,Băng dính dán thùng trong suốt 5cm x 100y (Lô 90),Cuộn,19200,8,Đồ gia dụng & Tiện ích,119
SP005668,Pin tiểu AA Panasonic vỉ 4 viên (Lô 90),Vỉ,31200,8,Đồ gia dụng & Tiện ích,126
SP005669,Khẩu trang y tế 4 lớp kháng khuẩn hộp 50 cái (Lô 90),Hộp,42000,8,Đồ gia dụng & Tiện ích,133
SP005670,Nước rửa tay Lifebuoy hương chanh chai 450ml (Lô 90),Chai,62400,8,Đồ gia dụng & Tiện ích,140
SP005671,Coca Cola Sleek 320ml (Lô 91),Lon,11000,8,Đồ uống & Giải khát,147
SP005672,Pepsi Sleek 320ml (Lô 91),Lon,10500,8,Đồ uống & Giải khát,154
SP005673,Nước cam ép Twister 450ml (Lô 91),Chai,12000,8,Đồ uống & Giải khát,161
SP005674,Trà xanh Không Độ 455ml (Lô 91),Chai,10000,8,Đồ uống & Giải khát,168
SP005675,Trà Ô Long Tea+ Plus 455ml (Lô 91),Chai,12000,8,Đồ uống & Giải khát,175
SP005676,Nước tăng lực Red Bull 250ml (Lô 91),Lon,14000,8,Đồ uống & Giải khát,182
SP005677,Nước khoáng Lavie 500ml (Lô 91),Chai,6000,8,Đồ uống & Giải khát,189
SP005678,Nước tinh khiết Aquafina 500ml (Lô 91),Chai,6000,8,Đồ uống & Giải khát,196
SP005679,Cà phê sữa đá Highlands 235ml (Lô 91),Lon,16000,8,Đồ uống & Giải khát,203
SP005680,Bia Heineken Sleek 330ml (Lô 91),Lon,22000,10,Đồ uống & Giải khát,210
SP005681,Bia Tiger Crystal 330ml (Lô 91),Lon,19500,10,Đồ uống & Giải khát,217
SP005682,Bia Sài Gòn Special 330ml (Lô 91),Lon,16500,10,Đồ uống & Giải khát,224
SP005683,Sữa tươi tiệt trùng Vinamilk 180ml (Lô 91),Hộp,8500,0,Đồ uống & Giải khát,231
SP005684,Sữa chua uống Susu 110ml (Lô 91),Chai,6500,0,Đồ uống & Giải khát,238
SP005685,Nước ép bưởi hồng Vfresh 1L (Lô 91),Hộp,39000,8,Đồ uống & Giải khát,245
SP005686,Bánh ChocoPie Orion hộp 12 cái (Lô 91),Hộp,58000,8,Bánh kẹo & Ăn vặt,252
SP005687,Bánh Cosy mè giòn rụm Kinh Đô 288g (Lô 91),Gói,29000,8,Bánh kẹo & Ăn vặt,259
SP005688,Snack khoai tây Ostar vị tảo biển 90g (Lô 91),Gói,19000,8,Bánh kẹo & Ăn vặt,266
SP005689,Snack khoai tây Lay's tự nhiên 95g (Lô 91),Gói,21000,8,Bánh kẹo & Ăn vặt,273
SP005690,Bánh que Pocky socola Glico 40g (Lô 91),Hộp,14000,8,Bánh kẹo & Ăn vặt,280
SP005691,Kẹo dẻo Chupa Chups Sour Tubes 160g (Lô 91),Gói,24000,8,Bánh kẹo & Ăn vặt,287
SP005692,Bánh mì tươi nhân bơ sữa Kinh Đô 80g (Lô 91),Cái,9000,8,Bánh kẹo & Ăn vặt,294
SP005693,Bánh xốp Nabati phô mai 130g (Lô 91),Hộp,12000,8,Bánh kẹo & Ăn vặt,301
SP005694,Hạt điều rang muối vỏ lụa Bình Phước 500g (Lô 91),Hộp,135000,8,Bánh kẹo & Ăn vặt,308
SP005695,Hạt hướng dương Chacheer 130g (Lô 91),Gói,15000,8,Bánh kẹo & Ăn vặt,315
SP005696,Rong biển sấy vị truyền thống TaoKaeNoi 32g (Lô 91),Gói,26000,8,Bánh kẹo & Ăn vặt,322
SP005697,Nước mắm Nam Ngư Đệ Nhị chai 900ml (Lô 91),Chai,28000,8,Gia vị & Đồ nấu nướng,329
SP005698,Nước mắm Chinsu Cá Hồi chai 500ml (Lô 91),Chai,47000,8,Gia vị & Đồ nấu nướng,336
SP005699,Dầu ăn Simply đậu nành can 1L (Lô 91),Chai,59000,8,Gia vị & Đồ nấu nướng,343
SP005700,Dầu ăn Neptune Gold can 2L (Lô 91),Chai,135000,8,Gia vị & Đồ nấu nướng,350
SP005701,Hạt nêm Knorr thịt thăn xương ống 400g (Lô 91),Gói,37000,8,Gia vị & Đồ nấu nướng,357
SP005702,Bột ngọt Ajinomoto gói 454g (Lô 91),Gói,34000,8,Gia vị & Đồ nấu nướng,364
SP005703,Tương ớt Chinsu nắp bật 250g (Lô 91),Chai,15000,8,Gia vị & Đồ nấu nướng,371
SP005704,Tương cà Cholimex chai 330g (Lô 91),Chai,16000,8,Gia vị & Đồ nấu nướng,378
SP005705,Muối I-ốt Bạc Liêu túi 500g (Lô 91),Gói,6000,8,Gia vị & Đồ nấu nướng,385
SP005706,Đường tinh luyện Biên Hòa Daily 1kg (Lô 91),Gói,31000,8,Gia vị & Đồ nấu nướng,392
SP005707,Mì tôm Hảo Hảo tôm chua cay 75g (Lô 91),Gói,4500,8,Mì gói & Thực phẩm khô,399
SP005708,Mì Omachi sườn hầm ngũ quả 80g (Lô 91),Gói,8500,8,Mì gói & Thực phẩm khô,406
SP005709,Mì trộn Indomie Mi Goreng 85g (Lô 91),Gói,6500,8,Mì gói & Thực phẩm khô,413
SP005710,Phở gà Đệ Nhất Acecook 68g (Lô 91),Gói,8000,8,Mì gói & Thực phẩm khô,420
SP005711,Miến Phú Hương yến tiệc 210g (Lô 91),Gói,22000,8,Mì gói & Thực phẩm khô,427
SP005712,Cháo thịt bằm Cung Đình gói 50g (Lô 91),Gói,7000,8,Mì gói & Thực phẩm khô,434
SP005713,Cá nục sốt cà 3 Cô Gái lon 155g (Lô 91),Lon,19000,8,Mì gói & Thực phẩm khô,441
SP005714,Pate thịt heo Hạ Long lon 150g (Lô 91),Lon,27000,8,Mì gói & Thực phẩm khô,448
SP005715,Mì ly Modern lẩu thái tôm 65g (Lô 91),Ly,9500,8,Mì gói & Thực phẩm khô,455
SP005716,Nước rửa chén Sunlight chanh can 3.6kg (Lô 91),Can,109000,10,Hóa mỹ phẩm & Tẩy rửa,462
SP005717,Nước giặt OMO Matic cửa trên túi 3.6kg (Lô 91),Túi,175000,10,Hóa mỹ phẩm & Tẩy rửa,469
SP005718,Nước xả vải Comfort đậm đặc túi 3.2L (Lô 91),Túi,189000,10,Hóa mỹ phẩm & Tẩy rửa,476
SP005719,Dầu gội Clear thảo dược mát lạnh 630g (Lô 91),Chai,165000,10,Hóa mỹ phẩm & Tẩy rửa,483
SP005720,Dầu gội Pantene suôn mượt 650ml (Lô 91),Chai,155000,10,Hóa mỹ phẩm & Tẩy rửa,490
SP005721,Sữa tắm Lifebuoy bảo vệ vượt trội 800g (Lô 91),Chai,149000,10,Hóa mỹ phẩm & Tẩy rửa,497
SP005722,Kem đánh răng Colgate Total 12 180g (Lô 91),Tuýp,42000,10,Hóa mỹ phẩm & Tẩy rửa,54
SP005723,Bàn chải đánh răng P/S than tre (Lô 91),Cái,18000,10,Hóa mỹ phẩm & Tẩy rửa,61
SP005724,Nước lau sàn Sunlight hoa lily túi 3.6kg (Lô 91),Túi,85000,10,Hóa mỹ phẩm & Tẩy rửa,68
SP005725,Xịt muỗi Raid hương cam chanh 600ml (Lô 91),Chai,68000,10,Hóa mỹ phẩm & Tẩy rửa,75
SP005726,Giấy vệ sinh cuộn cao cấp Pulppy lốc 10 cuộn (Lô 91),Lốc,92000,8,Đồ gia dụng & Tiện ích,82
SP005727,Khăn giấy lụa rút Paseo 200 tờ (Lô 91),Hộp,25000,8,Đồ gia dụng & Tiện ích,89
SP005728,Màng bọc thực phẩm PE Sunhouse 30cmx150m (Lô 91),Hộp,75000,8,Đồ gia dụng & Tiện ích,96
SP005729,Túi rác đen tự hủy sinh học Opec 3 cuộn (Lô 91),Gói,38000,8,Đồ gia dụng & Tiện ích,103
SP005730,Băng dính dán thùng trong suốt 5cm x 100y (Lô 91),Cuộn,16000,8,Đồ gia dụng & Tiện ích,110
SP005731,Pin tiểu AA Panasonic vỉ 4 viên (Lô 91),Vỉ,26000,8,Đồ gia dụng & Tiện ích,117
SP005732,Khẩu trang y tế 4 lớp kháng khuẩn hộp 50 cái (Lô 91),Hộp,35000,8,Đồ gia dụng & Tiện ích,124
SP005733,Nước rửa tay Lifebuoy hương chanh chai 450ml (Lô 91),Chai,52000,8,Đồ gia dụng & Tiện ích,131
SP005734,Coca Cola Sleek 320ml (Lô 92),Lon,11550,8,Đồ uống & Giải khát,138
SP005735,Pepsi Sleek 320ml (Lô 92),Lon,11025,8,Đồ uống & Giải khát,145
SP005736,Nước cam ép Twister 450ml (Lô 92),Chai,12600,8,Đồ uống & Giải khát,152
SP005737,Trà xanh Không Độ 455ml (Lô 92),Chai,10500,8,Đồ uống & Giải khát,159
SP005738,Trà Ô Long Tea+ Plus 455ml (Lô 92),Chai,12600,8,Đồ uống & Giải khát,166
SP005739,Nước tăng lực Red Bull 250ml (Lô 92),Lon,14700,8,Đồ uống & Giải khát,173
SP005740,Nước khoáng Lavie 500ml (Lô 92),Chai,6300,8,Đồ uống & Giải khát,180
SP005741,Nước tinh khiết Aquafina 500ml (Lô 92),Chai,6300,8,Đồ uống & Giải khát,187
SP005742,Cà phê sữa đá Highlands 235ml (Lô 92),Lon,16800,8,Đồ uống & Giải khát,194
SP005743,Bia Heineken Sleek 330ml (Lô 92),Lon,23100,10,Đồ uống & Giải khát,201
SP005744,Bia Tiger Crystal 330ml (Lô 92),Lon,20475,10,Đồ uống & Giải khát,208
SP005745,Bia Sài Gòn Special 330ml (Lô 92),Lon,17325,10,Đồ uống & Giải khát,215
SP005746,Sữa tươi tiệt trùng Vinamilk 180ml (Lô 92),Hộp,8925,0,Đồ uống & Giải khát,222
SP005747,Sữa chua uống Susu 110ml (Lô 92),Chai,6825,0,Đồ uống & Giải khát,229
SP005748,Nước ép bưởi hồng Vfresh 1L (Lô 92),Hộp,40950,8,Đồ uống & Giải khát,236
SP005749,Bánh ChocoPie Orion hộp 12 cái (Lô 92),Hộp,60900,8,Bánh kẹo & Ăn vặt,243
SP005750,Bánh Cosy mè giòn rụm Kinh Đô 288g (Lô 92),Gói,30450,8,Bánh kẹo & Ăn vặt,250
SP005751,Snack khoai tây Ostar vị tảo biển 90g (Lô 92),Gói,19950,8,Bánh kẹo & Ăn vặt,257
SP005752,Snack khoai tây Lay's tự nhiên 95g (Lô 92),Gói,22050,8,Bánh kẹo & Ăn vặt,264
SP005753,Bánh que Pocky socola Glico 40g (Lô 92),Hộp,14700,8,Bánh kẹo & Ăn vặt,271
SP005754,Kẹo dẻo Chupa Chups Sour Tubes 160g (Lô 92),Gói,25200,8,Bánh kẹo & Ăn vặt,278
SP005755,Bánh mì tươi nhân bơ sữa Kinh Đô 80g (Lô 92),Cái,9450,8,Bánh kẹo & Ăn vặt,285
SP005756,Bánh xốp Nabati phô mai 130g (Lô 92),Hộp,12600,8,Bánh kẹo & Ăn vặt,292
SP005757,Hạt điều rang muối vỏ lụa Bình Phước 500g (Lô 92),Hộp,141750,8,Bánh kẹo & Ăn vặt,299
SP005758,Hạt hướng dương Chacheer 130g (Lô 92),Gói,15750,8,Bánh kẹo & Ăn vặt,306
SP005759,Rong biển sấy vị truyền thống TaoKaeNoi 32g (Lô 92),Gói,27300,8,Bánh kẹo & Ăn vặt,313
SP005760,Nước mắm Nam Ngư Đệ Nhị chai 900ml (Lô 92),Chai,29400,8,Gia vị & Đồ nấu nướng,320
SP005761,Nước mắm Chinsu Cá Hồi chai 500ml (Lô 92),Chai,49350,8,Gia vị & Đồ nấu nướng,327
SP005762,Dầu ăn Simply đậu nành can 1L (Lô 92),Chai,61950,8,Gia vị & Đồ nấu nướng,334
SP005763,Dầu ăn Neptune Gold can 2L (Lô 92),Chai,141750,8,Gia vị & Đồ nấu nướng,341
SP005764,Hạt nêm Knorr thịt thăn xương ống 400g (Lô 92),Gói,38850,8,Gia vị & Đồ nấu nướng,348
SP005765,Bột ngọt Ajinomoto gói 454g (Lô 92),Gói,35700,8,Gia vị & Đồ nấu nướng,355
SP005766,Tương ớt Chinsu nắp bật 250g (Lô 92),Chai,15750,8,Gia vị & Đồ nấu nướng,362
SP005767,Tương cà Cholimex chai 330g (Lô 92),Chai,16800,8,Gia vị & Đồ nấu nướng,369
SP005768,Muối I-ốt Bạc Liêu túi 500g (Lô 92),Gói,6300,8,Gia vị & Đồ nấu nướng,376
SP005769,Đường tinh luyện Biên Hòa Daily 1kg (Lô 92),Gói,32550,8,Gia vị & Đồ nấu nướng,383
SP005770,Mì tôm Hảo Hảo tôm chua cay 75g (Lô 92),Gói,4725,8,Mì gói & Thực phẩm khô,390
SP005771,Mì Omachi sườn hầm ngũ quả 80g (Lô 92),Gói,8925,8,Mì gói & Thực phẩm khô,397
SP005772,Mì trộn Indomie Mi Goreng 85g (Lô 92),Gói,6825,8,Mì gói & Thực phẩm khô,404
SP005773,Phở gà Đệ Nhất Acecook 68g (Lô 92),Gói,8400,8,Mì gói & Thực phẩm khô,411
SP005774,Miến Phú Hương yến tiệc 210g (Lô 92),Gói,23100,8,Mì gói & Thực phẩm khô,418
SP005775,Cháo thịt bằm Cung Đình gói 50g (Lô 92),Gói,7350,8,Mì gói & Thực phẩm khô,425
SP005776,Cá nục sốt cà 3 Cô Gái lon 155g (Lô 92),Lon,19950,8,Mì gói & Thực phẩm khô,432
SP005777,Pate thịt heo Hạ Long lon 150g (Lô 92),Lon,28350,8,Mì gói & Thực phẩm khô,439
SP005778,Mì ly Modern lẩu thái tôm 65g (Lô 92),Ly,9975,8,Mì gói & Thực phẩm khô,446
SP005779,Nước rửa chén Sunlight chanh can 3.6kg (Lô 92),Can,114450,10,Hóa mỹ phẩm & Tẩy rửa,453
SP005780,Nước giặt OMO Matic cửa trên túi 3.6kg (Lô 92),Túi,183750,10,Hóa mỹ phẩm & Tẩy rửa,460
SP005781,Nước xả vải Comfort đậm đặc túi 3.2L (Lô 92),Túi,198450,10,Hóa mỹ phẩm & Tẩy rửa,467
SP005782,Dầu gội Clear thảo dược mát lạnh 630g (Lô 92),Chai,173250,10,Hóa mỹ phẩm & Tẩy rửa,474
SP005783,Dầu gội Pantene suôn mượt 650ml (Lô 92),Chai,162750,10,Hóa mỹ phẩm & Tẩy rửa,481
SP005784,Sữa tắm Lifebuoy bảo vệ vượt trội 800g (Lô 92),Chai,156450,10,Hóa mỹ phẩm & Tẩy rửa,488
SP005785,Kem đánh răng Colgate Total 12 180g (Lô 92),Tuýp,44100,10,Hóa mỹ phẩm & Tẩy rửa,495
SP005786,Bàn chải đánh răng P/S than tre (Lô 92),Cái,18900,10,Hóa mỹ phẩm & Tẩy rửa,52
SP005787,Nước lau sàn Sunlight hoa lily túi 3.6kg (Lô 92),Túi,89250,10,Hóa mỹ phẩm & Tẩy rửa,59
SP005788,Xịt muỗi Raid hương cam chanh 600ml (Lô 92),Chai,71400,10,Hóa mỹ phẩm & Tẩy rửa,66
SP005789,Giấy vệ sinh cuộn cao cấp Pulppy lốc 10 cuộn (Lô 92),Lốc,96600,8,Đồ gia dụng & Tiện ích,73
SP005790,Khăn giấy lụa rút Paseo 200 tờ (Lô 92),Hộp,26250,8,Đồ gia dụng & Tiện ích,80
SP005791,Màng bọc thực phẩm PE Sunhouse 30cmx150m (Lô 92),Hộp,78750,8,Đồ gia dụng & Tiện ích,87
SP005792,Túi rác đen tự hủy sinh học Opec 3 cuộn (Lô 92),Gói,39900,8,Đồ gia dụng & Tiện ích,94
SP005793,Băng dính dán thùng trong suốt 5cm x 100y (Lô 92),Cuộn,16800,8,Đồ gia dụng & Tiện ích,101
SP005794,Pin tiểu AA Panasonic vỉ 4 viên (Lô 92),Vỉ,27300,8,Đồ gia dụng & Tiện ích,108
SP005795,Khẩu trang y tế 4 lớp kháng khuẩn hộp 50 cái (Lô 92),Hộp,36750,8,Đồ gia dụng & Tiện ích,115
SP005796,Nước rửa tay Lifebuoy hương chanh chai 450ml (Lô 92),Chai,54600,8,Đồ gia dụng & Tiện ích,122
SP005797,Coca Cola Sleek 320ml (Lô 93),Lon,12100,8,Đồ uống & Giải khát,129
SP005798,Pepsi Sleek 320ml (Lô 93),Lon,11550,8,Đồ uống & Giải khát,136
SP005799,Nước cam ép Twister 450ml (Lô 93),Chai,13200,8,Đồ uống & Giải khát,143
SP005800,Trà xanh Không Độ 455ml (Lô 93),Chai,11000,8,Đồ uống & Giải khát,150
SP005801,Trà Ô Long Tea+ Plus 455ml (Lô 93),Chai,13200,8,Đồ uống & Giải khát,157
SP005802,Nước tăng lực Red Bull 250ml (Lô 93),Lon,15400,8,Đồ uống & Giải khát,164
SP005803,Nước khoáng Lavie 500ml (Lô 93),Chai,6600,8,Đồ uống & Giải khát,171
SP005804,Nước tinh khiết Aquafina 500ml (Lô 93),Chai,6600,8,Đồ uống & Giải khát,178
SP005805,Cà phê sữa đá Highlands 235ml (Lô 93),Lon,17600,8,Đồ uống & Giải khát,185
SP005806,Bia Heineken Sleek 330ml (Lô 93),Lon,24200,10,Đồ uống & Giải khát,192
SP005807,Bia Tiger Crystal 330ml (Lô 93),Lon,21450,10,Đồ uống & Giải khát,199
SP005808,Bia Sài Gòn Special 330ml (Lô 93),Lon,18150,10,Đồ uống & Giải khát,206
SP005809,Sữa tươi tiệt trùng Vinamilk 180ml (Lô 93),Hộp,9350,0,Đồ uống & Giải khát,213
SP005810,Sữa chua uống Susu 110ml (Lô 93),Chai,7150,0,Đồ uống & Giải khát,220
SP005811,Nước ép bưởi hồng Vfresh 1L (Lô 93),Hộp,42900,8,Đồ uống & Giải khát,227
SP005812,Bánh ChocoPie Orion hộp 12 cái (Lô 93),Hộp,63800,8,Bánh kẹo & Ăn vặt,234
SP005813,Bánh Cosy mè giòn rụm Kinh Đô 288g (Lô 93),Gói,31900,8,Bánh kẹo & Ăn vặt,241
SP005814,Snack khoai tây Ostar vị tảo biển 90g (Lô 93),Gói,20900,8,Bánh kẹo & Ăn vặt,248
SP005815,Snack khoai tây Lay's tự nhiên 95g (Lô 93),Gói,23100,8,Bánh kẹo & Ăn vặt,255
SP005816,Bánh que Pocky socola Glico 40g (Lô 93),Hộp,15400,8,Bánh kẹo & Ăn vặt,262
SP005817,Kẹo dẻo Chupa Chups Sour Tubes 160g (Lô 93),Gói,26400,8,Bánh kẹo & Ăn vặt,269
SP005818,Bánh mì tươi nhân bơ sữa Kinh Đô 80g (Lô 93),Cái,9900,8,Bánh kẹo & Ăn vặt,276
SP005819,Bánh xốp Nabati phô mai 130g (Lô 93),Hộp,13200,8,Bánh kẹo & Ăn vặt,283
SP005820,Hạt điều rang muối vỏ lụa Bình Phước 500g (Lô 93),Hộp,148500,8,Bánh kẹo & Ăn vặt,290
SP005821,Hạt hướng dương Chacheer 130g (Lô 93),Gói,16500,8,Bánh kẹo & Ăn vặt,297
SP005822,Rong biển sấy vị truyền thống TaoKaeNoi 32g (Lô 93),Gói,28600,8,Bánh kẹo & Ăn vặt,304
SP005823,Nước mắm Nam Ngư Đệ Nhị chai 900ml (Lô 93),Chai,30800,8,Gia vị & Đồ nấu nướng,311
SP005824,Nước mắm Chinsu Cá Hồi chai 500ml (Lô 93),Chai,51700,8,Gia vị & Đồ nấu nướng,318
SP005825,Dầu ăn Simply đậu nành can 1L (Lô 93),Chai,64900,8,Gia vị & Đồ nấu nướng,325
SP005826,Dầu ăn Neptune Gold can 2L (Lô 93),Chai,148500,8,Gia vị & Đồ nấu nướng,332
SP005827,Hạt nêm Knorr thịt thăn xương ống 400g (Lô 93),Gói,40700,8,Gia vị & Đồ nấu nướng,339
SP005828,Bột ngọt Ajinomoto gói 454g (Lô 93),Gói,37400,8,Gia vị & Đồ nấu nướng,346
SP005829,Tương ớt Chinsu nắp bật 250g (Lô 93),Chai,16500,8,Gia vị & Đồ nấu nướng,353
SP005830,Tương cà Cholimex chai 330g (Lô 93),Chai,17600,8,Gia vị & Đồ nấu nướng,360
SP005831,Muối I-ốt Bạc Liêu túi 500g (Lô 93),Gói,6600,8,Gia vị & Đồ nấu nướng,367
SP005832,Đường tinh luyện Biên Hòa Daily 1kg (Lô 93),Gói,34100,8,Gia vị & Đồ nấu nướng,374
SP005833,Mì tôm Hảo Hảo tôm chua cay 75g (Lô 93),Gói,4950,8,Mì gói & Thực phẩm khô,381
SP005834,Mì Omachi sườn hầm ngũ quả 80g (Lô 93),Gói,9350,8,Mì gói & Thực phẩm khô,388
SP005835,Mì trộn Indomie Mi Goreng 85g (Lô 93),Gói,7150,8,Mì gói & Thực phẩm khô,395
SP005836,Phở gà Đệ Nhất Acecook 68g (Lô 93),Gói,8800,8,Mì gói & Thực phẩm khô,402
SP005837,Miến Phú Hương yến tiệc 210g (Lô 93),Gói,24200,8,Mì gói & Thực phẩm khô,409
SP005838,Cháo thịt bằm Cung Đình gói 50g (Lô 93),Gói,7700,8,Mì gói & Thực phẩm khô,416
SP005839,Cá nục sốt cà 3 Cô Gái lon 155g (Lô 93),Lon,20900,8,Mì gói & Thực phẩm khô,423
SP005840,Pate thịt heo Hạ Long lon 150g (Lô 93),Lon,29700,8,Mì gói & Thực phẩm khô,430
SP005841,Mì ly Modern lẩu thái tôm 65g (Lô 93),Ly,10450,8,Mì gói & Thực phẩm khô,437
SP005842,Nước rửa chén Sunlight chanh can 3.6kg (Lô 93),Can,119900,10,Hóa mỹ phẩm & Tẩy rửa,444
SP005843,Nước giặt OMO Matic cửa trên túi 3.6kg (Lô 93),Túi,192500,10,Hóa mỹ phẩm & Tẩy rửa,451
SP005844,Nước xả vải Comfort đậm đặc túi 3.2L (Lô 93),Túi,207900,10,Hóa mỹ phẩm & Tẩy rửa,458
SP005845,Dầu gội Clear thảo dược mát lạnh 630g (Lô 93),Chai,181500,10,Hóa mỹ phẩm & Tẩy rửa,465
SP005846,Dầu gội Pantene suôn mượt 650ml (Lô 93),Chai,170500,10,Hóa mỹ phẩm & Tẩy rửa,472
SP005847,Sữa tắm Lifebuoy bảo vệ vượt trội 800g (Lô 93),Chai,163900,10,Hóa mỹ phẩm & Tẩy rửa,479
SP005848,Kem đánh răng Colgate Total 12 180g (Lô 93),Tuýp,46200,10,Hóa mỹ phẩm & Tẩy rửa,486
SP005849,Bàn chải đánh răng P/S than tre (Lô 93),Cái,19800,10,Hóa mỹ phẩm & Tẩy rửa,493
SP005850,Nước lau sàn Sunlight hoa lily túi 3.6kg (Lô 93),Túi,93500,10,Hóa mỹ phẩm & Tẩy rửa,50
SP005851,Xịt muỗi Raid hương cam chanh 600ml (Lô 93),Chai,74800,10,Hóa mỹ phẩm & Tẩy rửa,57
SP005852,Giấy vệ sinh cuộn cao cấp Pulppy lốc 10 cuộn (Lô 93),Lốc,101200,8,Đồ gia dụng & Tiện ích,64
SP005853,Khăn giấy lụa rút Paseo 200 tờ (Lô 93),Hộp,27500,8,Đồ gia dụng & Tiện ích,71
SP005854,Màng bọc thực phẩm PE Sunhouse 30cmx150m (Lô 93),Hộp,82500,8,Đồ gia dụng & Tiện ích,78
SP005855,Túi rác đen tự hủy sinh học Opec 3 cuộn (Lô 93),Gói,41800,8,Đồ gia dụng & Tiện ích,85
SP005856,Băng dính dán thùng trong suốt 5cm x 100y (Lô 93),Cuộn,17600,8,Đồ gia dụng & Tiện ích,92
SP005857,Pin tiểu AA Panasonic vỉ 4 viên (Lô 93),Vỉ,28600,8,Đồ gia dụng & Tiện ích,99
SP005858,Khẩu trang y tế 4 lớp kháng khuẩn hộp 50 cái (Lô 93),Hộp,38500,8,Đồ gia dụng & Tiện ích,106
SP005859,Nước rửa tay Lifebuoy hương chanh chai 450ml (Lô 93),Chai,57200,8,Đồ gia dụng & Tiện ích,113
SP005860,Coca Cola Sleek 320ml (Lô 94),Lon,12649,8,Đồ uống & Giải khát,120
SP005861,Pepsi Sleek 320ml (Lô 94),Lon,12074,8,Đồ uống & Giải khát,127
SP005862,Nước cam ép Twister 450ml (Lô 94),Chai,13799,8,Đồ uống & Giải khát,134
SP005863,Trà xanh Không Độ 455ml (Lô 94),Chai,11500,8,Đồ uống & Giải khát,141
SP005864,Trà Ô Long Tea+ Plus 455ml (Lô 94),Chai,13799,8,Đồ uống & Giải khát,148
SP005865,Nước tăng lực Red Bull 250ml (Lô 94),Lon,16099,8,Đồ uống & Giải khát,155
SP005866,Nước khoáng Lavie 500ml (Lô 94),Chai,6899,8,Đồ uống & Giải khát,162
SP005867,Nước tinh khiết Aquafina 500ml (Lô 94),Chai,6899,8,Đồ uống & Giải khát,169
SP005868,Cà phê sữa đá Highlands 235ml (Lô 94),Lon,18400,8,Đồ uống & Giải khát,176
SP005869,Bia Heineken Sleek 330ml (Lô 94),Lon,25299,10,Đồ uống & Giải khát,183
SP005870,Bia Tiger Crystal 330ml (Lô 94),Lon,22425,10,Đồ uống & Giải khát,190
SP005871,Bia Sài Gòn Special 330ml (Lô 94),Lon,18975,10,Đồ uống & Giải khát,197
SP005872,Sữa tươi tiệt trùng Vinamilk 180ml (Lô 94),Hộp,9775,0,Đồ uống & Giải khát,204
SP005873,Sữa chua uống Susu 110ml (Lô 94),Chai,7474,0,Đồ uống & Giải khát,211
SP005874,Nước ép bưởi hồng Vfresh 1L (Lô 94),Hộp,44850,8,Đồ uống & Giải khát,218
SP005875,Bánh ChocoPie Orion hộp 12 cái (Lô 94),Hộp,66700,8,Bánh kẹo & Ăn vặt,225
SP005876,Bánh Cosy mè giòn rụm Kinh Đô 288g (Lô 94),Gói,33350,8,Bánh kẹo & Ăn vặt,232
SP005877,Snack khoai tây Ostar vị tảo biển 90g (Lô 94),Gói,21850,8,Bánh kẹo & Ăn vặt,239
SP005878,Snack khoai tây Lay's tự nhiên 95g (Lô 94),Gói,24149,8,Bánh kẹo & Ăn vặt,246
SP005879,Bánh que Pocky socola Glico 40g (Lô 94),Hộp,16099,8,Bánh kẹo & Ăn vặt,253
SP005880,Kẹo dẻo Chupa Chups Sour Tubes 160g (Lô 94),Gói,27599,8,Bánh kẹo & Ăn vặt,260
SP005881,Bánh mì tươi nhân bơ sữa Kinh Đô 80g (Lô 94),Cái,10350,8,Bánh kẹo & Ăn vặt,267
SP005882,Bánh xốp Nabati phô mai 130g (Lô 94),Hộp,13799,8,Bánh kẹo & Ăn vặt,274
SP005883,Hạt điều rang muối vỏ lụa Bình Phước 500g (Lô 94),Hộp,155250,8,Bánh kẹo & Ăn vặt,281
SP005884,Hạt hướng dương Chacheer 130g (Lô 94),Gói,17250,8,Bánh kẹo & Ăn vặt,288
SP005885,Rong biển sấy vị truyền thống TaoKaeNoi 32g (Lô 94),Gói,29899,8,Bánh kẹo & Ăn vặt,295
SP005886,Nước mắm Nam Ngư Đệ Nhị chai 900ml (Lô 94),Chai,32199,8,Gia vị & Đồ nấu nướng,302
SP005887,Nước mắm Chinsu Cá Hồi chai 500ml (Lô 94),Chai,54049,8,Gia vị & Đồ nấu nướng,309
SP005888,Dầu ăn Simply đậu nành can 1L (Lô 94),Chai,67850,8,Gia vị & Đồ nấu nướng,316
SP005889,Dầu ăn Neptune Gold can 2L (Lô 94),Chai,155250,8,Gia vị & Đồ nấu nướng,323
SP005890,Hạt nêm Knorr thịt thăn xương ống 400g (Lô 94),Gói,42550,8,Gia vị & Đồ nấu nướng,330
SP005891,Bột ngọt Ajinomoto gói 454g (Lô 94),Gói,39100,8,Gia vị & Đồ nấu nướng,337
SP005892,Tương ớt Chinsu nắp bật 250g (Lô 94),Chai,17250,8,Gia vị & Đồ nấu nướng,344
SP005893,Tương cà Cholimex chai 330g (Lô 94),Chai,18400,8,Gia vị & Đồ nấu nướng,351
SP005894,Muối I-ốt Bạc Liêu túi 500g (Lô 94),Gói,6899,8,Gia vị & Đồ nấu nướng,358
SP005895,Đường tinh luyện Biên Hòa Daily 1kg (Lô 94),Gói,35650,8,Gia vị & Đồ nấu nướng,365
SP005896,Mì tôm Hảo Hảo tôm chua cay 75g (Lô 94),Gói,5175,8,Mì gói & Thực phẩm khô,372
SP005897,Mì Omachi sườn hầm ngũ quả 80g (Lô 94),Gói,9775,8,Mì gói & Thực phẩm khô,379
SP005898,Mì trộn Indomie Mi Goreng 85g (Lô 94),Gói,7474,8,Mì gói & Thực phẩm khô,386
SP005899,Phở gà Đệ Nhất Acecook 68g (Lô 94),Gói,9200,8,Mì gói & Thực phẩm khô,393
SP005900,Miến Phú Hương yến tiệc 210g (Lô 94),Gói,25299,8,Mì gói & Thực phẩm khô,400
SP005901,Cháo thịt bằm Cung Đình gói 50g (Lô 94),Gói,8049,8,Mì gói & Thực phẩm khô,407
SP005902,Cá nục sốt cà 3 Cô Gái lon 155g (Lô 94),Lon,21850,8,Mì gói & Thực phẩm khô,414
SP005903,Pate thịt heo Hạ Long lon 150g (Lô 94),Lon,31049,8,Mì gói & Thực phẩm khô,421
SP005904,Mì ly Modern lẩu thái tôm 65g (Lô 94),Ly,10925,8,Mì gói & Thực phẩm khô,428
SP005905,Nước rửa chén Sunlight chanh can 3.6kg (Lô 94),Can,125349,10,Hóa mỹ phẩm & Tẩy rửa,435
SP005906,Nước giặt OMO Matic cửa trên túi 3.6kg (Lô 94),Túi,201249,10,Hóa mỹ phẩm & Tẩy rửa,442
SP005907,Nước xả vải Comfort đậm đặc túi 3.2L (Lô 94),Túi,217349,10,Hóa mỹ phẩm & Tẩy rửa,449
SP005908,Dầu gội Clear thảo dược mát lạnh 630g (Lô 94),Chai,189749,10,Hóa mỹ phẩm & Tẩy rửa,456
SP005909,Dầu gội Pantene suôn mượt 650ml (Lô 94),Chai,178250,10,Hóa mỹ phẩm & Tẩy rửa,463
SP005910,Sữa tắm Lifebuoy bảo vệ vượt trội 800g (Lô 94),Chai,171350,10,Hóa mỹ phẩm & Tẩy rửa,470
SP005911,Kem đánh răng Colgate Total 12 180g (Lô 94),Tuýp,48299,10,Hóa mỹ phẩm & Tẩy rửa,477
SP005912,Bàn chải đánh răng P/S than tre (Lô 94),Cái,20700,10,Hóa mỹ phẩm & Tẩy rửa,484
SP005913,Nước lau sàn Sunlight hoa lily túi 3.6kg (Lô 94),Túi,97749,10,Hóa mỹ phẩm & Tẩy rửa,491
SP005914,Xịt muỗi Raid hương cam chanh 600ml (Lô 94),Chai,78200,10,Hóa mỹ phẩm & Tẩy rửa,498
SP005915,Giấy vệ sinh cuộn cao cấp Pulppy lốc 10 cuộn (Lô 94),Lốc,105799,8,Đồ gia dụng & Tiện ích,55
SP005916,Khăn giấy lụa rút Paseo 200 tờ (Lô 94),Hộp,28749,8,Đồ gia dụng & Tiện ích,62
SP005917,Màng bọc thực phẩm PE Sunhouse 30cmx150m (Lô 94),Hộp,86250,8,Đồ gia dụng & Tiện ích,69
SP005918,Túi rác đen tự hủy sinh học Opec 3 cuộn (Lô 94),Gói,43700,8,Đồ gia dụng & Tiện ích,76
SP005919,Băng dính dán thùng trong suốt 5cm x 100y (Lô 94),Cuộn,18400,8,Đồ gia dụng & Tiện ích,83
SP005920,Pin tiểu AA Panasonic vỉ 4 viên (Lô 94),Vỉ,29899,8,Đồ gia dụng & Tiện ích,90
SP005921,Khẩu trang y tế 4 lớp kháng khuẩn hộp 50 cái (Lô 94),Hộp,40250,8,Đồ gia dụng & Tiện ích,97
SP005922,Nước rửa tay Lifebuoy hương chanh chai 450ml (Lô 94),Chai,59799,8,Đồ gia dụng & Tiện ích,104
SP005923,Coca Cola Sleek 320ml (Lô 95),Lon,13200,8,Đồ uống & Giải khát,111
SP005924,Pepsi Sleek 320ml (Lô 95),Lon,12600,8,Đồ uống & Giải khát,118
SP005925,Nước cam ép Twister 450ml (Lô 95),Chai,14400,8,Đồ uống & Giải khát,125
SP005926,Trà xanh Không Độ 455ml (Lô 95),Chai,12000,8,Đồ uống & Giải khát,132
SP005927,Trà Ô Long Tea+ Plus 455ml (Lô 95),Chai,14400,8,Đồ uống & Giải khát,139
SP005928,Nước tăng lực Red Bull 250ml (Lô 95),Lon,16800,8,Đồ uống & Giải khát,146
SP005929,Nước khoáng Lavie 500ml (Lô 95),Chai,7200,8,Đồ uống & Giải khát,153
SP005930,Nước tinh khiết Aquafina 500ml (Lô 95),Chai,7200,8,Đồ uống & Giải khát,160
SP005931,Cà phê sữa đá Highlands 235ml (Lô 95),Lon,19200,8,Đồ uống & Giải khát,167
SP005932,Bia Heineken Sleek 330ml (Lô 95),Lon,26400,10,Đồ uống & Giải khát,174
SP005933,Bia Tiger Crystal 330ml (Lô 95),Lon,23400,10,Đồ uống & Giải khát,181
SP005934,Bia Sài Gòn Special 330ml (Lô 95),Lon,19800,10,Đồ uống & Giải khát,188
SP005935,Sữa tươi tiệt trùng Vinamilk 180ml (Lô 95),Hộp,10200,0,Đồ uống & Giải khát,195
SP005936,Sữa chua uống Susu 110ml (Lô 95),Chai,7800,0,Đồ uống & Giải khát,202
SP005937,Nước ép bưởi hồng Vfresh 1L (Lô 95),Hộp,46800,8,Đồ uống & Giải khát,209
SP005938,Bánh ChocoPie Orion hộp 12 cái (Lô 95),Hộp,69600,8,Bánh kẹo & Ăn vặt,216
SP005939,Bánh Cosy mè giòn rụm Kinh Đô 288g (Lô 95),Gói,34800,8,Bánh kẹo & Ăn vặt,223
SP005940,Snack khoai tây Ostar vị tảo biển 90g (Lô 95),Gói,22800,8,Bánh kẹo & Ăn vặt,230
SP005941,Snack khoai tây Lay's tự nhiên 95g (Lô 95),Gói,25200,8,Bánh kẹo & Ăn vặt,237
SP005942,Bánh que Pocky socola Glico 40g (Lô 95),Hộp,16800,8,Bánh kẹo & Ăn vặt,244
SP005943,Kẹo dẻo Chupa Chups Sour Tubes 160g (Lô 95),Gói,28800,8,Bánh kẹo & Ăn vặt,251
SP005944,Bánh mì tươi nhân bơ sữa Kinh Đô 80g (Lô 95),Cái,10800,8,Bánh kẹo & Ăn vặt,258
SP005945,Bánh xốp Nabati phô mai 130g (Lô 95),Hộp,14400,8,Bánh kẹo & Ăn vặt,265
SP005946,Hạt điều rang muối vỏ lụa Bình Phước 500g (Lô 95),Hộp,162000,8,Bánh kẹo & Ăn vặt,272
SP005947,Hạt hướng dương Chacheer 130g (Lô 95),Gói,18000,8,Bánh kẹo & Ăn vặt,279
SP005948,Rong biển sấy vị truyền thống TaoKaeNoi 32g (Lô 95),Gói,31200,8,Bánh kẹo & Ăn vặt,286
SP005949,Nước mắm Nam Ngư Đệ Nhị chai 900ml (Lô 95),Chai,33600,8,Gia vị & Đồ nấu nướng,293
SP005950,Nước mắm Chinsu Cá Hồi chai 500ml (Lô 95),Chai,56400,8,Gia vị & Đồ nấu nướng,300
SP005951,Dầu ăn Simply đậu nành can 1L (Lô 95),Chai,70800,8,Gia vị & Đồ nấu nướng,307
SP005952,Dầu ăn Neptune Gold can 2L (Lô 95),Chai,162000,8,Gia vị & Đồ nấu nướng,314
SP005953,Hạt nêm Knorr thịt thăn xương ống 400g (Lô 95),Gói,44400,8,Gia vị & Đồ nấu nướng,321
SP005954,Bột ngọt Ajinomoto gói 454g (Lô 95),Gói,40800,8,Gia vị & Đồ nấu nướng,328
SP005955,Tương ớt Chinsu nắp bật 250g (Lô 95),Chai,18000,8,Gia vị & Đồ nấu nướng,335
SP005956,Tương cà Cholimex chai 330g (Lô 95),Chai,19200,8,Gia vị & Đồ nấu nướng,342
SP005957,Muối I-ốt Bạc Liêu túi 500g (Lô 95),Gói,7200,8,Gia vị & Đồ nấu nướng,349
SP005958,Đường tinh luyện Biên Hòa Daily 1kg (Lô 95),Gói,37200,8,Gia vị & Đồ nấu nướng,356
SP005959,Mì tôm Hảo Hảo tôm chua cay 75g (Lô 95),Gói,5400,8,Mì gói & Thực phẩm khô,363
SP005960,Mì Omachi sườn hầm ngũ quả 80g (Lô 95),Gói,10200,8,Mì gói & Thực phẩm khô,370
SP005961,Mì trộn Indomie Mi Goreng 85g (Lô 95),Gói,7800,8,Mì gói & Thực phẩm khô,377
SP005962,Phở gà Đệ Nhất Acecook 68g (Lô 95),Gói,9600,8,Mì gói & Thực phẩm khô,384
SP005963,Miến Phú Hương yến tiệc 210g (Lô 95),Gói,26400,8,Mì gói & Thực phẩm khô,391
SP005964,Cháo thịt bằm Cung Đình gói 50g (Lô 95),Gói,8400,8,Mì gói & Thực phẩm khô,398
SP005965,Cá nục sốt cà 3 Cô Gái lon 155g (Lô 95),Lon,22800,8,Mì gói & Thực phẩm khô,405
SP005966,Pate thịt heo Hạ Long lon 150g (Lô 95),Lon,32400,8,Mì gói & Thực phẩm khô,412
SP005967,Mì ly Modern lẩu thái tôm 65g (Lô 95),Ly,11400,8,Mì gói & Thực phẩm khô,419
SP005968,Nước rửa chén Sunlight chanh can 3.6kg (Lô 95),Can,130800,10,Hóa mỹ phẩm & Tẩy rửa,426
SP005969,Nước giặt OMO Matic cửa trên túi 3.6kg (Lô 95),Túi,210000,10,Hóa mỹ phẩm & Tẩy rửa,433
SP005970,Nước xả vải Comfort đậm đặc túi 3.2L (Lô 95),Túi,226800,10,Hóa mỹ phẩm & Tẩy rửa,440
SP005971,Dầu gội Clear thảo dược mát lạnh 630g (Lô 95),Chai,198000,10,Hóa mỹ phẩm & Tẩy rửa,447
SP005972,Dầu gội Pantene suôn mượt 650ml (Lô 95),Chai,186000,10,Hóa mỹ phẩm & Tẩy rửa,454
SP005973,Sữa tắm Lifebuoy bảo vệ vượt trội 800g (Lô 95),Chai,178800,10,Hóa mỹ phẩm & Tẩy rửa,461
SP005974,Kem đánh răng Colgate Total 12 180g (Lô 95),Tuýp,50400,10,Hóa mỹ phẩm & Tẩy rửa,468
SP005975,Bàn chải đánh răng P/S than tre (Lô 95),Cái,21600,10,Hóa mỹ phẩm & Tẩy rửa,475
SP005976,Nước lau sàn Sunlight hoa lily túi 3.6kg (Lô 95),Túi,102000,10,Hóa mỹ phẩm & Tẩy rửa,482
SP005977,Xịt muỗi Raid hương cam chanh 600ml (Lô 95),Chai,81600,10,Hóa mỹ phẩm & Tẩy rửa,489
SP005978,Giấy vệ sinh cuộn cao cấp Pulppy lốc 10 cuộn (Lô 95),Lốc,110400,8,Đồ gia dụng & Tiện ích,496
SP005979,Khăn giấy lụa rút Paseo 200 tờ (Lô 95),Hộp,30000,8,Đồ gia dụng & Tiện ích,53
SP005980,Màng bọc thực phẩm PE Sunhouse 30cmx150m (Lô 95),Hộp,90000,8,Đồ gia dụng & Tiện ích,60
SP005981,Túi rác đen tự hủy sinh học Opec 3 cuộn (Lô 95),Gói,45600,8,Đồ gia dụng & Tiện ích,67
SP005982,Băng dính dán thùng trong suốt 5cm x 100y (Lô 95),Cuộn,19200,8,Đồ gia dụng & Tiện ích,74
SP005983,Pin tiểu AA Panasonic vỉ 4 viên (Lô 95),Vỉ,31200,8,Đồ gia dụng & Tiện ích,81
SP005984,Khẩu trang y tế 4 lớp kháng khuẩn hộp 50 cái (Lô 95),Hộp,42000,8,Đồ gia dụng & Tiện ích,88
SP005985,Nước rửa tay Lifebuoy hương chanh chai 450ml (Lô 95),Chai,62400,8,Đồ gia dụng & Tiện ích,95
SP005986,Coca Cola Sleek 320ml (Lô 96),Lon,11000,8,Đồ uống & Giải khát,102
SP005987,Pepsi Sleek 320ml (Lô 96),Lon,10500,8,Đồ uống & Giải khát,109
SP005988,Nước cam ép Twister 450ml (Lô 96),Chai,12000,8,Đồ uống & Giải khát,116
SP005989,Trà xanh Không Độ 455ml (Lô 96),Chai,10000,8,Đồ uống & Giải khát,123
SP005990,Trà Ô Long Tea+ Plus 455ml (Lô 96),Chai,12000,8,Đồ uống & Giải khát,130
SP005991,Nước tăng lực Red Bull 250ml (Lô 96),Lon,14000,8,Đồ uống & Giải khát,137
SP005992,Nước khoáng Lavie 500ml (Lô 96),Chai,6000,8,Đồ uống & Giải khát,144
SP005993,Nước tinh khiết Aquafina 500ml (Lô 96),Chai,6000,8,Đồ uống & Giải khát,151
SP005994,Cà phê sữa đá Highlands 235ml (Lô 96),Lon,16000,8,Đồ uống & Giải khát,158
SP005995,Bia Heineken Sleek 330ml (Lô 96),Lon,22000,10,Đồ uống & Giải khát,165
SP005996,Bia Tiger Crystal 330ml (Lô 96),Lon,19500,10,Đồ uống & Giải khát,172
SP005997,Bia Sài Gòn Special 330ml (Lô 96),Lon,16500,10,Đồ uống & Giải khát,179
SP005998,Sữa tươi tiệt trùng Vinamilk 180ml (Lô 96),Hộp,8500,0,Đồ uống & Giải khát,186
SP005999,Sữa chua uống Susu 110ml (Lô 96),Chai,6500,0,Đồ uống & Giải khát,193
SP006000,Nước ép bưởi hồng Vfresh 1L (Lô 96),Hộp,39000,8,Đồ uống & Giải khát,200
SP006001,Bánh ChocoPie Orion hộp 12 cái (Lô 96),Hộp,58000,8,Bánh kẹo & Ăn vặt,207
SP006002,Bánh Cosy mè giòn rụm Kinh Đô 288g (Lô 96),Gói,29000,8,Bánh kẹo & Ăn vặt,214
SP006003,Snack khoai tây Ostar vị tảo biển 90g (Lô 96),Gói,19000,8,Bánh kẹo & Ăn vặt,221
SP006004,Snack khoai tây Lay's tự nhiên 95g (Lô 96),Gói,21000,8,Bánh kẹo & Ăn vặt,228
SP006005,Bánh que Pocky socola Glico 40g (Lô 96),Hộp,14000,8,Bánh kẹo & Ăn vặt,235
SP006006,Kẹo dẻo Chupa Chups Sour Tubes 160g (Lô 96),Gói,24000,8,Bánh kẹo & Ăn vặt,242
SP006007,Bánh mì tươi nhân bơ sữa Kinh Đô 80g (Lô 96),Cái,9000,8,Bánh kẹo & Ăn vặt,249
SP006008,Bánh xốp Nabati phô mai 130g (Lô 96),Hộp,12000,8,Bánh kẹo & Ăn vặt,256
SP006009,Hạt điều rang muối vỏ lụa Bình Phước 500g (Lô 96),Hộp,135000,8,Bánh kẹo & Ăn vặt,263
SP006010,Hạt hướng dương Chacheer 130g (Lô 96),Gói,15000,8,Bánh kẹo & Ăn vặt,270
SP006011,Rong biển sấy vị truyền thống TaoKaeNoi 32g (Lô 96),Gói,26000,8,Bánh kẹo & Ăn vặt,277
SP006012,Nước mắm Nam Ngư Đệ Nhị chai 900ml (Lô 96),Chai,28000,8,Gia vị & Đồ nấu nướng,284
SP006013,Nước mắm Chinsu Cá Hồi chai 500ml (Lô 96),Chai,47000,8,Gia vị & Đồ nấu nướng,291
SP006014,Dầu ăn Simply đậu nành can 1L (Lô 96),Chai,59000,8,Gia vị & Đồ nấu nướng,298
SP006015,Dầu ăn Neptune Gold can 2L (Lô 96),Chai,135000,8,Gia vị & Đồ nấu nướng,305
SP006016,Hạt nêm Knorr thịt thăn xương ống 400g (Lô 96),Gói,37000,8,Gia vị & Đồ nấu nướng,312
SP006017,Bột ngọt Ajinomoto gói 454g (Lô 96),Gói,34000,8,Gia vị & Đồ nấu nướng,319
SP006018,Tương ớt Chinsu nắp bật 250g (Lô 96),Chai,15000,8,Gia vị & Đồ nấu nướng,326
SP006019,Tương cà Cholimex chai 330g (Lô 96),Chai,16000,8,Gia vị & Đồ nấu nướng,333
SP006020,Muối I-ốt Bạc Liêu túi 500g (Lô 96),Gói,6000,8,Gia vị & Đồ nấu nướng,340
SP006021,Đường tinh luyện Biên Hòa Daily 1kg (Lô 96),Gói,31000,8,Gia vị & Đồ nấu nướng,347
SP006022,Mì tôm Hảo Hảo tôm chua cay 75g (Lô 96),Gói,4500,8,Mì gói & Thực phẩm khô,354
SP006023,Mì Omachi sườn hầm ngũ quả 80g (Lô 96),Gói,8500,8,Mì gói & Thực phẩm khô,361
SP006024,Mì trộn Indomie Mi Goreng 85g (Lô 96),Gói,6500,8,Mì gói & Thực phẩm khô,368
SP006025,Phở gà Đệ Nhất Acecook 68g (Lô 96),Gói,8000,8,Mì gói & Thực phẩm khô,375
SP006026,Miến Phú Hương yến tiệc 210g (Lô 96),Gói,22000,8,Mì gói & Thực phẩm khô,382
SP006027,Cháo thịt bằm Cung Đình gói 50g (Lô 96),Gói,7000,8,Mì gói & Thực phẩm khô,389
SP006028,Cá nục sốt cà 3 Cô Gái lon 155g (Lô 96),Lon,19000,8,Mì gói & Thực phẩm khô,396
SP006029,Pate thịt heo Hạ Long lon 150g (Lô 96),Lon,27000,8,Mì gói & Thực phẩm khô,403
SP006030,Mì ly Modern lẩu thái tôm 65g (Lô 96),Ly,9500,8,Mì gói & Thực phẩm khô,410
SP006031,Nước rửa chén Sunlight chanh can 3.6kg (Lô 96),Can,109000,10,Hóa mỹ phẩm & Tẩy rửa,417
SP006032,Nước giặt OMO Matic cửa trên túi 3.6kg (Lô 96),Túi,175000,10,Hóa mỹ phẩm & Tẩy rửa,424
SP006033,Nước xả vải Comfort đậm đặc túi 3.2L (Lô 96),Túi,189000,10,Hóa mỹ phẩm & Tẩy rửa,431
SP006034,Dầu gội Clear thảo dược mát lạnh 630g (Lô 96),Chai,165000,10,Hóa mỹ phẩm & Tẩy rửa,438
SP006035,Dầu gội Pantene suôn mượt 650ml (Lô 96),Chai,155000,10,Hóa mỹ phẩm & Tẩy rửa,445
SP006036,Sữa tắm Lifebuoy bảo vệ vượt trội 800g (Lô 96),Chai,149000,10,Hóa mỹ phẩm & Tẩy rửa,452
SP006037,Kem đánh răng Colgate Total 12 180g (Lô 96),Tuýp,42000,10,Hóa mỹ phẩm & Tẩy rửa,459
SP006038,Bàn chải đánh răng P/S than tre (Lô 96),Cái,18000,10,Hóa mỹ phẩm & Tẩy rửa,466
SP006039,Nước lau sàn Sunlight hoa lily túi 3.6kg (Lô 96),Túi,85000,10,Hóa mỹ phẩm & Tẩy rửa,473
SP006040,Xịt muỗi Raid hương cam chanh 600ml (Lô 96),Chai,68000,10,Hóa mỹ phẩm & Tẩy rửa,480
SP006041,Giấy vệ sinh cuộn cao cấp Pulppy lốc 10 cuộn (Lô 96),Lốc,92000,8,Đồ gia dụng & Tiện ích,487
SP006042,Khăn giấy lụa rút Paseo 200 tờ (Lô 96),Hộp,25000,8,Đồ gia dụng & Tiện ích,494
SP006043,Màng bọc thực phẩm PE Sunhouse 30cmx150m (Lô 96),Hộp,75000,8,Đồ gia dụng & Tiện ích,51
SP006044,Túi rác đen tự hủy sinh học Opec 3 cuộn (Lô 96),Gói,38000,8,Đồ gia dụng & Tiện ích,58
SP006045,Băng dính dán thùng trong suốt 5cm x 100y (Lô 96),Cuộn,16000,8,Đồ gia dụng & Tiện ích,65
SP006046,Pin tiểu AA Panasonic vỉ 4 viên (Lô 96),Vỉ,26000,8,Đồ gia dụng & Tiện ích,72
SP006047,Khẩu trang y tế 4 lớp kháng khuẩn hộp 50 cái (Lô 96),Hộp,35000,8,Đồ gia dụng & Tiện ích,79
SP006048,Nước rửa tay Lifebuoy hương chanh chai 450ml (Lô 96),Chai,52000,8,Đồ gia dụng & Tiện ích,86
SP006049,Coca Cola Sleek 320ml (Lô 97),Lon,11550,8,Đồ uống & Giải khát,93
SP006050,Pepsi Sleek 320ml (Lô 97),Lon,11025,8,Đồ uống & Giải khát,100
SP006051,Nước cam ép Twister 450ml (Lô 97),Chai,12600,8,Đồ uống & Giải khát,107
SP006052,Trà xanh Không Độ 455ml (Lô 97),Chai,10500,8,Đồ uống & Giải khát,114
SP006053,Trà Ô Long Tea+ Plus 455ml (Lô 97),Chai,12600,8,Đồ uống & Giải khát,121
SP006054,Nước tăng lực Red Bull 250ml (Lô 97),Lon,14700,8,Đồ uống & Giải khát,128
SP006055,Nước khoáng Lavie 500ml (Lô 97),Chai,6300,8,Đồ uống & Giải khát,135
SP006056,Nước tinh khiết Aquafina 500ml (Lô 97),Chai,6300,8,Đồ uống & Giải khát,142
SP006057,Cà phê sữa đá Highlands 235ml (Lô 97),Lon,16800,8,Đồ uống & Giải khát,149
SP006058,Bia Heineken Sleek 330ml (Lô 97),Lon,23100,10,Đồ uống & Giải khát,156
SP006059,Bia Tiger Crystal 330ml (Lô 97),Lon,20475,10,Đồ uống & Giải khát,163
SP006060,Bia Sài Gòn Special 330ml (Lô 97),Lon,17325,10,Đồ uống & Giải khát,170
SP006061,Sữa tươi tiệt trùng Vinamilk 180ml (Lô 97),Hộp,8925,0,Đồ uống & Giải khát,177
SP006062,Sữa chua uống Susu 110ml (Lô 97),Chai,6825,0,Đồ uống & Giải khát,184
SP006063,Nước ép bưởi hồng Vfresh 1L (Lô 97),Hộp,40950,8,Đồ uống & Giải khát,191
SP006064,Bánh ChocoPie Orion hộp 12 cái (Lô 97),Hộp,60900,8,Bánh kẹo & Ăn vặt,198
SP006065,Bánh Cosy mè giòn rụm Kinh Đô 288g (Lô 97),Gói,30450,8,Bánh kẹo & Ăn vặt,205
SP006066,Snack khoai tây Ostar vị tảo biển 90g (Lô 97),Gói,19950,8,Bánh kẹo & Ăn vặt,212
SP006067,Snack khoai tây Lay's tự nhiên 95g (Lô 97),Gói,22050,8,Bánh kẹo & Ăn vặt,219
SP006068,Bánh que Pocky socola Glico 40g (Lô 97),Hộp,14700,8,Bánh kẹo & Ăn vặt,226
SP006069,Kẹo dẻo Chupa Chups Sour Tubes 160g (Lô 97),Gói,25200,8,Bánh kẹo & Ăn vặt,233
SP006070,Bánh mì tươi nhân bơ sữa Kinh Đô 80g (Lô 97),Cái,9450,8,Bánh kẹo & Ăn vặt,240
SP006071,Bánh xốp Nabati phô mai 130g (Lô 97),Hộp,12600,8,Bánh kẹo & Ăn vặt,247
SP006072,Hạt điều rang muối vỏ lụa Bình Phước 500g (Lô 97),Hộp,141750,8,Bánh kẹo & Ăn vặt,254
SP006073,Hạt hướng dương Chacheer 130g (Lô 97),Gói,15750,8,Bánh kẹo & Ăn vặt,261
SP006074,Rong biển sấy vị truyền thống TaoKaeNoi 32g (Lô 97),Gói,27300,8,Bánh kẹo & Ăn vặt,268
SP006075,Nước mắm Nam Ngư Đệ Nhị chai 900ml (Lô 97),Chai,29400,8,Gia vị & Đồ nấu nướng,275
SP006076,Nước mắm Chinsu Cá Hồi chai 500ml (Lô 97),Chai,49350,8,Gia vị & Đồ nấu nướng,282
SP006077,Dầu ăn Simply đậu nành can 1L (Lô 97),Chai,61950,8,Gia vị & Đồ nấu nướng,289
SP006078,Dầu ăn Neptune Gold can 2L (Lô 97),Chai,141750,8,Gia vị & Đồ nấu nướng,296
SP006079,Hạt nêm Knorr thịt thăn xương ống 400g (Lô 97),Gói,38850,8,Gia vị & Đồ nấu nướng,303
SP006080,Bột ngọt Ajinomoto gói 454g (Lô 97),Gói,35700,8,Gia vị & Đồ nấu nướng,310
SP006081,Tương ớt Chinsu nắp bật 250g (Lô 97),Chai,15750,8,Gia vị & Đồ nấu nướng,317
SP006082,Tương cà Cholimex chai 330g (Lô 97),Chai,16800,8,Gia vị & Đồ nấu nướng,324
SP006083,Muối I-ốt Bạc Liêu túi 500g (Lô 97),Gói,6300,8,Gia vị & Đồ nấu nướng,331
SP006084,Đường tinh luyện Biên Hòa Daily 1kg (Lô 97),Gói,32550,8,Gia vị & Đồ nấu nướng,338
SP006085,Mì tôm Hảo Hảo tôm chua cay 75g (Lô 97),Gói,4725,8,Mì gói & Thực phẩm khô,345
SP006086,Mì Omachi sườn hầm ngũ quả 80g (Lô 97),Gói,8925,8,Mì gói & Thực phẩm khô,352
SP006087,Mì trộn Indomie Mi Goreng 85g (Lô 97),Gói,6825,8,Mì gói & Thực phẩm khô,359
SP006088,Phở gà Đệ Nhất Acecook 68g (Lô 97),Gói,8400,8,Mì gói & Thực phẩm khô,366
SP006089,Miến Phú Hương yến tiệc 210g (Lô 97),Gói,23100,8,Mì gói & Thực phẩm khô,373
SP006090,Cháo thịt bằm Cung Đình gói 50g (Lô 97),Gói,7350,8,Mì gói & Thực phẩm khô,380
SP006091,Cá nục sốt cà 3 Cô Gái lon 155g (Lô 97),Lon,19950,8,Mì gói & Thực phẩm khô,387
SP006092,Pate thịt heo Hạ Long lon 150g (Lô 97),Lon,28350,8,Mì gói & Thực phẩm khô,394
SP006093,Mì ly Modern lẩu thái tôm 65g (Lô 97),Ly,9975,8,Mì gói & Thực phẩm khô,401
SP006094,Nước rửa chén Sunlight chanh can 3.6kg (Lô 97),Can,114450,10,Hóa mỹ phẩm & Tẩy rửa,408
SP006095,Nước giặt OMO Matic cửa trên túi 3.6kg (Lô 97),Túi,183750,10,Hóa mỹ phẩm & Tẩy rửa,415
SP006096,Nước xả vải Comfort đậm đặc túi 3.2L (Lô 97),Túi,198450,10,Hóa mỹ phẩm & Tẩy rửa,422
SP006097,Dầu gội Clear thảo dược mát lạnh 630g (Lô 97),Chai,173250,10,Hóa mỹ phẩm & Tẩy rửa,429
SP006098,Dầu gội Pantene suôn mượt 650ml (Lô 97),Chai,162750,10,Hóa mỹ phẩm & Tẩy rửa,436
SP006099,Sữa tắm Lifebuoy bảo vệ vượt trội 800g (Lô 97),Chai,156450,10,Hóa mỹ phẩm & Tẩy rửa,443
SP006100,Kem đánh răng Colgate Total 12 180g (Lô 97),Tuýp,44100,10,Hóa mỹ phẩm & Tẩy rửa,450
SP006101,Bàn chải đánh răng P/S than tre (Lô 97),Cái,18900,10,Hóa mỹ phẩm & Tẩy rửa,457
SP006102,Nước lau sàn Sunlight hoa lily túi 3.6kg (Lô 97),Túi,89250,10,Hóa mỹ phẩm & Tẩy rửa,464
SP006103,Xịt muỗi Raid hương cam chanh 600ml (Lô 97),Chai,71400,10,Hóa mỹ phẩm & Tẩy rửa,471
SP006104,Giấy vệ sinh cuộn cao cấp Pulppy lốc 10 cuộn (Lô 97),Lốc,96600,8,Đồ gia dụng & Tiện ích,478
SP006105,Khăn giấy lụa rút Paseo 200 tờ (Lô 97),Hộp,26250,8,Đồ gia dụng & Tiện ích,485
SP006106,Màng bọc thực phẩm PE Sunhouse 30cmx150m (Lô 97),Hộp,78750,8,Đồ gia dụng & Tiện ích,492
SP006107,Túi rác đen tự hủy sinh học Opec 3 cuộn (Lô 97),Gói,39900,8,Đồ gia dụng & Tiện ích,499
SP006108,Băng dính dán thùng trong suốt 5cm x 100y (Lô 97),Cuộn,16800,8,Đồ gia dụng & Tiện ích,56
SP006109,Pin tiểu AA Panasonic vỉ 4 viên (Lô 97),Vỉ,27300,8,Đồ gia dụng & Tiện ích,63
SP006110,Khẩu trang y tế 4 lớp kháng khuẩn hộp 50 cái (Lô 97),Hộp,36750,8,Đồ gia dụng & Tiện ích,70
SP006111,Nước rửa tay Lifebuoy hương chanh chai 450ml (Lô 97),Chai,54600,8,Đồ gia dụng & Tiện ích,77
SP006112,Coca Cola Sleek 320ml (Lô 98),Lon,12100,8,Đồ uống & Giải khát,84
SP006113,Pepsi Sleek 320ml (Lô 98),Lon,11550,8,Đồ uống & Giải khát,91
SP006114,Nước cam ép Twister 450ml (Lô 98),Chai,13200,8,Đồ uống & Giải khát,98
SP006115,Trà xanh Không Độ 455ml (Lô 98),Chai,11000,8,Đồ uống & Giải khát,105
SP006116,Trà Ô Long Tea+ Plus 455ml (Lô 98),Chai,13200,8,Đồ uống & Giải khát,112
SP006117,Nước tăng lực Red Bull 250ml (Lô 98),Lon,15400,8,Đồ uống & Giải khát,119
SP006118,Nước khoáng Lavie 500ml (Lô 98),Chai,6600,8,Đồ uống & Giải khát,126
SP006119,Nước tinh khiết Aquafina 500ml (Lô 98),Chai,6600,8,Đồ uống & Giải khát,133
SP006120,Cà phê sữa đá Highlands 235ml (Lô 98),Lon,17600,8,Đồ uống & Giải khát,140
SP006121,Bia Heineken Sleek 330ml (Lô 98),Lon,24200,10,Đồ uống & Giải khát,147
SP006122,Bia Tiger Crystal 330ml (Lô 98),Lon,21450,10,Đồ uống & Giải khát,154
SP006123,Bia Sài Gòn Special 330ml (Lô 98),Lon,18150,10,Đồ uống & Giải khát,161
SP006124,Sữa tươi tiệt trùng Vinamilk 180ml (Lô 98),Hộp,9350,0,Đồ uống & Giải khát,168
SP006125,Sữa chua uống Susu 110ml (Lô 98),Chai,7150,0,Đồ uống & Giải khát,175
SP006126,Nước ép bưởi hồng Vfresh 1L (Lô 98),Hộp,42900,8,Đồ uống & Giải khát,182
SP006127,Bánh ChocoPie Orion hộp 12 cái (Lô 98),Hộp,63800,8,Bánh kẹo & Ăn vặt,189
SP006128,Bánh Cosy mè giòn rụm Kinh Đô 288g (Lô 98),Gói,31900,8,Bánh kẹo & Ăn vặt,196
SP006129,Snack khoai tây Ostar vị tảo biển 90g (Lô 98),Gói,20900,8,Bánh kẹo & Ăn vặt,203
SP006130,Snack khoai tây Lay's tự nhiên 95g (Lô 98),Gói,23100,8,Bánh kẹo & Ăn vặt,210
SP006131,Bánh que Pocky socola Glico 40g (Lô 98),Hộp,15400,8,Bánh kẹo & Ăn vặt,217
SP006132,Kẹo dẻo Chupa Chups Sour Tubes 160g (Lô 98),Gói,26400,8,Bánh kẹo & Ăn vặt,224
SP006133,Bánh mì tươi nhân bơ sữa Kinh Đô 80g (Lô 98),Cái,9900,8,Bánh kẹo & Ăn vặt,231
SP006134,Bánh xốp Nabati phô mai 130g (Lô 98),Hộp,13200,8,Bánh kẹo & Ăn vặt,238
SP006135,Hạt điều rang muối vỏ lụa Bình Phước 500g (Lô 98),Hộp,148500,8,Bánh kẹo & Ăn vặt,245
SP006136,Hạt hướng dương Chacheer 130g (Lô 98),Gói,16500,8,Bánh kẹo & Ăn vặt,252
SP006137,Rong biển sấy vị truyền thống TaoKaeNoi 32g (Lô 98),Gói,28600,8,Bánh kẹo & Ăn vặt,259
SP006138,Nước mắm Nam Ngư Đệ Nhị chai 900ml (Lô 98),Chai,30800,8,Gia vị & Đồ nấu nướng,266
SP006139,Nước mắm Chinsu Cá Hồi chai 500ml (Lô 98),Chai,51700,8,Gia vị & Đồ nấu nướng,273
SP006140,Dầu ăn Simply đậu nành can 1L (Lô 98),Chai,64900,8,Gia vị & Đồ nấu nướng,280
SP006141,Dầu ăn Neptune Gold can 2L (Lô 98),Chai,148500,8,Gia vị & Đồ nấu nướng,287
SP006142,Hạt nêm Knorr thịt thăn xương ống 400g (Lô 98),Gói,40700,8,Gia vị & Đồ nấu nướng,294
SP006143,Bột ngọt Ajinomoto gói 454g (Lô 98),Gói,37400,8,Gia vị & Đồ nấu nướng,301
SP006144,Tương ớt Chinsu nắp bật 250g (Lô 98),Chai,16500,8,Gia vị & Đồ nấu nướng,308
SP006145,Tương cà Cholimex chai 330g (Lô 98),Chai,17600,8,Gia vị & Đồ nấu nướng,315
SP006146,Muối I-ốt Bạc Liêu túi 500g (Lô 98),Gói,6600,8,Gia vị & Đồ nấu nướng,322
SP006147,Đường tinh luyện Biên Hòa Daily 1kg (Lô 98),Gói,34100,8,Gia vị & Đồ nấu nướng,329
SP006148,Mì tôm Hảo Hảo tôm chua cay 75g (Lô 98),Gói,4950,8,Mì gói & Thực phẩm khô,336
SP006149,Mì Omachi sườn hầm ngũ quả 80g (Lô 98),Gói,9350,8,Mì gói & Thực phẩm khô,343
SP006150,Mì trộn Indomie Mi Goreng 85g (Lô 98),Gói,7150,8,Mì gói & Thực phẩm khô,350
SP006151,Phở gà Đệ Nhất Acecook 68g (Lô 98),Gói,8800,8,Mì gói & Thực phẩm khô,357
SP006152,Miến Phú Hương yến tiệc 210g (Lô 98),Gói,24200,8,Mì gói & Thực phẩm khô,364
SP006153,Cháo thịt bằm Cung Đình gói 50g (Lô 98),Gói,7700,8,Mì gói & Thực phẩm khô,371
SP006154,Cá nục sốt cà 3 Cô Gái lon 155g (Lô 98),Lon,20900,8,Mì gói & Thực phẩm khô,378
SP006155,Pate thịt heo Hạ Long lon 150g (Lô 98),Lon,29700,8,Mì gói & Thực phẩm khô,385
SP006156,Mì ly Modern lẩu thái tôm 65g (Lô 98),Ly,10450,8,Mì gói & Thực phẩm khô,392
SP006157,Nước rửa chén Sunlight chanh can 3.6kg (Lô 98),Can,119900,10,Hóa mỹ phẩm & Tẩy rửa,399
SP006158,Nước giặt OMO Matic cửa trên túi 3.6kg (Lô 98),Túi,192500,10,Hóa mỹ phẩm & Tẩy rửa,406
SP006159,Nước xả vải Comfort đậm đặc túi 3.2L (Lô 98),Túi,207900,10,Hóa mỹ phẩm & Tẩy rửa,413
SP006160,Dầu gội Clear thảo dược mát lạnh 630g (Lô 98),Chai,181500,10,Hóa mỹ phẩm & Tẩy rửa,420
SP006161,Dầu gội Pantene suôn mượt 650ml (Lô 98),Chai,170500,10,Hóa mỹ phẩm & Tẩy rửa,427
SP006162,Sữa tắm Lifebuoy bảo vệ vượt trội 800g (Lô 98),Chai,163900,10,Hóa mỹ phẩm & Tẩy rửa,434
SP006163,Kem đánh răng Colgate Total 12 180g (Lô 98),Tuýp,46200,10,Hóa mỹ phẩm & Tẩy rửa,441
SP006164,Bàn chải đánh răng P/S than tre (Lô 98),Cái,19800,10,Hóa mỹ phẩm & Tẩy rửa,448
SP006165,Nước lau sàn Sunlight hoa lily túi 3.6kg (Lô 98),Túi,93500,10,Hóa mỹ phẩm & Tẩy rửa,455
SP006166,Xịt muỗi Raid hương cam chanh 600ml (Lô 98),Chai,74800,10,Hóa mỹ phẩm & Tẩy rửa,462
SP006167,Giấy vệ sinh cuộn cao cấp Pulppy lốc 10 cuộn (Lô 98),Lốc,101200,8,Đồ gia dụng & Tiện ích,469
SP006168,Khăn giấy lụa rút Paseo 200 tờ (Lô 98),Hộp,27500,8,Đồ gia dụng & Tiện ích,476
SP006169,Màng bọc thực phẩm PE Sunhouse 30cmx150m (Lô 98),Hộp,82500,8,Đồ gia dụng & Tiện ích,483
SP006170,Túi rác đen tự hủy sinh học Opec 3 cuộn (Lô 98),Gói,41800,8,Đồ gia dụng & Tiện ích,490
SP006171,Băng dính dán thùng trong suốt 5cm x 100y (Lô 98),Cuộn,17600,8,Đồ gia dụng & Tiện ích,497
SP006172,Pin tiểu AA Panasonic vỉ 4 viên (Lô 98),Vỉ,28600,8,Đồ gia dụng & Tiện ích,54
SP006173,Khẩu trang y tế 4 lớp kháng khuẩn hộp 50 cái (Lô 98),Hộp,38500,8,Đồ gia dụng & Tiện ích,61
SP006174,Nước rửa tay Lifebuoy hương chanh chai 450ml (Lô 98),Chai,57200,8,Đồ gia dụng & Tiện ích,68
SP006175,Coca Cola Sleek 320ml (Lô 99),Lon,12649,8,Đồ uống & Giải khát,75
SP006176,Pepsi Sleek 320ml (Lô 99),Lon,12074,8,Đồ uống & Giải khát,82
SP006177,Nước cam ép Twister 450ml (Lô 99),Chai,13799,8,Đồ uống & Giải khát,89
SP006178,Trà xanh Không Độ 455ml (Lô 99),Chai,11500,8,Đồ uống & Giải khát,96
SP006179,Trà Ô Long Tea+ Plus 455ml (Lô 99),Chai,13799,8,Đồ uống & Giải khát,103
SP006180,Nước tăng lực Red Bull 250ml (Lô 99),Lon,16099,8,Đồ uống & Giải khát,110
SP006181,Nước khoáng Lavie 500ml (Lô 99),Chai,6899,8,Đồ uống & Giải khát,117
SP006182,Nước tinh khiết Aquafina 500ml (Lô 99),Chai,6899,8,Đồ uống & Giải khát,124
SP006183,Cà phê sữa đá Highlands 235ml (Lô 99),Lon,18400,8,Đồ uống & Giải khát,131
SP006184,Bia Heineken Sleek 330ml (Lô 99),Lon,25299,10,Đồ uống & Giải khát,138
SP006185,Bia Tiger Crystal 330ml (Lô 99),Lon,22425,10,Đồ uống & Giải khát,145
SP006186,Bia Sài Gòn Special 330ml (Lô 99),Lon,18975,10,Đồ uống & Giải khát,152
SP006187,Sữa tươi tiệt trùng Vinamilk 180ml (Lô 99),Hộp,9775,0,Đồ uống & Giải khát,159
SP006188,Sữa chua uống Susu 110ml (Lô 99),Chai,7474,0,Đồ uống & Giải khát,166
SP006189,Nước ép bưởi hồng Vfresh 1L (Lô 99),Hộp,44850,8,Đồ uống & Giải khát,173
SP006190,Bánh ChocoPie Orion hộp 12 cái (Lô 99),Hộp,66700,8,Bánh kẹo & Ăn vặt,180
SP006191,Bánh Cosy mè giòn rụm Kinh Đô 288g (Lô 99),Gói,33350,8,Bánh kẹo & Ăn vặt,187
SP006192,Snack khoai tây Ostar vị tảo biển 90g (Lô 99),Gói,21850,8,Bánh kẹo & Ăn vặt,194
SP006193,Snack khoai tây Lay's tự nhiên 95g (Lô 99),Gói,24149,8,Bánh kẹo & Ăn vặt,201
SP006194,Bánh que Pocky socola Glico 40g (Lô 99),Hộp,16099,8,Bánh kẹo & Ăn vặt,208
SP006195,Kẹo dẻo Chupa Chups Sour Tubes 160g (Lô 99),Gói,27599,8,Bánh kẹo & Ăn vặt,215
SP006196,Bánh mì tươi nhân bơ sữa Kinh Đô 80g (Lô 99),Cái,10350,8,Bánh kẹo & Ăn vặt,222
SP006197,Bánh xốp Nabati phô mai 130g (Lô 99),Hộp,13799,8,Bánh kẹo & Ăn vặt,229
SP006198,Hạt điều rang muối vỏ lụa Bình Phước 500g (Lô 99),Hộp,155250,8,Bánh kẹo & Ăn vặt,236
SP006199,Hạt hướng dương Chacheer 130g (Lô 99),Gói,17250,8,Bánh kẹo & Ăn vặt,243
SP006200,Rong biển sấy vị truyền thống TaoKaeNoi 32g (Lô 99),Gói,29899,8,Bánh kẹo & Ăn vặt,250
SP006201,Nước mắm Nam Ngư Đệ Nhị chai 900ml (Lô 99),Chai,32199,8,Gia vị & Đồ nấu nướng,257
SP006202,Nước mắm Chinsu Cá Hồi chai 500ml (Lô 99),Chai,54049,8,Gia vị & Đồ nấu nướng,264
SP006203,Dầu ăn Simply đậu nành can 1L (Lô 99),Chai,67850,8,Gia vị & Đồ nấu nướng,271
SP006204,Dầu ăn Neptune Gold can 2L (Lô 99),Chai,155250,8,Gia vị & Đồ nấu nướng,278
SP006205,Hạt nêm Knorr thịt thăn xương ống 400g (Lô 99),Gói,42550,8,Gia vị & Đồ nấu nướng,285
SP006206,Bột ngọt Ajinomoto gói 454g (Lô 99),Gói,39100,8,Gia vị & Đồ nấu nướng,292
SP006207,Tương ớt Chinsu nắp bật 250g (Lô 99),Chai,17250,8,Gia vị & Đồ nấu nướng,299
SP006208,Tương cà Cholimex chai 330g (Lô 99),Chai,18400,8,Gia vị & Đồ nấu nướng,306
SP006209,Muối I-ốt Bạc Liêu túi 500g (Lô 99),Gói,6899,8,Gia vị & Đồ nấu nướng,313
SP006210,Đường tinh luyện Biên Hòa Daily 1kg (Lô 99),Gói,35650,8,Gia vị & Đồ nấu nướng,320
SP006211,Mì tôm Hảo Hảo tôm chua cay 75g (Lô 99),Gói,5175,8,Mì gói & Thực phẩm khô,327
SP006212,Mì Omachi sườn hầm ngũ quả 80g (Lô 99),Gói,9775,8,Mì gói & Thực phẩm khô,334
SP006213,Mì trộn Indomie Mi Goreng 85g (Lô 99),Gói,7474,8,Mì gói & Thực phẩm khô,341
SP006214,Phở gà Đệ Nhất Acecook 68g (Lô 99),Gói,9200,8,Mì gói & Thực phẩm khô,348
SP006215,Miến Phú Hương yến tiệc 210g (Lô 99),Gói,25299,8,Mì gói & Thực phẩm khô,355
SP006216,Cháo thịt bằm Cung Đình gói 50g (Lô 99),Gói,8049,8,Mì gói & Thực phẩm khô,362
SP006217,Cá nục sốt cà 3 Cô Gái lon 155g (Lô 99),Lon,21850,8,Mì gói & Thực phẩm khô,369
SP006218,Pate thịt heo Hạ Long lon 150g (Lô 99),Lon,31049,8,Mì gói & Thực phẩm khô,376
SP006219,Mì ly Modern lẩu thái tôm 65g (Lô 99),Ly,10925,8,Mì gói & Thực phẩm khô,383
SP006220,Nước rửa chén Sunlight chanh can 3.6kg (Lô 99),Can,125349,10,Hóa mỹ phẩm & Tẩy rửa,390
SP006221,Nước giặt OMO Matic cửa trên túi 3.6kg (Lô 99),Túi,201249,10,Hóa mỹ phẩm & Tẩy rửa,397
SP006222,Nước xả vải Comfort đậm đặc túi 3.2L (Lô 99),Túi,217349,10,Hóa mỹ phẩm & Tẩy rửa,404
SP006223,Dầu gội Clear thảo dược mát lạnh 630g (Lô 99),Chai,189749,10,Hóa mỹ phẩm & Tẩy rửa,411
SP006224,Dầu gội Pantene suôn mượt 650ml (Lô 99),Chai,178250,10,Hóa mỹ phẩm & Tẩy rửa,418
SP006225,Sữa tắm Lifebuoy bảo vệ vượt trội 800g (Lô 99),Chai,171350,10,Hóa mỹ phẩm & Tẩy rửa,425
SP006226,Kem đánh răng Colgate Total 12 180g (Lô 99),Tuýp,48299,10,Hóa mỹ phẩm & Tẩy rửa,432
SP006227,Bàn chải đánh răng P/S than tre (Lô 99),Cái,20700,10,Hóa mỹ phẩm & Tẩy rửa,439
SP006228,Nước lau sàn Sunlight hoa lily túi 3.6kg (Lô 99),Túi,97749,10,Hóa mỹ phẩm & Tẩy rửa,446
SP006229,Xịt muỗi Raid hương cam chanh 600ml (Lô 99),Chai,78200,10,Hóa mỹ phẩm & Tẩy rửa,453
SP006230,Giấy vệ sinh cuộn cao cấp Pulppy lốc 10 cuộn (Lô 99),Lốc,105799,8,Đồ gia dụng & Tiện ích,460
SP006231,Khăn giấy lụa rút Paseo 200 tờ (Lô 99),Hộp,28749,8,Đồ gia dụng & Tiện ích,467
SP006232,Màng bọc thực phẩm PE Sunhouse 30cmx150m (Lô 99),Hộp,86250,8,Đồ gia dụng & Tiện ích,474
SP006233,Túi rác đen tự hủy sinh học Opec 3 cuộn (Lô 99),Gói,43700,8,Đồ gia dụng & Tiện ích,481
SP006234,Băng dính dán thùng trong suốt 5cm x 100y (Lô 99),Cuộn,18400,8,Đồ gia dụng & Tiện ích,488
SP006235,Pin tiểu AA Panasonic vỉ 4 viên (Lô 99),Vỉ,29899,8,Đồ gia dụng & Tiện ích,495
SP006236,Khẩu trang y tế 4 lớp kháng khuẩn hộp 50 cái (Lô 99),Hộp,40250,8,Đồ gia dụng & Tiện ích,52
SP006237,Nước rửa tay Lifebuoy hương chanh chai 450ml (Lô 99),Chai,59799,8,Đồ gia dụng & Tiện ích,59
SP006238,Coca Cola Sleek 320ml (Lô 100),Lon,13200,8,Đồ uống & Giải khát,66
SP006239,Pepsi Sleek 320ml (Lô 100),Lon,12600,8,Đồ uống & Giải khát,73
SP006240,Nước cam ép Twister 450ml (Lô 100),Chai,14400,8,Đồ uống & Giải khát,80
SP006241,Trà xanh Không Độ 455ml (Lô 100),Chai,12000,8,Đồ uống & Giải khát,87
SP006242,Trà Ô Long Tea+ Plus 455ml (Lô 100),Chai,14400,8,Đồ uống & Giải khát,94
SP006243,Nước tăng lực Red Bull 250ml (Lô 100),Lon,16800,8,Đồ uống & Giải khát,101
SP006244,Nước khoáng Lavie 500ml (Lô 100),Chai,7200,8,Đồ uống & Giải khát,108
SP006245,Nước tinh khiết Aquafina 500ml (Lô 100),Chai,7200,8,Đồ uống & Giải khát,115
SP006246,Cà phê sữa đá Highlands 235ml (Lô 100),Lon,19200,8,Đồ uống & Giải khát,122
SP006247,Bia Heineken Sleek 330ml (Lô 100),Lon,26400,10,Đồ uống & Giải khát,129
SP006248,Bia Tiger Crystal 330ml (Lô 100),Lon,23400,10,Đồ uống & Giải khát,136
SP006249,Bia Sài Gòn Special 330ml (Lô 100),Lon,19800,10,Đồ uống & Giải khát,143
SP006250,Sữa tươi tiệt trùng Vinamilk 180ml (Lô 100),Hộp,10200,0,Đồ uống & Giải khát,150
SP006251,Sữa chua uống Susu 110ml (Lô 100),Chai,7800,0,Đồ uống & Giải khát,157
SP006252,Nước ép bưởi hồng Vfresh 1L (Lô 100),Hộp,46800,8,Đồ uống & Giải khát,164
SP006253,Bánh ChocoPie Orion hộp 12 cái (Lô 100),Hộp,69600,8,Bánh kẹo & Ăn vặt,171
SP006254,Bánh Cosy mè giòn rụm Kinh Đô 288g (Lô 100),Gói,34800,8,Bánh kẹo & Ăn vặt,178
SP006255,Snack khoai tây Ostar vị tảo biển 90g (Lô 100),Gói,22800,8,Bánh kẹo & Ăn vặt,185
SP006256,Snack khoai tây Lay's tự nhiên 95g (Lô 100),Gói,25200,8,Bánh kẹo & Ăn vặt,192
SP006257,Bánh que Pocky socola Glico 40g (Lô 100),Hộp,16800,8,Bánh kẹo & Ăn vặt,199
SP006258,Kẹo dẻo Chupa Chups Sour Tubes 160g (Lô 100),Gói,28800,8,Bánh kẹo & Ăn vặt,206
SP006259,Bánh mì tươi nhân bơ sữa Kinh Đô 80g (Lô 100),Cái,10800,8,Bánh kẹo & Ăn vặt,213
SP006260,Bánh xốp Nabati phô mai 130g (Lô 100),Hộp,14400,8,Bánh kẹo & Ăn vặt,220
SP006261,Hạt điều rang muối vỏ lụa Bình Phước 500g (Lô 100),Hộp,162000,8,Bánh kẹo & Ăn vặt,227
SP006262,Hạt hướng dương Chacheer 130g (Lô 100),Gói,18000,8,Bánh kẹo & Ăn vặt,234
SP006263,Rong biển sấy vị truyền thống TaoKaeNoi 32g (Lô 100),Gói,31200,8,Bánh kẹo & Ăn vặt,241
SP006264,Nước mắm Nam Ngư Đệ Nhị chai 900ml (Lô 100),Chai,33600,8,Gia vị & Đồ nấu nướng,248
SP006265,Nước mắm Chinsu Cá Hồi chai 500ml (Lô 100),Chai,56400,8,Gia vị & Đồ nấu nướng,255
SP006266,Dầu ăn Simply đậu nành can 1L (Lô 100),Chai,70800,8,Gia vị & Đồ nấu nướng,262
SP006267,Dầu ăn Neptune Gold can 2L (Lô 100),Chai,162000,8,Gia vị & Đồ nấu nướng,269
SP006268,Hạt nêm Knorr thịt thăn xương ống 400g (Lô 100),Gói,44400,8,Gia vị & Đồ nấu nướng,276
SP006269,Bột ngọt Ajinomoto gói 454g (Lô 100),Gói,40800,8,Gia vị & Đồ nấu nướng,283
SP006270,Tương ớt Chinsu nắp bật 250g (Lô 100),Chai,18000,8,Gia vị & Đồ nấu nướng,290
SP006271,Tương cà Cholimex chai 330g (Lô 100),Chai,19200,8,Gia vị & Đồ nấu nướng,297
SP006272,Muối I-ốt Bạc Liêu túi 500g (Lô 100),Gói,7200,8,Gia vị & Đồ nấu nướng,304
SP006273,Đường tinh luyện Biên Hòa Daily 1kg (Lô 100),Gói,37200,8,Gia vị & Đồ nấu nướng,311
SP006274,Mì tôm Hảo Hảo tôm chua cay 75g (Lô 100),Gói,5400,8,Mì gói & Thực phẩm khô,318
SP006275,Mì Omachi sườn hầm ngũ quả 80g (Lô 100),Gói,10200,8,Mì gói & Thực phẩm khô,325
SP006276,Mì trộn Indomie Mi Goreng 85g (Lô 100),Gói,7800,8,Mì gói & Thực phẩm khô,332
SP006277,Phở gà Đệ Nhất Acecook 68g (Lô 100),Gói,9600,8,Mì gói & Thực phẩm khô,339
SP006278,Miến Phú Hương yến tiệc 210g (Lô 100),Gói,26400,8,Mì gói & Thực phẩm khô,346
SP006279,Cháo thịt bằm Cung Đình gói 50g (Lô 100),Gói,8400,8,Mì gói & Thực phẩm khô,353
SP006280,Cá nục sốt cà 3 Cô Gái lon 155g (Lô 100),Lon,22800,8,Mì gói & Thực phẩm khô,360
SP006281,Pate thịt heo Hạ Long lon 150g (Lô 100),Lon,32400,8,Mì gói & Thực phẩm khô,367
SP006282,Mì ly Modern lẩu thái tôm 65g (Lô 100),Ly,11400,8,Mì gói & Thực phẩm khô,374
SP006283,Nước rửa chén Sunlight chanh can 3.6kg (Lô 100),Can,130800,10,Hóa mỹ phẩm & Tẩy rửa,381
SP006284,Nước giặt OMO Matic cửa trên túi 3.6kg (Lô 100),Túi,210000,10,Hóa mỹ phẩm & Tẩy rửa,388
SP006285,Nước xả vải Comfort đậm đặc túi 3.2L (Lô 100),Túi,226800,10,Hóa mỹ phẩm & Tẩy rửa,395
SP006286,Dầu gội Clear thảo dược mát lạnh 630g (Lô 100),Chai,198000,10,Hóa mỹ phẩm & Tẩy rửa,402
SP006287,Dầu gội Pantene suôn mượt 650ml (Lô 100),Chai,186000,10,Hóa mỹ phẩm & Tẩy rửa,409
SP006288,Sữa tắm Lifebuoy bảo vệ vượt trội 800g (Lô 100),Chai,178800,10,Hóa mỹ phẩm & Tẩy rửa,416
SP006289,Kem đánh răng Colgate Total 12 180g (Lô 100),Tuýp,50400,10,Hóa mỹ phẩm & Tẩy rửa,423
SP006290,Bàn chải đánh răng P/S than tre (Lô 100),Cái,21600,10,Hóa mỹ phẩm & Tẩy rửa,430
SP006291,Nước lau sàn Sunlight hoa lily túi 3.6kg (Lô 100),Túi,102000,10,Hóa mỹ phẩm & Tẩy rửa,437
SP006292,Xịt muỗi Raid hương cam chanh 600ml (Lô 100),Chai,81600,10,Hóa mỹ phẩm & Tẩy rửa,444
SP006293,Giấy vệ sinh cuộn cao cấp Pulppy lốc 10 cuộn (Lô 100),Lốc,110400,8,Đồ gia dụng & Tiện ích,451
SP006294,Khăn giấy lụa rút Paseo 200 tờ (Lô 100),Hộp,30000,8,Đồ gia dụng & Tiện ích,458
SP006295,Màng bọc thực phẩm PE Sunhouse 30cmx150m (Lô 100),Hộp,90000,8,Đồ gia dụng & Tiện ích,465
SP006296,Túi rác đen tự hủy sinh học Opec 3 cuộn (Lô 100),Gói,45600,8,Đồ gia dụng & Tiện ích,472
SP006297,Băng dính dán thùng trong suốt 5cm x 100y (Lô 100),Cuộn,19200,8,Đồ gia dụng & Tiện ích,479
SP006298,Pin tiểu AA Panasonic vỉ 4 viên (Lô 100),Vỉ,31200,8,Đồ gia dụng & Tiện ích,486
SP006299,Khẩu trang y tế 4 lớp kháng khuẩn hộp 50 cái (Lô 100),Hộp,42000,8,Đồ gia dụng & Tiện ích,493
SP006300,Nước rửa tay Lifebuoy hương chanh chai 450ml (Lô 100),Chai,62400,8,Đồ gia dụng & Tiện ích,50
SP006301,Coca Cola Sleek 320ml (Lô 101),Lon,11000,8,Đồ uống & Giải khát,57
SP006302,Pepsi Sleek 320ml (Lô 101),Lon,10500,8,Đồ uống & Giải khát,64
SP006303,Nước cam ép Twister 450ml (Lô 101),Chai,12000,8,Đồ uống & Giải khát,71
SP006304,Trà xanh Không Độ 455ml (Lô 101),Chai,10000,8,Đồ uống & Giải khát,78
SP006305,Trà Ô Long Tea+ Plus 455ml (Lô 101),Chai,12000,8,Đồ uống & Giải khát,85
SP006306,Nước tăng lực Red Bull 250ml (Lô 101),Lon,14000,8,Đồ uống & Giải khát,92
SP006307,Nước khoáng Lavie 500ml (Lô 101),Chai,6000,8,Đồ uống & Giải khát,99
SP006308,Nước tinh khiết Aquafina 500ml (Lô 101),Chai,6000,8,Đồ uống & Giải khát,106
SP006309,Cà phê sữa đá Highlands 235ml (Lô 101),Lon,16000,8,Đồ uống & Giải khát,113
SP006310,Bia Heineken Sleek 330ml (Lô 101),Lon,22000,10,Đồ uống & Giải khát,120
SP006311,Bia Tiger Crystal 330ml (Lô 101),Lon,19500,10,Đồ uống & Giải khát,127
SP006312,Bia Sài Gòn Special 330ml (Lô 101),Lon,16500,10,Đồ uống & Giải khát,134
SP006313,Sữa tươi tiệt trùng Vinamilk 180ml (Lô 101),Hộp,8500,0,Đồ uống & Giải khát,141
SP006314,Sữa chua uống Susu 110ml (Lô 101),Chai,6500,0,Đồ uống & Giải khát,148
SP006315,Nước ép bưởi hồng Vfresh 1L (Lô 101),Hộp,39000,8,Đồ uống & Giải khát,155
SP006316,Bánh ChocoPie Orion hộp 12 cái (Lô 101),Hộp,58000,8,Bánh kẹo & Ăn vặt,162
SP006317,Bánh Cosy mè giòn rụm Kinh Đô 288g (Lô 101),Gói,29000,8,Bánh kẹo & Ăn vặt,169
SP006318,Snack khoai tây Ostar vị tảo biển 90g (Lô 101),Gói,19000,8,Bánh kẹo & Ăn vặt,176
SP006319,Snack khoai tây Lay's tự nhiên 95g (Lô 101),Gói,21000,8,Bánh kẹo & Ăn vặt,183
SP006320,Bánh que Pocky socola Glico 40g (Lô 101),Hộp,14000,8,Bánh kẹo & Ăn vặt,190
SP006321,Kẹo dẻo Chupa Chups Sour Tubes 160g (Lô 101),Gói,24000,8,Bánh kẹo & Ăn vặt,197
SP006322,Bánh mì tươi nhân bơ sữa Kinh Đô 80g (Lô 101),Cái,9000,8,Bánh kẹo & Ăn vặt,204
SP006323,Bánh xốp Nabati phô mai 130g (Lô 101),Hộp,12000,8,Bánh kẹo & Ăn vặt,211
SP006324,Hạt điều rang muối vỏ lụa Bình Phước 500g (Lô 101),Hộp,135000,8,Bánh kẹo & Ăn vặt,218
SP006325,Hạt hướng dương Chacheer 130g (Lô 101),Gói,15000,8,Bánh kẹo & Ăn vặt,225
SP006326,Rong biển sấy vị truyền thống TaoKaeNoi 32g (Lô 101),Gói,26000,8,Bánh kẹo & Ăn vặt,232
SP006327,Nước mắm Nam Ngư Đệ Nhị chai 900ml (Lô 101),Chai,28000,8,Gia vị & Đồ nấu nướng,239
SP006328,Nước mắm Chinsu Cá Hồi chai 500ml (Lô 101),Chai,47000,8,Gia vị & Đồ nấu nướng,246
SP006329,Dầu ăn Simply đậu nành can 1L (Lô 101),Chai,59000,8,Gia vị & Đồ nấu nướng,253
SP006330,Dầu ăn Neptune Gold can 2L (Lô 101),Chai,135000,8,Gia vị & Đồ nấu nướng,260
SP006331,Hạt nêm Knorr thịt thăn xương ống 400g (Lô 101),Gói,37000,8,Gia vị & Đồ nấu nướng,267
SP006332,Bột ngọt Ajinomoto gói 454g (Lô 101),Gói,34000,8,Gia vị & Đồ nấu nướng,274
SP006333,Tương ớt Chinsu nắp bật 250g (Lô 101),Chai,15000,8,Gia vị & Đồ nấu nướng,281
SP006334,Tương cà Cholimex chai 330g (Lô 101),Chai,16000,8,Gia vị & Đồ nấu nướng,288
SP006335,Muối I-ốt Bạc Liêu túi 500g (Lô 101),Gói,6000,8,Gia vị & Đồ nấu nướng,295
SP006336,Đường tinh luyện Biên Hòa Daily 1kg (Lô 101),Gói,31000,8,Gia vị & Đồ nấu nướng,302
SP006337,Mì tôm Hảo Hảo tôm chua cay 75g (Lô 101),Gói,4500,8,Mì gói & Thực phẩm khô,309
SP006338,Mì Omachi sườn hầm ngũ quả 80g (Lô 101),Gói,8500,8,Mì gói & Thực phẩm khô,316
SP006339,Mì trộn Indomie Mi Goreng 85g (Lô 101),Gói,6500,8,Mì gói & Thực phẩm khô,323
SP006340,Phở gà Đệ Nhất Acecook 68g (Lô 101),Gói,8000,8,Mì gói & Thực phẩm khô,330
SP006341,Miến Phú Hương yến tiệc 210g (Lô 101),Gói,22000,8,Mì gói & Thực phẩm khô,337
SP006342,Cháo thịt bằm Cung Đình gói 50g (Lô 101),Gói,7000,8,Mì gói & Thực phẩm khô,344
SP006343,Cá nục sốt cà 3 Cô Gái lon 155g (Lô 101),Lon,19000,8,Mì gói & Thực phẩm khô,351
SP006344,Pate thịt heo Hạ Long lon 150g (Lô 101),Lon,27000,8,Mì gói & Thực phẩm khô,358
SP006345,Mì ly Modern lẩu thái tôm 65g (Lô 101),Ly,9500,8,Mì gói & Thực phẩm khô,365
SP006346,Nước rửa chén Sunlight chanh can 3.6kg (Lô 101),Can,109000,10,Hóa mỹ phẩm & Tẩy rửa,372
SP006347,Nước giặt OMO Matic cửa trên túi 3.6kg (Lô 101),Túi,175000,10,Hóa mỹ phẩm & Tẩy rửa,379
SP006348,Nước xả vải Comfort đậm đặc túi 3.2L (Lô 101),Túi,189000,10,Hóa mỹ phẩm & Tẩy rửa,386
SP006349,Dầu gội Clear thảo dược mát lạnh 630g (Lô 101),Chai,165000,10,Hóa mỹ phẩm & Tẩy rửa,393
SP006350,Dầu gội Pantene suôn mượt 650ml (Lô 101),Chai,155000,10,Hóa mỹ phẩm & Tẩy rửa,400
SP006351,Sữa tắm Lifebuoy bảo vệ vượt trội 800g (Lô 101),Chai,149000,10,Hóa mỹ phẩm & Tẩy rửa,407
SP006352,Kem đánh răng Colgate Total 12 180g (Lô 101),Tuýp,42000,10,Hóa mỹ phẩm & Tẩy rửa,414
SP006353,Bàn chải đánh răng P/S than tre (Lô 101),Cái,18000,10,Hóa mỹ phẩm & Tẩy rửa,421
SP006354,Nước lau sàn Sunlight hoa lily túi 3.6kg (Lô 101),Túi,85000,10,Hóa mỹ phẩm & Tẩy rửa,428
SP006355,Xịt muỗi Raid hương cam chanh 600ml (Lô 101),Chai,68000,10,Hóa mỹ phẩm & Tẩy rửa,435
SP006356,Giấy vệ sinh cuộn cao cấp Pulppy lốc 10 cuộn (Lô 101),Lốc,92000,8,Đồ gia dụng & Tiện ích,442
SP006357,Khăn giấy lụa rút Paseo 200 tờ (Lô 101),Hộp,25000,8,Đồ gia dụng & Tiện ích,449
SP006358,Màng bọc thực phẩm PE Sunhouse 30cmx150m (Lô 101),Hộp,75000,8,Đồ gia dụng & Tiện ích,456
SP006359,Túi rác đen tự hủy sinh học Opec 3 cuộn (Lô 101),Gói,38000,8,Đồ gia dụng & Tiện ích,463
SP006360,Băng dính dán thùng trong suốt 5cm x 100y (Lô 101),Cuộn,16000,8,Đồ gia dụng & Tiện ích,470
SP006361,Pin tiểu AA Panasonic vỉ 4 viên (Lô 101),Vỉ,26000,8,Đồ gia dụng & Tiện ích,477
SP006362,Khẩu trang y tế 4 lớp kháng khuẩn hộp 50 cái (Lô 101),Hộp,35000,8,Đồ gia dụng & Tiện ích,484
SP006363,Nước rửa tay Lifebuoy hương chanh chai 450ml (Lô 101),Chai,52000,8,Đồ gia dụng & Tiện ích,491
SP006364,Coca Cola Sleek 320ml (Lô 102),Lon,11550,8,Đồ uống & Giải khát,498
SP006365,Pepsi Sleek 320ml (Lô 102),Lon,11025,8,Đồ uống & Giải khát,55
SP006366,Nước cam ép Twister 450ml (Lô 102),Chai,12600,8,Đồ uống & Giải khát,62
SP006367,Trà xanh Không Độ 455ml (Lô 102),Chai,10500,8,Đồ uống & Giải khát,69
SP006368,Trà Ô Long Tea+ Plus 455ml (Lô 102),Chai,12600,8,Đồ uống & Giải khát,76
SP006369,Nước tăng lực Red Bull 250ml (Lô 102),Lon,14700,8,Đồ uống & Giải khát,83
SP006370,Nước khoáng Lavie 500ml (Lô 102),Chai,6300,8,Đồ uống & Giải khát,90
SP006371,Nước tinh khiết Aquafina 500ml (Lô 102),Chai,6300,8,Đồ uống & Giải khát,97
SP006372,Cà phê sữa đá Highlands 235ml (Lô 102),Lon,16800,8,Đồ uống & Giải khát,104
SP006373,Bia Heineken Sleek 330ml (Lô 102),Lon,23100,10,Đồ uống & Giải khát,111
SP006374,Bia Tiger Crystal 330ml (Lô 102),Lon,20475,10,Đồ uống & Giải khát,118
SP006375,Bia Sài Gòn Special 330ml (Lô 102),Lon,17325,10,Đồ uống & Giải khát,125
SP006376,Sữa tươi tiệt trùng Vinamilk 180ml (Lô 102),Hộp,8925,0,Đồ uống & Giải khát,132
SP006377,Sữa chua uống Susu 110ml (Lô 102),Chai,6825,0,Đồ uống & Giải khát,139
SP006378,Nước ép bưởi hồng Vfresh 1L (Lô 102),Hộp,40950,8,Đồ uống & Giải khát,146
SP006379,Bánh ChocoPie Orion hộp 12 cái (Lô 102),Hộp,60900,8,Bánh kẹo & Ăn vặt,153
SP006380,Bánh Cosy mè giòn rụm Kinh Đô 288g (Lô 102),Gói,30450,8,Bánh kẹo & Ăn vặt,160
SP006381,Snack khoai tây Ostar vị tảo biển 90g (Lô 102),Gói,19950,8,Bánh kẹo & Ăn vặt,167
SP006382,Snack khoai tây Lay's tự nhiên 95g (Lô 102),Gói,22050,8,Bánh kẹo & Ăn vặt,174
SP006383,Bánh que Pocky socola Glico 40g (Lô 102),Hộp,14700,8,Bánh kẹo & Ăn vặt,181
SP006384,Kẹo dẻo Chupa Chups Sour Tubes 160g (Lô 102),Gói,25200,8,Bánh kẹo & Ăn vặt,188
SP006385,Bánh mì tươi nhân bơ sữa Kinh Đô 80g (Lô 102),Cái,9450,8,Bánh kẹo & Ăn vặt,195
SP006386,Bánh xốp Nabati phô mai 130g (Lô 102),Hộp,12600,8,Bánh kẹo & Ăn vặt,202
SP006387,Hạt điều rang muối vỏ lụa Bình Phước 500g (Lô 102),Hộp,141750,8,Bánh kẹo & Ăn vặt,209
SP006388,Hạt hướng dương Chacheer 130g (Lô 102),Gói,15750,8,Bánh kẹo & Ăn vặt,216
SP006389,Rong biển sấy vị truyền thống TaoKaeNoi 32g (Lô 102),Gói,27300,8,Bánh kẹo & Ăn vặt,223
SP006390,Nước mắm Nam Ngư Đệ Nhị chai 900ml (Lô 102),Chai,29400,8,Gia vị & Đồ nấu nướng,230
SP006391,Nước mắm Chinsu Cá Hồi chai 500ml (Lô 102),Chai,49350,8,Gia vị & Đồ nấu nướng,237
SP006392,Dầu ăn Simply đậu nành can 1L (Lô 102),Chai,61950,8,Gia vị & Đồ nấu nướng,244
SP006393,Dầu ăn Neptune Gold can 2L (Lô 102),Chai,141750,8,Gia vị & Đồ nấu nướng,251
SP006394,Hạt nêm Knorr thịt thăn xương ống 400g (Lô 102),Gói,38850,8,Gia vị & Đồ nấu nướng,258
SP006395,Bột ngọt Ajinomoto gói 454g (Lô 102),Gói,35700,8,Gia vị & Đồ nấu nướng,265
SP006396,Tương ớt Chinsu nắp bật 250g (Lô 102),Chai,15750,8,Gia vị & Đồ nấu nướng,272
SP006397,Tương cà Cholimex chai 330g (Lô 102),Chai,16800,8,Gia vị & Đồ nấu nướng,279
SP006398,Muối I-ốt Bạc Liêu túi 500g (Lô 102),Gói,6300,8,Gia vị & Đồ nấu nướng,286
SP006399,Đường tinh luyện Biên Hòa Daily 1kg (Lô 102),Gói,32550,8,Gia vị & Đồ nấu nướng,293
SP006400,Mì tôm Hảo Hảo tôm chua cay 75g (Lô 102),Gói,4725,8,Mì gói & Thực phẩm khô,300
SP006401,Mì Omachi sườn hầm ngũ quả 80g (Lô 102),Gói,8925,8,Mì gói & Thực phẩm khô,307
SP006402,Mì trộn Indomie Mi Goreng 85g (Lô 102),Gói,6825,8,Mì gói & Thực phẩm khô,314
SP006403,Phở gà Đệ Nhất Acecook 68g (Lô 102),Gói,8400,8,Mì gói & Thực phẩm khô,321
SP006404,Miến Phú Hương yến tiệc 210g (Lô 102),Gói,23100,8,Mì gói & Thực phẩm khô,328
SP006405,Cháo thịt bằm Cung Đình gói 50g (Lô 102),Gói,7350,8,Mì gói & Thực phẩm khô,335
SP006406,Cá nục sốt cà 3 Cô Gái lon 155g (Lô 102),Lon,19950,8,Mì gói & Thực phẩm khô,342
SP006407,Pate thịt heo Hạ Long lon 150g (Lô 102),Lon,28350,8,Mì gói & Thực phẩm khô,349
SP006408,Mì ly Modern lẩu thái tôm 65g (Lô 102),Ly,9975,8,Mì gói & Thực phẩm khô,356
SP006409,Nước rửa chén Sunlight chanh can 3.6kg (Lô 102),Can,114450,10,Hóa mỹ phẩm & Tẩy rửa,363
SP006410,Nước giặt OMO Matic cửa trên túi 3.6kg (Lô 102),Túi,183750,10,Hóa mỹ phẩm & Tẩy rửa,370
SP006411,Nước xả vải Comfort đậm đặc túi 3.2L (Lô 102),Túi,198450,10,Hóa mỹ phẩm & Tẩy rửa,377
SP006412,Dầu gội Clear thảo dược mát lạnh 630g (Lô 102),Chai,173250,10,Hóa mỹ phẩm & Tẩy rửa,384
SP006413,Dầu gội Pantene suôn mượt 650ml (Lô 102),Chai,162750,10,Hóa mỹ phẩm & Tẩy rửa,391
SP006414,Sữa tắm Lifebuoy bảo vệ vượt trội 800g (Lô 102),Chai,156450,10,Hóa mỹ phẩm & Tẩy rửa,398
SP006415,Kem đánh răng Colgate Total 12 180g (Lô 102),Tuýp,44100,10,Hóa mỹ phẩm & Tẩy rửa,405
SP006416,Bàn chải đánh răng P/S than tre (Lô 102),Cái,18900,10,Hóa mỹ phẩm & Tẩy rửa,412
SP006417,Nước lau sàn Sunlight hoa lily túi 3.6kg (Lô 102),Túi,89250,10,Hóa mỹ phẩm & Tẩy rửa,419
SP006418,Xịt muỗi Raid hương cam chanh 600ml (Lô 102),Chai,71400,10,Hóa mỹ phẩm & Tẩy rửa,426
SP006419,Giấy vệ sinh cuộn cao cấp Pulppy lốc 10 cuộn (Lô 102),Lốc,96600,8,Đồ gia dụng & Tiện ích,433
SP006420,Khăn giấy lụa rút Paseo 200 tờ (Lô 102),Hộp,26250,8,Đồ gia dụng & Tiện ích,440
SP006421,Màng bọc thực phẩm PE Sunhouse 30cmx150m (Lô 102),Hộp,78750,8,Đồ gia dụng & Tiện ích,447
SP006422,Túi rác đen tự hủy sinh học Opec 3 cuộn (Lô 102),Gói,39900,8,Đồ gia dụng & Tiện ích,454
SP006423,Băng dính dán thùng trong suốt 5cm x 100y (Lô 102),Cuộn,16800,8,Đồ gia dụng & Tiện ích,461
SP006424,Pin tiểu AA Panasonic vỉ 4 viên (Lô 102),Vỉ,27300,8,Đồ gia dụng & Tiện ích,468
SP006425,Khẩu trang y tế 4 lớp kháng khuẩn hộp 50 cái (Lô 102),Hộp,36750,8,Đồ gia dụng & Tiện ích,475
SP006426,Nước rửa tay Lifebuoy hương chanh chai 450ml (Lô 102),Chai,54600,8,Đồ gia dụng & Tiện ích,482
SP006427,Coca Cola Sleek 320ml (Lô 103),Lon,12100,8,Đồ uống & Giải khát,489
SP006428,Pepsi Sleek 320ml (Lô 103),Lon,11550,8,Đồ uống & Giải khát,496
SP006429,Nước cam ép Twister 450ml (Lô 103),Chai,13200,8,Đồ uống & Giải khát,53
SP006430,Trà xanh Không Độ 455ml (Lô 103),Chai,11000,8,Đồ uống & Giải khát,60
SP006431,Trà Ô Long Tea+ Plus 455ml (Lô 103),Chai,13200,8,Đồ uống & Giải khát,67
SP006432,Nước tăng lực Red Bull 250ml (Lô 103),Lon,15400,8,Đồ uống & Giải khát,74
SP006433,Nước khoáng Lavie 500ml (Lô 103),Chai,6600,8,Đồ uống & Giải khát,81
SP006434,Nước tinh khiết Aquafina 500ml (Lô 103),Chai,6600,8,Đồ uống & Giải khát,88
SP006435,Cà phê sữa đá Highlands 235ml (Lô 103),Lon,17600,8,Đồ uống & Giải khát,95
SP006436,Bia Heineken Sleek 330ml (Lô 103),Lon,24200,10,Đồ uống & Giải khát,102
SP006437,Bia Tiger Crystal 330ml (Lô 103),Lon,21450,10,Đồ uống & Giải khát,109
SP006438,Bia Sài Gòn Special 330ml (Lô 103),Lon,18150,10,Đồ uống & Giải khát,116
SP006439,Sữa tươi tiệt trùng Vinamilk 180ml (Lô 103),Hộp,9350,0,Đồ uống & Giải khát,123
SP006440,Sữa chua uống Susu 110ml (Lô 103),Chai,7150,0,Đồ uống & Giải khát,130
SP006441,Nước ép bưởi hồng Vfresh 1L (Lô 103),Hộp,42900,8,Đồ uống & Giải khát,137
SP006442,Bánh ChocoPie Orion hộp 12 cái (Lô 103),Hộp,63800,8,Bánh kẹo & Ăn vặt,144
SP006443,Bánh Cosy mè giòn rụm Kinh Đô 288g (Lô 103),Gói,31900,8,Bánh kẹo & Ăn vặt,151
SP006444,Snack khoai tây Ostar vị tảo biển 90g (Lô 103),Gói,20900,8,Bánh kẹo & Ăn vặt,158
SP006445,Snack khoai tây Lay's tự nhiên 95g (Lô 103),Gói,23100,8,Bánh kẹo & Ăn vặt,165
SP006446,Bánh que Pocky socola Glico 40g (Lô 103),Hộp,15400,8,Bánh kẹo & Ăn vặt,172
SP006447,Kẹo dẻo Chupa Chups Sour Tubes 160g (Lô 103),Gói,26400,8,Bánh kẹo & Ăn vặt,179
SP006448,Bánh mì tươi nhân bơ sữa Kinh Đô 80g (Lô 103),Cái,9900,8,Bánh kẹo & Ăn vặt,186
SP006449,Bánh xốp Nabati phô mai 130g (Lô 103),Hộp,13200,8,Bánh kẹo & Ăn vặt,193
SP006450,Hạt điều rang muối vỏ lụa Bình Phước 500g (Lô 103),Hộp,148500,8,Bánh kẹo & Ăn vặt,200
SP006451,Hạt hướng dương Chacheer 130g (Lô 103),Gói,16500,8,Bánh kẹo & Ăn vặt,207
SP006452,Rong biển sấy vị truyền thống TaoKaeNoi 32g (Lô 103),Gói,28600,8,Bánh kẹo & Ăn vặt,214
SP006453,Nước mắm Nam Ngư Đệ Nhị chai 900ml (Lô 103),Chai,30800,8,Gia vị & Đồ nấu nướng,221
SP006454,Nước mắm Chinsu Cá Hồi chai 500ml (Lô 103),Chai,51700,8,Gia vị & Đồ nấu nướng,228
SP006455,Dầu ăn Simply đậu nành can 1L (Lô 103),Chai,64900,8,Gia vị & Đồ nấu nướng,235
SP006456,Dầu ăn Neptune Gold can 2L (Lô 103),Chai,148500,8,Gia vị & Đồ nấu nướng,242
SP006457,Hạt nêm Knorr thịt thăn xương ống 400g (Lô 103),Gói,40700,8,Gia vị & Đồ nấu nướng,249
SP006458,Bột ngọt Ajinomoto gói 454g (Lô 103),Gói,37400,8,Gia vị & Đồ nấu nướng,256
SP006459,Tương ớt Chinsu nắp bật 250g (Lô 103),Chai,16500,8,Gia vị & Đồ nấu nướng,263
SP006460,Tương cà Cholimex chai 330g (Lô 103),Chai,17600,8,Gia vị & Đồ nấu nướng,270
SP006461,Muối I-ốt Bạc Liêu túi 500g (Lô 103),Gói,6600,8,Gia vị & Đồ nấu nướng,277
SP006462,Đường tinh luyện Biên Hòa Daily 1kg (Lô 103),Gói,34100,8,Gia vị & Đồ nấu nướng,284
SP006463,Mì tôm Hảo Hảo tôm chua cay 75g (Lô 103),Gói,4950,8,Mì gói & Thực phẩm khô,291
SP006464,Mì Omachi sườn hầm ngũ quả 80g (Lô 103),Gói,9350,8,Mì gói & Thực phẩm khô,298
SP006465,Mì trộn Indomie Mi Goreng 85g (Lô 103),Gói,7150,8,Mì gói & Thực phẩm khô,305
SP006466,Phở gà Đệ Nhất Acecook 68g (Lô 103),Gói,8800,8,Mì gói & Thực phẩm khô,312
SP006467,Miến Phú Hương yến tiệc 210g (Lô 103),Gói,24200,8,Mì gói & Thực phẩm khô,319
SP006468,Cháo thịt bằm Cung Đình gói 50g (Lô 103),Gói,7700,8,Mì gói & Thực phẩm khô,326
SP006469,Cá nục sốt cà 3 Cô Gái lon 155g (Lô 103),Lon,20900,8,Mì gói & Thực phẩm khô,333
SP006470,Pate thịt heo Hạ Long lon 150g (Lô 103),Lon,29700,8,Mì gói & Thực phẩm khô,340
SP006471,Mì ly Modern lẩu thái tôm 65g (Lô 103),Ly,10450,8,Mì gói & Thực phẩm khô,347
SP006472,Nước rửa chén Sunlight chanh can 3.6kg (Lô 103),Can,119900,10,Hóa mỹ phẩm & Tẩy rửa,354
SP006473,Nước giặt OMO Matic cửa trên túi 3.6kg (Lô 103),Túi,192500,10,Hóa mỹ phẩm & Tẩy rửa,361
SP006474,Nước xả vải Comfort đậm đặc túi 3.2L (Lô 103),Túi,207900,10,Hóa mỹ phẩm & Tẩy rửa,368
SP006475,Dầu gội Clear thảo dược mát lạnh 630g (Lô 103),Chai,181500,10,Hóa mỹ phẩm & Tẩy rửa,375
SP006476,Dầu gội Pantene suôn mượt 650ml (Lô 103),Chai,170500,10,Hóa mỹ phẩm & Tẩy rửa,382
SP006477,Sữa tắm Lifebuoy bảo vệ vượt trội 800g (Lô 103),Chai,163900,10,Hóa mỹ phẩm & Tẩy rửa,389
SP006478,Kem đánh răng Colgate Total 12 180g (Lô 103),Tuýp,46200,10,Hóa mỹ phẩm & Tẩy rửa,396
SP006479,Bàn chải đánh răng P/S than tre (Lô 103),Cái,19800,10,Hóa mỹ phẩm & Tẩy rửa,403
SP006480,Nước lau sàn Sunlight hoa lily túi 3.6kg (Lô 103),Túi,93500,10,Hóa mỹ phẩm & Tẩy rửa,410
SP006481,Xịt muỗi Raid hương cam chanh 600ml (Lô 103),Chai,74800,10,Hóa mỹ phẩm & Tẩy rửa,417
SP006482,Giấy vệ sinh cuộn cao cấp Pulppy lốc 10 cuộn (Lô 103),Lốc,101200,8,Đồ gia dụng & Tiện ích,424
SP006483,Khăn giấy lụa rút Paseo 200 tờ (Lô 103),Hộp,27500,8,Đồ gia dụng & Tiện ích,431
SP006484,Màng bọc thực phẩm PE Sunhouse 30cmx150m (Lô 103),Hộp,82500,8,Đồ gia dụng & Tiện ích,438
SP006485,Túi rác đen tự hủy sinh học Opec 3 cuộn (Lô 103),Gói,41800,8,Đồ gia dụng & Tiện ích,445
SP006486,Băng dính dán thùng trong suốt 5cm x 100y (Lô 103),Cuộn,17600,8,Đồ gia dụng & Tiện ích,452
SP006487,Pin tiểu AA Panasonic vỉ 4 viên (Lô 103),Vỉ,28600,8,Đồ gia dụng & Tiện ích,459
SP006488,Khẩu trang y tế 4 lớp kháng khuẩn hộp 50 cái (Lô 103),Hộp,38500,8,Đồ gia dụng & Tiện ích,466
SP006489,Nước rửa tay Lifebuoy hương chanh chai 450ml (Lô 103),Chai,57200,8,Đồ gia dụng & Tiện ích,473
SP006490,Coca Cola Sleek 320ml (Lô 104),Lon,12649,8,Đồ uống & Giải khát,480
SP006491,Pepsi Sleek 320ml (Lô 104),Lon,12074,8,Đồ uống & Giải khát,487
SP006492,Nước cam ép Twister 450ml (Lô 104),Chai,13799,8,Đồ uống & Giải khát,494
SP006493,Trà xanh Không Độ 455ml (Lô 104),Chai,11500,8,Đồ uống & Giải khát,51
SP006494,Trà Ô Long Tea+ Plus 455ml (Lô 104),Chai,13799,8,Đồ uống & Giải khát,58
SP006495,Nước tăng lực Red Bull 250ml (Lô 104),Lon,16099,8,Đồ uống & Giải khát,65
SP006496,Nước khoáng Lavie 500ml (Lô 104),Chai,6899,8,Đồ uống & Giải khát,72
SP006497,Nước tinh khiết Aquafina 500ml (Lô 104),Chai,6899,8,Đồ uống & Giải khát,79
SP006498,Cà phê sữa đá Highlands 235ml (Lô 104),Lon,18400,8,Đồ uống & Giải khát,86
SP006499,Bia Heineken Sleek 330ml (Lô 104),Lon,25299,10,Đồ uống & Giải khát,93
SP006500,Bia Tiger Crystal 330ml (Lô 104),Lon,22425,10,Đồ uống & Giải khát,100
SP006501,Bia Sài Gòn Special 330ml (Lô 104),Lon,18975,10,Đồ uống & Giải khát,107
SP006502,Sữa tươi tiệt trùng Vinamilk 180ml (Lô 104),Hộp,9775,0,Đồ uống & Giải khát,114
SP006503,Sữa chua uống Susu 110ml (Lô 104),Chai,7474,0,Đồ uống & Giải khát,121
SP006504,Nước ép bưởi hồng Vfresh 1L (Lô 104),Hộp,44850,8,Đồ uống & Giải khát,128
SP006505,Bánh ChocoPie Orion hộp 12 cái (Lô 104),Hộp,66700,8,Bánh kẹo & Ăn vặt,135
SP006506,Bánh Cosy mè giòn rụm Kinh Đô 288g (Lô 104),Gói,33350,8,Bánh kẹo & Ăn vặt,142
SP006507,Snack khoai tây Ostar vị tảo biển 90g (Lô 104),Gói,21850,8,Bánh kẹo & Ăn vặt,149
SP006508,Snack khoai tây Lay's tự nhiên 95g (Lô 104),Gói,24149,8,Bánh kẹo & Ăn vặt,156
SP006509,Bánh que Pocky socola Glico 40g (Lô 104),Hộp,16099,8,Bánh kẹo & Ăn vặt,163
SP006510,Kẹo dẻo Chupa Chups Sour Tubes 160g (Lô 104),Gói,27599,8,Bánh kẹo & Ăn vặt,170
SP006511,Bánh mì tươi nhân bơ sữa Kinh Đô 80g (Lô 104),Cái,10350,8,Bánh kẹo & Ăn vặt,177
SP006512,Bánh xốp Nabati phô mai 130g (Lô 104),Hộp,13799,8,Bánh kẹo & Ăn vặt,184
SP006513,Hạt điều rang muối vỏ lụa Bình Phước 500g (Lô 104),Hộp,155250,8,Bánh kẹo & Ăn vặt,191
SP006514,Hạt hướng dương Chacheer 130g (Lô 104),Gói,17250,8,Bánh kẹo & Ăn vặt,198
SP006515,Rong biển sấy vị truyền thống TaoKaeNoi 32g (Lô 104),Gói,29899,8,Bánh kẹo & Ăn vặt,205
SP006516,Nước mắm Nam Ngư Đệ Nhị chai 900ml (Lô 104),Chai,32199,8,Gia vị & Đồ nấu nướng,212
SP006517,Nước mắm Chinsu Cá Hồi chai 500ml (Lô 104),Chai,54049,8,Gia vị & Đồ nấu nướng,219
SP006518,Dầu ăn Simply đậu nành can 1L (Lô 104),Chai,67850,8,Gia vị & Đồ nấu nướng,226
SP006519,Dầu ăn Neptune Gold can 2L (Lô 104),Chai,155250,8,Gia vị & Đồ nấu nướng,233
SP006520,Hạt nêm Knorr thịt thăn xương ống 400g (Lô 104),Gói,42550,8,Gia vị & Đồ nấu nướng,240
SP006521,Bột ngọt Ajinomoto gói 454g (Lô 104),Gói,39100,8,Gia vị & Đồ nấu nướng,247
SP006522,Tương ớt Chinsu nắp bật 250g (Lô 104),Chai,17250,8,Gia vị & Đồ nấu nướng,254
SP006523,Tương cà Cholimex chai 330g (Lô 104),Chai,18400,8,Gia vị & Đồ nấu nướng,261
SP006524,Muối I-ốt Bạc Liêu túi 500g (Lô 104),Gói,6899,8,Gia vị & Đồ nấu nướng,268
SP006525,Đường tinh luyện Biên Hòa Daily 1kg (Lô 104),Gói,35650,8,Gia vị & Đồ nấu nướng,275
SP006526,Mì tôm Hảo Hảo tôm chua cay 75g (Lô 104),Gói,5175,8,Mì gói & Thực phẩm khô,282
SP006527,Mì Omachi sườn hầm ngũ quả 80g (Lô 104),Gói,9775,8,Mì gói & Thực phẩm khô,289
SP006528,Mì trộn Indomie Mi Goreng 85g (Lô 104),Gói,7474,8,Mì gói & Thực phẩm khô,296
SP006529,Phở gà Đệ Nhất Acecook 68g (Lô 104),Gói,9200,8,Mì gói & Thực phẩm khô,303
SP006530,Miến Phú Hương yến tiệc 210g (Lô 104),Gói,25299,8,Mì gói & Thực phẩm khô,310
SP006531,Cháo thịt bằm Cung Đình gói 50g (Lô 104),Gói,8049,8,Mì gói & Thực phẩm khô,317
SP006532,Cá nục sốt cà 3 Cô Gái lon 155g (Lô 104),Lon,21850,8,Mì gói & Thực phẩm khô,324
SP006533,Pate thịt heo Hạ Long lon 150g (Lô 104),Lon,31049,8,Mì gói & Thực phẩm khô,331
SP006534,Mì ly Modern lẩu thái tôm 65g (Lô 104),Ly,10925,8,Mì gói & Thực phẩm khô,338
SP006535,Nước rửa chén Sunlight chanh can 3.6kg (Lô 104),Can,125349,10,Hóa mỹ phẩm & Tẩy rửa,345
SP006536,Nước giặt OMO Matic cửa trên túi 3.6kg (Lô 104),Túi,201249,10,Hóa mỹ phẩm & Tẩy rửa,352
SP006537,Nước xả vải Comfort đậm đặc túi 3.2L (Lô 104),Túi,217349,10,Hóa mỹ phẩm & Tẩy rửa,359
SP006538,Dầu gội Clear thảo dược mát lạnh 630g (Lô 104),Chai,189749,10,Hóa mỹ phẩm & Tẩy rửa,366
SP006539,Dầu gội Pantene suôn mượt 650ml (Lô 104),Chai,178250,10,Hóa mỹ phẩm & Tẩy rửa,373
SP006540,Sữa tắm Lifebuoy bảo vệ vượt trội 800g (Lô 104),Chai,171350,10,Hóa mỹ phẩm & Tẩy rửa,380
SP006541,Kem đánh răng Colgate Total 12 180g (Lô 104),Tuýp,48299,10,Hóa mỹ phẩm & Tẩy rửa,387
SP006542,Bàn chải đánh răng P/S than tre (Lô 104),Cái,20700,10,Hóa mỹ phẩm & Tẩy rửa,394
SP006543,Nước lau sàn Sunlight hoa lily túi 3.6kg (Lô 104),Túi,97749,10,Hóa mỹ phẩm & Tẩy rửa,401
SP006544,Xịt muỗi Raid hương cam chanh 600ml (Lô 104),Chai,78200,10,Hóa mỹ phẩm & Tẩy rửa,408
SP006545,Giấy vệ sinh cuộn cao cấp Pulppy lốc 10 cuộn (Lô 104),Lốc,105799,8,Đồ gia dụng & Tiện ích,415
SP006546,Khăn giấy lụa rút Paseo 200 tờ (Lô 104),Hộp,28749,8,Đồ gia dụng & Tiện ích,422
SP006547,Màng bọc thực phẩm PE Sunhouse 30cmx150m (Lô 104),Hộp,86250,8,Đồ gia dụng & Tiện ích,429
SP006548,Túi rác đen tự hủy sinh học Opec 3 cuộn (Lô 104),Gói,43700,8,Đồ gia dụng & Tiện ích,436
SP006549,Băng dính dán thùng trong suốt 5cm x 100y (Lô 104),Cuộn,18400,8,Đồ gia dụng & Tiện ích,443
SP006550,Pin tiểu AA Panasonic vỉ 4 viên (Lô 104),Vỉ,29899,8,Đồ gia dụng & Tiện ích,450
SP006551,Khẩu trang y tế 4 lớp kháng khuẩn hộp 50 cái (Lô 104),Hộp,40250,8,Đồ gia dụng & Tiện ích,457
SP006552,Nước rửa tay Lifebuoy hương chanh chai 450ml (Lô 104),Chai,59799,8,Đồ gia dụng & Tiện ích,464
SP006553,Coca Cola Sleek 320ml (Lô 105),Lon,13200,8,Đồ uống & Giải khát,471
SP006554,Pepsi Sleek 320ml (Lô 105),Lon,12600,8,Đồ uống & Giải khát,478
SP006555,Nước cam ép Twister 450ml (Lô 105),Chai,14400,8,Đồ uống & Giải khát,485
SP006556,Trà xanh Không Độ 455ml (Lô 105),Chai,12000,8,Đồ uống & Giải khát,492
SP006557,Trà Ô Long Tea+ Plus 455ml (Lô 105),Chai,14400,8,Đồ uống & Giải khát,499
SP006558,Nước tăng lực Red Bull 250ml (Lô 105),Lon,16800,8,Đồ uống & Giải khát,56
SP006559,Nước khoáng Lavie 500ml (Lô 105),Chai,7200,8,Đồ uống & Giải khát,63
SP006560,Nước tinh khiết Aquafina 500ml (Lô 105),Chai,7200,8,Đồ uống & Giải khát,70
SP006561,Cà phê sữa đá Highlands 235ml (Lô 105),Lon,19200,8,Đồ uống & Giải khát,77
SP006562,Bia Heineken Sleek 330ml (Lô 105),Lon,26400,10,Đồ uống & Giải khát,84
SP006563,Bia Tiger Crystal 330ml (Lô 105),Lon,23400,10,Đồ uống & Giải khát,91
SP006564,Bia Sài Gòn Special 330ml (Lô 105),Lon,19800,10,Đồ uống & Giải khát,98
SP006565,Sữa tươi tiệt trùng Vinamilk 180ml (Lô 105),Hộp,10200,0,Đồ uống & Giải khát,105
SP006566,Sữa chua uống Susu 110ml (Lô 105),Chai,7800,0,Đồ uống & Giải khát,112
SP006567,Nước ép bưởi hồng Vfresh 1L (Lô 105),Hộp,46800,8,Đồ uống & Giải khát,119
SP006568,Bánh ChocoPie Orion hộp 12 cái (Lô 105),Hộp,69600,8,Bánh kẹo & Ăn vặt,126
SP006569,Bánh Cosy mè giòn rụm Kinh Đô 288g (Lô 105),Gói,34800,8,Bánh kẹo & Ăn vặt,133
SP006570,Snack khoai tây Ostar vị tảo biển 90g (Lô 105),Gói,22800,8,Bánh kẹo & Ăn vặt,140
SP006571,Snack khoai tây Lay's tự nhiên 95g (Lô 105),Gói,25200,8,Bánh kẹo & Ăn vặt,147
SP006572,Bánh que Pocky socola Glico 40g (Lô 105),Hộp,16800,8,Bánh kẹo & Ăn vặt,154
SP006573,Kẹo dẻo Chupa Chups Sour Tubes 160g (Lô 105),Gói,28800,8,Bánh kẹo & Ăn vặt,161
SP006574,Bánh mì tươi nhân bơ sữa Kinh Đô 80g (Lô 105),Cái,10800,8,Bánh kẹo & Ăn vặt,168
SP006575,Bánh xốp Nabati phô mai 130g (Lô 105),Hộp,14400,8,Bánh kẹo & Ăn vặt,175
SP006576,Hạt điều rang muối vỏ lụa Bình Phước 500g (Lô 105),Hộp,162000,8,Bánh kẹo & Ăn vặt,182
SP006577,Hạt hướng dương Chacheer 130g (Lô 105),Gói,18000,8,Bánh kẹo & Ăn vặt,189
SP006578,Rong biển sấy vị truyền thống TaoKaeNoi 32g (Lô 105),Gói,31200,8,Bánh kẹo & Ăn vặt,196
SP006579,Nước mắm Nam Ngư Đệ Nhị chai 900ml (Lô 105),Chai,33600,8,Gia vị & Đồ nấu nướng,203
SP006580,Nước mắm Chinsu Cá Hồi chai 500ml (Lô 105),Chai,56400,8,Gia vị & Đồ nấu nướng,210
SP006581,Dầu ăn Simply đậu nành can 1L (Lô 105),Chai,70800,8,Gia vị & Đồ nấu nướng,217
SP006582,Dầu ăn Neptune Gold can 2L (Lô 105),Chai,162000,8,Gia vị & Đồ nấu nướng,224
SP006583,Hạt nêm Knorr thịt thăn xương ống 400g (Lô 105),Gói,44400,8,Gia vị & Đồ nấu nướng,231
SP006584,Bột ngọt Ajinomoto gói 454g (Lô 105),Gói,40800,8,Gia vị & Đồ nấu nướng,238
SP006585,Tương ớt Chinsu nắp bật 250g (Lô 105),Chai,18000,8,Gia vị & Đồ nấu nướng,245
SP006586,Tương cà Cholimex chai 330g (Lô 105),Chai,19200,8,Gia vị & Đồ nấu nướng,252
SP006587,Muối I-ốt Bạc Liêu túi 500g (Lô 105),Gói,7200,8,Gia vị & Đồ nấu nướng,259
SP006588,Đường tinh luyện Biên Hòa Daily 1kg (Lô 105),Gói,37200,8,Gia vị & Đồ nấu nướng,266
SP006589,Mì tôm Hảo Hảo tôm chua cay 75g (Lô 105),Gói,5400,8,Mì gói & Thực phẩm khô,273
SP006590,Mì Omachi sườn hầm ngũ quả 80g (Lô 105),Gói,10200,8,Mì gói & Thực phẩm khô,280
SP006591,Mì trộn Indomie Mi Goreng 85g (Lô 105),Gói,7800,8,Mì gói & Thực phẩm khô,287
SP006592,Phở gà Đệ Nhất Acecook 68g (Lô 105),Gói,9600,8,Mì gói & Thực phẩm khô,294
SP006593,Miến Phú Hương yến tiệc 210g (Lô 105),Gói,26400,8,Mì gói & Thực phẩm khô,301
SP006594,Cháo thịt bằm Cung Đình gói 50g (Lô 105),Gói,8400,8,Mì gói & Thực phẩm khô,308
SP006595,Cá nục sốt cà 3 Cô Gái lon 155g (Lô 105),Lon,22800,8,Mì gói & Thực phẩm khô,315
SP006596,Pate thịt heo Hạ Long lon 150g (Lô 105),Lon,32400,8,Mì gói & Thực phẩm khô,322
SP006597,Mì ly Modern lẩu thái tôm 65g (Lô 105),Ly,11400,8,Mì gói & Thực phẩm khô,329
SP006598,Nước rửa chén Sunlight chanh can 3.6kg (Lô 105),Can,130800,10,Hóa mỹ phẩm & Tẩy rửa,336
SP006599,Nước giặt OMO Matic cửa trên túi 3.6kg (Lô 105),Túi,210000,10,Hóa mỹ phẩm & Tẩy rửa,343
SP006600,Nước xả vải Comfort đậm đặc túi 3.2L (Lô 105),Túi,226800,10,Hóa mỹ phẩm & Tẩy rửa,350
SP006601,Dầu gội Clear thảo dược mát lạnh 630g (Lô 105),Chai,198000,10,Hóa mỹ phẩm & Tẩy rửa,357
SP006602,Dầu gội Pantene suôn mượt 650ml (Lô 105),Chai,186000,10,Hóa mỹ phẩm & Tẩy rửa,364
SP006603,Sữa tắm Lifebuoy bảo vệ vượt trội 800g (Lô 105),Chai,178800,10,Hóa mỹ phẩm & Tẩy rửa,371
SP006604,Kem đánh răng Colgate Total 12 180g (Lô 105),Tuýp,50400,10,Hóa mỹ phẩm & Tẩy rửa,378
SP006605,Bàn chải đánh răng P/S than tre (Lô 105),Cái,21600,10,Hóa mỹ phẩm & Tẩy rửa,385
SP006606,Nước lau sàn Sunlight hoa lily túi 3.6kg (Lô 105),Túi,102000,10,Hóa mỹ phẩm & Tẩy rửa,392
SP006607,Xịt muỗi Raid hương cam chanh 600ml (Lô 105),Chai,81600,10,Hóa mỹ phẩm & Tẩy rửa,399
SP006608,Giấy vệ sinh cuộn cao cấp Pulppy lốc 10 cuộn (Lô 105),Lốc,110400,8,Đồ gia dụng & Tiện ích,406
SP006609,Khăn giấy lụa rút Paseo 200 tờ (Lô 105),Hộp,30000,8,Đồ gia dụng & Tiện ích,413
SP006610,Màng bọc thực phẩm PE Sunhouse 30cmx150m (Lô 105),Hộp,90000,8,Đồ gia dụng & Tiện ích,420
SP006611,Túi rác đen tự hủy sinh học Opec 3 cuộn (Lô 105),Gói,45600,8,Đồ gia dụng & Tiện ích,427
SP006612,Băng dính dán thùng trong suốt 5cm x 100y (Lô 105),Cuộn,19200,8,Đồ gia dụng & Tiện ích,434
SP006613,Pin tiểu AA Panasonic vỉ 4 viên (Lô 105),Vỉ,31200,8,Đồ gia dụng & Tiện ích,441
SP006614,Khẩu trang y tế 4 lớp kháng khuẩn hộp 50 cái (Lô 105),Hộp,42000,8,Đồ gia dụng & Tiện ích,448
SP006615,Nước rửa tay Lifebuoy hương chanh chai 450ml (Lô 105),Chai,62400,8,Đồ gia dụng & Tiện ích,455
SP006616,Coca Cola Sleek 320ml (Lô 106),Lon,11000,8,Đồ uống & Giải khát,462
SP006617,Pepsi Sleek 320ml (Lô 106),Lon,10500,8,Đồ uống & Giải khát,469
SP006618,Nước cam ép Twister 450ml (Lô 106),Chai,12000,8,Đồ uống & Giải khát,476
SP006619,Trà xanh Không Độ 455ml (Lô 106),Chai,10000,8,Đồ uống & Giải khát,483
SP006620,Trà Ô Long Tea+ Plus 455ml (Lô 106),Chai,12000,8,Đồ uống & Giải khát,490
SP006621,Nước tăng lực Red Bull 250ml (Lô 106),Lon,14000,8,Đồ uống & Giải khát,497
SP006622,Nước khoáng Lavie 500ml (Lô 106),Chai,6000,8,Đồ uống & Giải khát,54
SP006623,Nước tinh khiết Aquafina 500ml (Lô 106),Chai,6000,8,Đồ uống & Giải khát,61
SP006624,Cà phê sữa đá Highlands 235ml (Lô 106),Lon,16000,8,Đồ uống & Giải khát,68
SP006625,Bia Heineken Sleek 330ml (Lô 106),Lon,22000,10,Đồ uống & Giải khát,75
SP006626,Bia Tiger Crystal 330ml (Lô 106),Lon,19500,10,Đồ uống & Giải khát,82
SP006627,Bia Sài Gòn Special 330ml (Lô 106),Lon,16500,10,Đồ uống & Giải khát,89
SP006628,Sữa tươi tiệt trùng Vinamilk 180ml (Lô 106),Hộp,8500,0,Đồ uống & Giải khát,96
SP006629,Sữa chua uống Susu 110ml (Lô 106),Chai,6500,0,Đồ uống & Giải khát,103
SP006630,Nước ép bưởi hồng Vfresh 1L (Lô 106),Hộp,39000,8,Đồ uống & Giải khát,110
SP006631,Bánh ChocoPie Orion hộp 12 cái (Lô 106),Hộp,58000,8,Bánh kẹo & Ăn vặt,117
SP006632,Bánh Cosy mè giòn rụm Kinh Đô 288g (Lô 106),Gói,29000,8,Bánh kẹo & Ăn vặt,124
SP006633,Snack khoai tây Ostar vị tảo biển 90g (Lô 106),Gói,19000,8,Bánh kẹo & Ăn vặt,131
SP006634,Snack khoai tây Lay's tự nhiên 95g (Lô 106),Gói,21000,8,Bánh kẹo & Ăn vặt,138
SP006635,Bánh que Pocky socola Glico 40g (Lô 106),Hộp,14000,8,Bánh kẹo & Ăn vặt,145
SP006636,Kẹo dẻo Chupa Chups Sour Tubes 160g (Lô 106),Gói,24000,8,Bánh kẹo & Ăn vặt,152
SP006637,Bánh mì tươi nhân bơ sữa Kinh Đô 80g (Lô 106),Cái,9000,8,Bánh kẹo & Ăn vặt,159
SP006638,Bánh xốp Nabati phô mai 130g (Lô 106),Hộp,12000,8,Bánh kẹo & Ăn vặt,166
SP006639,Hạt điều rang muối vỏ lụa Bình Phước 500g (Lô 106),Hộp,135000,8,Bánh kẹo & Ăn vặt,173
SP006640,Hạt hướng dương Chacheer 130g (Lô 106),Gói,15000,8,Bánh kẹo & Ăn vặt,180
SP006641,Rong biển sấy vị truyền thống TaoKaeNoi 32g (Lô 106),Gói,26000,8,Bánh kẹo & Ăn vặt,187
SP006642,Nước mắm Nam Ngư Đệ Nhị chai 900ml (Lô 106),Chai,28000,8,Gia vị & Đồ nấu nướng,194
SP006643,Nước mắm Chinsu Cá Hồi chai 500ml (Lô 106),Chai,47000,8,Gia vị & Đồ nấu nướng,201
SP006644,Dầu ăn Simply đậu nành can 1L (Lô 106),Chai,59000,8,Gia vị & Đồ nấu nướng,208
SP006645,Dầu ăn Neptune Gold can 2L (Lô 106),Chai,135000,8,Gia vị & Đồ nấu nướng,215
SP006646,Hạt nêm Knorr thịt thăn xương ống 400g (Lô 106),Gói,37000,8,Gia vị & Đồ nấu nướng,222
SP006647,Bột ngọt Ajinomoto gói 454g (Lô 106),Gói,34000,8,Gia vị & Đồ nấu nướng,229
SP006648,Tương ớt Chinsu nắp bật 250g (Lô 106),Chai,15000,8,Gia vị & Đồ nấu nướng,236
SP006649,Tương cà Cholimex chai 330g (Lô 106),Chai,16000,8,Gia vị & Đồ nấu nướng,243
SP006650,Muối I-ốt Bạc Liêu túi 500g (Lô 106),Gói,6000,8,Gia vị & Đồ nấu nướng,250
SP006651,Đường tinh luyện Biên Hòa Daily 1kg (Lô 106),Gói,31000,8,Gia vị & Đồ nấu nướng,257
SP006652,Mì tôm Hảo Hảo tôm chua cay 75g (Lô 106),Gói,4500,8,Mì gói & Thực phẩm khô,264
SP006653,Mì Omachi sườn hầm ngũ quả 80g (Lô 106),Gói,8500,8,Mì gói & Thực phẩm khô,271
SP006654,Mì trộn Indomie Mi Goreng 85g (Lô 106),Gói,6500,8,Mì gói & Thực phẩm khô,278
SP006655,Phở gà Đệ Nhất Acecook 68g (Lô 106),Gói,8000,8,Mì gói & Thực phẩm khô,285
SP006656,Miến Phú Hương yến tiệc 210g (Lô 106),Gói,22000,8,Mì gói & Thực phẩm khô,292
SP006657,Cháo thịt bằm Cung Đình gói 50g (Lô 106),Gói,7000,8,Mì gói & Thực phẩm khô,299
SP006658,Cá nục sốt cà 3 Cô Gái lon 155g (Lô 106),Lon,19000,8,Mì gói & Thực phẩm khô,306
SP006659,Pate thịt heo Hạ Long lon 150g (Lô 106),Lon,27000,8,Mì gói & Thực phẩm khô,313
SP006660,Mì ly Modern lẩu thái tôm 65g (Lô 106),Ly,9500,8,Mì gói & Thực phẩm khô,320
SP006661,Nước rửa chén Sunlight chanh can 3.6kg (Lô 106),Can,109000,10,Hóa mỹ phẩm & Tẩy rửa,327
SP006662,Nước giặt OMO Matic cửa trên túi 3.6kg (Lô 106),Túi,175000,10,Hóa mỹ phẩm & Tẩy rửa,334
SP006663,Nước xả vải Comfort đậm đặc túi 3.2L (Lô 106),Túi,189000,10,Hóa mỹ phẩm & Tẩy rửa,341
SP006664,Dầu gội Clear thảo dược mát lạnh 630g (Lô 106),Chai,165000,10,Hóa mỹ phẩm & Tẩy rửa,348
SP006665,Dầu gội Pantene suôn mượt 650ml (Lô 106),Chai,155000,10,Hóa mỹ phẩm & Tẩy rửa,355
SP006666,Sữa tắm Lifebuoy bảo vệ vượt trội 800g (Lô 106),Chai,149000,10,Hóa mỹ phẩm & Tẩy rửa,362
SP006667,Kem đánh răng Colgate Total 12 180g (Lô 106),Tuýp,42000,10,Hóa mỹ phẩm & Tẩy rửa,369
SP006668,Bàn chải đánh răng P/S than tre (Lô 106),Cái,18000,10,Hóa mỹ phẩm & Tẩy rửa,376
SP006669,Nước lau sàn Sunlight hoa lily túi 3.6kg (Lô 106),Túi,85000,10,Hóa mỹ phẩm & Tẩy rửa,383
SP006670,Xịt muỗi Raid hương cam chanh 600ml (Lô 106),Chai,68000,10,Hóa mỹ phẩm & Tẩy rửa,390
SP006671,Giấy vệ sinh cuộn cao cấp Pulppy lốc 10 cuộn (Lô 106),Lốc,92000,8,Đồ gia dụng & Tiện ích,397
SP006672,Khăn giấy lụa rút Paseo 200 tờ (Lô 106),Hộp,25000,8,Đồ gia dụng & Tiện ích,404
SP006673,Màng bọc thực phẩm PE Sunhouse 30cmx150m (Lô 106),Hộp,75000,8,Đồ gia dụng & Tiện ích,411
SP006674,Túi rác đen tự hủy sinh học Opec 3 cuộn (Lô 106),Gói,38000,8,Đồ gia dụng & Tiện ích,418
SP006675,Băng dính dán thùng trong suốt 5cm x 100y (Lô 106),Cuộn,16000,8,Đồ gia dụng & Tiện ích,425
SP006676,Pin tiểu AA Panasonic vỉ 4 viên (Lô 106),Vỉ,26000,8,Đồ gia dụng & Tiện ích,432
SP006677,Khẩu trang y tế 4 lớp kháng khuẩn hộp 50 cái (Lô 106),Hộp,35000,8,Đồ gia dụng & Tiện ích,439
SP006678,Nước rửa tay Lifebuoy hương chanh chai 450ml (Lô 106),Chai,52000,8,Đồ gia dụng & Tiện ích,446
SP006679,Coca Cola Sleek 320ml (Lô 107),Lon,11550,8,Đồ uống & Giải khát,453
SP006680,Pepsi Sleek 320ml (Lô 107),Lon,11025,8,Đồ uống & Giải khát,460
SP006681,Nước cam ép Twister 450ml (Lô 107),Chai,12600,8,Đồ uống & Giải khát,467
SP006682,Trà xanh Không Độ 455ml (Lô 107),Chai,10500,8,Đồ uống & Giải khát,474
SP006683,Trà Ô Long Tea+ Plus 455ml (Lô 107),Chai,12600,8,Đồ uống & Giải khát,481
SP006684,Nước tăng lực Red Bull 250ml (Lô 107),Lon,14700,8,Đồ uống & Giải khát,488
SP006685,Nước khoáng Lavie 500ml (Lô 107),Chai,6300,8,Đồ uống & Giải khát,495
SP006686,Nước tinh khiết Aquafina 500ml (Lô 107),Chai,6300,8,Đồ uống & Giải khát,52
SP006687,Cà phê sữa đá Highlands 235ml (Lô 107),Lon,16800,8,Đồ uống & Giải khát,59
SP006688,Bia Heineken Sleek 330ml (Lô 107),Lon,23100,10,Đồ uống & Giải khát,66
SP006689,Bia Tiger Crystal 330ml (Lô 107),Lon,20475,10,Đồ uống & Giải khát,73
SP006690,Bia Sài Gòn Special 330ml (Lô 107),Lon,17325,10,Đồ uống & Giải khát,80
SP006691,Sữa tươi tiệt trùng Vinamilk 180ml (Lô 107),Hộp,8925,0,Đồ uống & Giải khát,87
SP006692,Sữa chua uống Susu 110ml (Lô 107),Chai,6825,0,Đồ uống & Giải khát,94
SP006693,Nước ép bưởi hồng Vfresh 1L (Lô 107),Hộp,40950,8,Đồ uống & Giải khát,101
SP006694,Bánh ChocoPie Orion hộp 12 cái (Lô 107),Hộp,60900,8,Bánh kẹo & Ăn vặt,108
SP006695,Bánh Cosy mè giòn rụm Kinh Đô 288g (Lô 107),Gói,30450,8,Bánh kẹo & Ăn vặt,115
SP006696,Snack khoai tây Ostar vị tảo biển 90g (Lô 107),Gói,19950,8,Bánh kẹo & Ăn vặt,122
SP006697,Snack khoai tây Lay's tự nhiên 95g (Lô 107),Gói,22050,8,Bánh kẹo & Ăn vặt,129
SP006698,Bánh que Pocky socola Glico 40g (Lô 107),Hộp,14700,8,Bánh kẹo & Ăn vặt,136
SP006699,Kẹo dẻo Chupa Chups Sour Tubes 160g (Lô 107),Gói,25200,8,Bánh kẹo & Ăn vặt,143
SP006700,Bánh mì tươi nhân bơ sữa Kinh Đô 80g (Lô 107),Cái,9450,8,Bánh kẹo & Ăn vặt,150
SP006701,Bánh xốp Nabati phô mai 130g (Lô 107),Hộp,12600,8,Bánh kẹo & Ăn vặt,157
SP006702,Hạt điều rang muối vỏ lụa Bình Phước 500g (Lô 107),Hộp,141750,8,Bánh kẹo & Ăn vặt,164
SP006703,Hạt hướng dương Chacheer 130g (Lô 107),Gói,15750,8,Bánh kẹo & Ăn vặt,171
SP006704,Rong biển sấy vị truyền thống TaoKaeNoi 32g (Lô 107),Gói,27300,8,Bánh kẹo & Ăn vặt,178
SP006705,Nước mắm Nam Ngư Đệ Nhị chai 900ml (Lô 107),Chai,29400,8,Gia vị & Đồ nấu nướng,185
SP006706,Nước mắm Chinsu Cá Hồi chai 500ml (Lô 107),Chai,49350,8,Gia vị & Đồ nấu nướng,192
SP006707,Dầu ăn Simply đậu nành can 1L (Lô 107),Chai,61950,8,Gia vị & Đồ nấu nướng,199
SP006708,Dầu ăn Neptune Gold can 2L (Lô 107),Chai,141750,8,Gia vị & Đồ nấu nướng,206
SP006709,Hạt nêm Knorr thịt thăn xương ống 400g (Lô 107),Gói,38850,8,Gia vị & Đồ nấu nướng,213
SP006710,Bột ngọt Ajinomoto gói 454g (Lô 107),Gói,35700,8,Gia vị & Đồ nấu nướng,220
SP006711,Tương ớt Chinsu nắp bật 250g (Lô 107),Chai,15750,8,Gia vị & Đồ nấu nướng,227
SP006712,Tương cà Cholimex chai 330g (Lô 107),Chai,16800,8,Gia vị & Đồ nấu nướng,234
SP006713,Muối I-ốt Bạc Liêu túi 500g (Lô 107),Gói,6300,8,Gia vị & Đồ nấu nướng,241
SP006714,Đường tinh luyện Biên Hòa Daily 1kg (Lô 107),Gói,32550,8,Gia vị & Đồ nấu nướng,248
SP006715,Mì tôm Hảo Hảo tôm chua cay 75g (Lô 107),Gói,4725,8,Mì gói & Thực phẩm khô,255
SP006716,Mì Omachi sườn hầm ngũ quả 80g (Lô 107),Gói,8925,8,Mì gói & Thực phẩm khô,262
SP006717,Mì trộn Indomie Mi Goreng 85g (Lô 107),Gói,6825,8,Mì gói & Thực phẩm khô,269
SP006718,Phở gà Đệ Nhất Acecook 68g (Lô 107),Gói,8400,8,Mì gói & Thực phẩm khô,276
SP006719,Miến Phú Hương yến tiệc 210g (Lô 107),Gói,23100,8,Mì gói & Thực phẩm khô,283
SP006720,Cháo thịt bằm Cung Đình gói 50g (Lô 107),Gói,7350,8,Mì gói & Thực phẩm khô,290
SP006721,Cá nục sốt cà 3 Cô Gái lon 155g (Lô 107),Lon,19950,8,Mì gói & Thực phẩm khô,297
SP006722,Pate thịt heo Hạ Long lon 150g (Lô 107),Lon,28350,8,Mì gói & Thực phẩm khô,304
SP006723,Mì ly Modern lẩu thái tôm 65g (Lô 107),Ly,9975,8,Mì gói & Thực phẩm khô,311
SP006724,Nước rửa chén Sunlight chanh can 3.6kg (Lô 107),Can,114450,10,Hóa mỹ phẩm & Tẩy rửa,318
SP006725,Nước giặt OMO Matic cửa trên túi 3.6kg (Lô 107),Túi,183750,10,Hóa mỹ phẩm & Tẩy rửa,325
SP006726,Nước xả vải Comfort đậm đặc túi 3.2L (Lô 107),Túi,198450,10,Hóa mỹ phẩm & Tẩy rửa,332
SP006727,Dầu gội Clear thảo dược mát lạnh 630g (Lô 107),Chai,173250,10,Hóa mỹ phẩm & Tẩy rửa,339
SP006728,Dầu gội Pantene suôn mượt 650ml (Lô 107),Chai,162750,10,Hóa mỹ phẩm & Tẩy rửa,346
SP006729,Sữa tắm Lifebuoy bảo vệ vượt trội 800g (Lô 107),Chai,156450,10,Hóa mỹ phẩm & Tẩy rửa,353
SP006730,Kem đánh răng Colgate Total 12 180g (Lô 107),Tuýp,44100,10,Hóa mỹ phẩm & Tẩy rửa,360
SP006731,Bàn chải đánh răng P/S than tre (Lô 107),Cái,18900,10,Hóa mỹ phẩm & Tẩy rửa,367
SP006732,Nước lau sàn Sunlight hoa lily túi 3.6kg (Lô 107),Túi,89250,10,Hóa mỹ phẩm & Tẩy rửa,374
SP006733,Xịt muỗi Raid hương cam chanh 600ml (Lô 107),Chai,71400,10,Hóa mỹ phẩm & Tẩy rửa,381
SP006734,Giấy vệ sinh cuộn cao cấp Pulppy lốc 10 cuộn (Lô 107),Lốc,96600,8,Đồ gia dụng & Tiện ích,388
SP006735,Khăn giấy lụa rút Paseo 200 tờ (Lô 107),Hộp,26250,8,Đồ gia dụng & Tiện ích,395
SP006736,Màng bọc thực phẩm PE Sunhouse 30cmx150m (Lô 107),Hộp,78750,8,Đồ gia dụng & Tiện ích,402
SP006737,Túi rác đen tự hủy sinh học Opec 3 cuộn (Lô 107),Gói,39900,8,Đồ gia dụng & Tiện ích,409
SP006738,Băng dính dán thùng trong suốt 5cm x 100y (Lô 107),Cuộn,16800,8,Đồ gia dụng & Tiện ích,416
SP006739,Pin tiểu AA Panasonic vỉ 4 viên (Lô 107),Vỉ,27300,8,Đồ gia dụng & Tiện ích,423
SP006740,Khẩu trang y tế 4 lớp kháng khuẩn hộp 50 cái (Lô 107),Hộp,36750,8,Đồ gia dụng & Tiện ích,430
SP006741,Nước rửa tay Lifebuoy hương chanh chai 450ml (Lô 107),Chai,54600,8,Đồ gia dụng & Tiện ích,437
SP006742,Coca Cola Sleek 320ml (Lô 108),Lon,12100,8,Đồ uống & Giải khát,444
SP006743,Pepsi Sleek 320ml (Lô 108),Lon,11550,8,Đồ uống & Giải khát,451
SP006744,Nước cam ép Twister 450ml (Lô 108),Chai,13200,8,Đồ uống & Giải khát,458
SP006745,Trà xanh Không Độ 455ml (Lô 108),Chai,11000,8,Đồ uống & Giải khát,465
SP006746,Trà Ô Long Tea+ Plus 455ml (Lô 108),Chai,13200,8,Đồ uống & Giải khát,472
SP006747,Nước tăng lực Red Bull 250ml (Lô 108),Lon,15400,8,Đồ uống & Giải khát,479
SP006748,Nước khoáng Lavie 500ml (Lô 108),Chai,6600,8,Đồ uống & Giải khát,486
SP006749,Nước tinh khiết Aquafina 500ml (Lô 108),Chai,6600,8,Đồ uống & Giải khát,493
SP006750,Cà phê sữa đá Highlands 235ml (Lô 108),Lon,17600,8,Đồ uống & Giải khát,50
SP006751,Bia Heineken Sleek 330ml (Lô 108),Lon,24200,10,Đồ uống & Giải khát,57
SP006752,Bia Tiger Crystal 330ml (Lô 108),Lon,21450,10,Đồ uống & Giải khát,64
SP006753,Bia Sài Gòn Special 330ml (Lô 108),Lon,18150,10,Đồ uống & Giải khát,71
SP006754,Sữa tươi tiệt trùng Vinamilk 180ml (Lô 108),Hộp,9350,0,Đồ uống & Giải khát,78
SP006755,Sữa chua uống Susu 110ml (Lô 108),Chai,7150,0,Đồ uống & Giải khát,85
SP006756,Nước ép bưởi hồng Vfresh 1L (Lô 108),Hộp,42900,8,Đồ uống & Giải khát,92
SP006757,Bánh ChocoPie Orion hộp 12 cái (Lô 108),Hộp,63800,8,Bánh kẹo & Ăn vặt,99
SP006758,Bánh Cosy mè giòn rụm Kinh Đô 288g (Lô 108),Gói,31900,8,Bánh kẹo & Ăn vặt,106
SP006759,Snack khoai tây Ostar vị tảo biển 90g (Lô 108),Gói,20900,8,Bánh kẹo & Ăn vặt,113
SP006760,Snack khoai tây Lay's tự nhiên 95g (Lô 108),Gói,23100,8,Bánh kẹo & Ăn vặt,120
SP006761,Bánh que Pocky socola Glico 40g (Lô 108),Hộp,15400,8,Bánh kẹo & Ăn vặt,127
SP006762,Kẹo dẻo Chupa Chups Sour Tubes 160g (Lô 108),Gói,26400,8,Bánh kẹo & Ăn vặt,134
SP006763,Bánh mì tươi nhân bơ sữa Kinh Đô 80g (Lô 108),Cái,9900,8,Bánh kẹo & Ăn vặt,141
SP006764,Bánh xốp Nabati phô mai 130g (Lô 108),Hộp,13200,8,Bánh kẹo & Ăn vặt,148
SP006765,Hạt điều rang muối vỏ lụa Bình Phước 500g (Lô 108),Hộp,148500,8,Bánh kẹo & Ăn vặt,155
SP006766,Hạt hướng dương Chacheer 130g (Lô 108),Gói,16500,8,Bánh kẹo & Ăn vặt,162
SP006767,Rong biển sấy vị truyền thống TaoKaeNoi 32g (Lô 108),Gói,28600,8,Bánh kẹo & Ăn vặt,169
SP006768,Nước mắm Nam Ngư Đệ Nhị chai 900ml (Lô 108),Chai,30800,8,Gia vị & Đồ nấu nướng,176
SP006769,Nước mắm Chinsu Cá Hồi chai 500ml (Lô 108),Chai,51700,8,Gia vị & Đồ nấu nướng,183
SP006770,Dầu ăn Simply đậu nành can 1L (Lô 108),Chai,64900,8,Gia vị & Đồ nấu nướng,190
SP006771,Dầu ăn Neptune Gold can 2L (Lô 108),Chai,148500,8,Gia vị & Đồ nấu nướng,197
SP006772,Hạt nêm Knorr thịt thăn xương ống 400g (Lô 108),Gói,40700,8,Gia vị & Đồ nấu nướng,204
SP006773,Bột ngọt Ajinomoto gói 454g (Lô 108),Gói,37400,8,Gia vị & Đồ nấu nướng,211
SP006774,Tương ớt Chinsu nắp bật 250g (Lô 108),Chai,16500,8,Gia vị & Đồ nấu nướng,218
SP006775,Tương cà Cholimex chai 330g (Lô 108),Chai,17600,8,Gia vị & Đồ nấu nướng,225
SP006776,Muối I-ốt Bạc Liêu túi 500g (Lô 108),Gói,6600,8,Gia vị & Đồ nấu nướng,232
SP006777,Đường tinh luyện Biên Hòa Daily 1kg (Lô 108),Gói,34100,8,Gia vị & Đồ nấu nướng,239
SP006778,Mì tôm Hảo Hảo tôm chua cay 75g (Lô 108),Gói,4950,8,Mì gói & Thực phẩm khô,246
SP006779,Mì Omachi sườn hầm ngũ quả 80g (Lô 108),Gói,9350,8,Mì gói & Thực phẩm khô,253
SP006780,Mì trộn Indomie Mi Goreng 85g (Lô 108),Gói,7150,8,Mì gói & Thực phẩm khô,260
SP006781,Phở gà Đệ Nhất Acecook 68g (Lô 108),Gói,8800,8,Mì gói & Thực phẩm khô,267
SP006782,Miến Phú Hương yến tiệc 210g (Lô 108),Gói,24200,8,Mì gói & Thực phẩm khô,274
SP006783,Cháo thịt bằm Cung Đình gói 50g (Lô 108),Gói,7700,8,Mì gói & Thực phẩm khô,281
SP006784,Cá nục sốt cà 3 Cô Gái lon 155g (Lô 108),Lon,20900,8,Mì gói & Thực phẩm khô,288
SP006785,Pate thịt heo Hạ Long lon 150g (Lô 108),Lon,29700,8,Mì gói & Thực phẩm khô,295
SP006786,Mì ly Modern lẩu thái tôm 65g (Lô 108),Ly,10450,8,Mì gói & Thực phẩm khô,302
SP006787,Nước rửa chén Sunlight chanh can 3.6kg (Lô 108),Can,119900,10,Hóa mỹ phẩm & Tẩy rửa,309
SP006788,Nước giặt OMO Matic cửa trên túi 3.6kg (Lô 108),Túi,192500,10,Hóa mỹ phẩm & Tẩy rửa,316
SP006789,Nước xả vải Comfort đậm đặc túi 3.2L (Lô 108),Túi,207900,10,Hóa mỹ phẩm & Tẩy rửa,323
SP006790,Dầu gội Clear thảo dược mát lạnh 630g (Lô 108),Chai,181500,10,Hóa mỹ phẩm & Tẩy rửa,330
SP006791,Dầu gội Pantene suôn mượt 650ml (Lô 108),Chai,170500,10,Hóa mỹ phẩm & Tẩy rửa,337
SP006792,Sữa tắm Lifebuoy bảo vệ vượt trội 800g (Lô 108),Chai,163900,10,Hóa mỹ phẩm & Tẩy rửa,344
SP006793,Kem đánh răng Colgate Total 12 180g (Lô 108),Tuýp,46200,10,Hóa mỹ phẩm & Tẩy rửa,351
SP006794,Bàn chải đánh răng P/S than tre (Lô 108),Cái,19800,10,Hóa mỹ phẩm & Tẩy rửa,358
SP006795,Nước lau sàn Sunlight hoa lily túi 3.6kg (Lô 108),Túi,93500,10,Hóa mỹ phẩm & Tẩy rửa,365
SP006796,Xịt muỗi Raid hương cam chanh 600ml (Lô 108),Chai,74800,10,Hóa mỹ phẩm & Tẩy rửa,372
SP006797,Giấy vệ sinh cuộn cao cấp Pulppy lốc 10 cuộn (Lô 108),Lốc,101200,8,Đồ gia dụng & Tiện ích,379
SP006798,Khăn giấy lụa rút Paseo 200 tờ (Lô 108),Hộp,27500,8,Đồ gia dụng & Tiện ích,386
SP006799,Màng bọc thực phẩm PE Sunhouse 30cmx150m (Lô 108),Hộp,82500,8,Đồ gia dụng & Tiện ích,393
SP006800,Túi rác đen tự hủy sinh học Opec 3 cuộn (Lô 108),Gói,41800,8,Đồ gia dụng & Tiện ích,400
SP006801,Băng dính dán thùng trong suốt 5cm x 100y (Lô 108),Cuộn,17600,8,Đồ gia dụng & Tiện ích,407
SP006802,Pin tiểu AA Panasonic vỉ 4 viên (Lô 108),Vỉ,28600,8,Đồ gia dụng & Tiện ích,414
SP006803,Khẩu trang y tế 4 lớp kháng khuẩn hộp 50 cái (Lô 108),Hộp,38500,8,Đồ gia dụng & Tiện ích,421
SP006804,Nước rửa tay Lifebuoy hương chanh chai 450ml (Lô 108),Chai,57200,8,Đồ gia dụng & Tiện ích,428
SP006805,Coca Cola Sleek 320ml (Lô 109),Lon,12649,8,Đồ uống & Giải khát,435
SP006806,Pepsi Sleek 320ml (Lô 109),Lon,12074,8,Đồ uống & Giải khát,442
SP006807,Nước cam ép Twister 450ml (Lô 109),Chai,13799,8,Đồ uống & Giải khát,449
SP006808,Trà xanh Không Độ 455ml (Lô 109),Chai,11500,8,Đồ uống & Giải khát,456
SP006809,Trà Ô Long Tea+ Plus 455ml (Lô 109),Chai,13799,8,Đồ uống & Giải khát,463
SP006810,Nước tăng lực Red Bull 250ml (Lô 109),Lon,16099,8,Đồ uống & Giải khát,470
SP006811,Nước khoáng Lavie 500ml (Lô 109),Chai,6899,8,Đồ uống & Giải khát,477
SP006812,Nước tinh khiết Aquafina 500ml (Lô 109),Chai,6899,8,Đồ uống & Giải khát,484
SP006813,Cà phê sữa đá Highlands 235ml (Lô 109),Lon,18400,8,Đồ uống & Giải khát,491
SP006814,Bia Heineken Sleek 330ml (Lô 109),Lon,25299,10,Đồ uống & Giải khát,498
SP006815,Bia Tiger Crystal 330ml (Lô 109),Lon,22425,10,Đồ uống & Giải khát,55
SP006816,Bia Sài Gòn Special 330ml (Lô 109),Lon,18975,10,Đồ uống & Giải khát,62
SP006817,Sữa tươi tiệt trùng Vinamilk 180ml (Lô 109),Hộp,9775,0,Đồ uống & Giải khát,69
SP006818,Sữa chua uống Susu 110ml (Lô 109),Chai,7474,0,Đồ uống & Giải khát,76
SP006819,Nước ép bưởi hồng Vfresh 1L (Lô 109),Hộp,44850,8,Đồ uống & Giải khát,83
SP006820,Bánh ChocoPie Orion hộp 12 cái (Lô 109),Hộp,66700,8,Bánh kẹo & Ăn vặt,90
SP006821,Bánh Cosy mè giòn rụm Kinh Đô 288g (Lô 109),Gói,33350,8,Bánh kẹo & Ăn vặt,97
SP006822,Snack khoai tây Ostar vị tảo biển 90g (Lô 109),Gói,21850,8,Bánh kẹo & Ăn vặt,104
SP006823,Snack khoai tây Lay's tự nhiên 95g (Lô 109),Gói,24149,8,Bánh kẹo & Ăn vặt,111
SP006824,Bánh que Pocky socola Glico 40g (Lô 109),Hộp,16099,8,Bánh kẹo & Ăn vặt,118
SP006825,Kẹo dẻo Chupa Chups Sour Tubes 160g (Lô 109),Gói,27599,8,Bánh kẹo & Ăn vặt,125
SP006826,Bánh mì tươi nhân bơ sữa Kinh Đô 80g (Lô 109),Cái,10350,8,Bánh kẹo & Ăn vặt,132
SP006827,Bánh xốp Nabati phô mai 130g (Lô 109),Hộp,13799,8,Bánh kẹo & Ăn vặt,139
SP006828,Hạt điều rang muối vỏ lụa Bình Phước 500g (Lô 109),Hộp,155250,8,Bánh kẹo & Ăn vặt,146
SP006829,Hạt hướng dương Chacheer 130g (Lô 109),Gói,17250,8,Bánh kẹo & Ăn vặt,153
SP006830,Rong biển sấy vị truyền thống TaoKaeNoi 32g (Lô 109),Gói,29899,8,Bánh kẹo & Ăn vặt,160
SP006831,Nước mắm Nam Ngư Đệ Nhị chai 900ml (Lô 109),Chai,32199,8,Gia vị & Đồ nấu nướng,167
SP006832,Nước mắm Chinsu Cá Hồi chai 500ml (Lô 109),Chai,54049,8,Gia vị & Đồ nấu nướng,174
SP006833,Dầu ăn Simply đậu nành can 1L (Lô 109),Chai,67850,8,Gia vị & Đồ nấu nướng,181
SP006834,Dầu ăn Neptune Gold can 2L (Lô 109),Chai,155250,8,Gia vị & Đồ nấu nướng,188
SP006835,Hạt nêm Knorr thịt thăn xương ống 400g (Lô 109),Gói,42550,8,Gia vị & Đồ nấu nướng,195
SP006836,Bột ngọt Ajinomoto gói 454g (Lô 109),Gói,39100,8,Gia vị & Đồ nấu nướng,202
SP006837,Tương ớt Chinsu nắp bật 250g (Lô 109),Chai,17250,8,Gia vị & Đồ nấu nướng,209
SP006838,Tương cà Cholimex chai 330g (Lô 109),Chai,18400,8,Gia vị & Đồ nấu nướng,216
SP006839,Muối I-ốt Bạc Liêu túi 500g (Lô 109),Gói,6899,8,Gia vị & Đồ nấu nướng,223
SP006840,Đường tinh luyện Biên Hòa Daily 1kg (Lô 109),Gói,35650,8,Gia vị & Đồ nấu nướng,230
SP006841,Mì tôm Hảo Hảo tôm chua cay 75g (Lô 109),Gói,5175,8,Mì gói & Thực phẩm khô,237
SP006842,Mì Omachi sườn hầm ngũ quả 80g (Lô 109),Gói,9775,8,Mì gói & Thực phẩm khô,244
SP006843,Mì trộn Indomie Mi Goreng 85g (Lô 109),Gói,7474,8,Mì gói & Thực phẩm khô,251
SP006844,Phở gà Đệ Nhất Acecook 68g (Lô 109),Gói,9200,8,Mì gói & Thực phẩm khô,258
SP006845,Miến Phú Hương yến tiệc 210g (Lô 109),Gói,25299,8,Mì gói & Thực phẩm khô,265
SP006846,Cháo thịt bằm Cung Đình gói 50g (Lô 109),Gói,8049,8,Mì gói & Thực phẩm khô,272
SP006847,Cá nục sốt cà 3 Cô Gái lon 155g (Lô 109),Lon,21850,8,Mì gói & Thực phẩm khô,279
SP006848,Pate thịt heo Hạ Long lon 150g (Lô 109),Lon,31049,8,Mì gói & Thực phẩm khô,286
SP006849,Mì ly Modern lẩu thái tôm 65g (Lô 109),Ly,10925,8,Mì gói & Thực phẩm khô,293
SP006850,Nước rửa chén Sunlight chanh can 3.6kg (Lô 109),Can,125349,10,Hóa mỹ phẩm & Tẩy rửa,300
SP006851,Nước giặt OMO Matic cửa trên túi 3.6kg (Lô 109),Túi,201249,10,Hóa mỹ phẩm & Tẩy rửa,307
SP006852,Nước xả vải Comfort đậm đặc túi 3.2L (Lô 109),Túi,217349,10,Hóa mỹ phẩm & Tẩy rửa,314
SP006853,Dầu gội Clear thảo dược mát lạnh 630g (Lô 109),Chai,189749,10,Hóa mỹ phẩm & Tẩy rửa,321
SP006854,Dầu gội Pantene suôn mượt 650ml (Lô 109),Chai,178250,10,Hóa mỹ phẩm & Tẩy rửa,328
SP006855,Sữa tắm Lifebuoy bảo vệ vượt trội 800g (Lô 109),Chai,171350,10,Hóa mỹ phẩm & Tẩy rửa,335
SP006856,Kem đánh răng Colgate Total 12 180g (Lô 109),Tuýp,48299,10,Hóa mỹ phẩm & Tẩy rửa,342
SP006857,Bàn chải đánh răng P/S than tre (Lô 109),Cái,20700,10,Hóa mỹ phẩm & Tẩy rửa,349
SP006858,Nước lau sàn Sunlight hoa lily túi 3.6kg (Lô 109),Túi,97749,10,Hóa mỹ phẩm & Tẩy rửa,356
SP006859,Xịt muỗi Raid hương cam chanh 600ml (Lô 109),Chai,78200,10,Hóa mỹ phẩm & Tẩy rửa,363
SP006860,Giấy vệ sinh cuộn cao cấp Pulppy lốc 10 cuộn (Lô 109),Lốc,105799,8,Đồ gia dụng & Tiện ích,370
SP006861,Khăn giấy lụa rút Paseo 200 tờ (Lô 109),Hộp,28749,8,Đồ gia dụng & Tiện ích,377
SP006862,Màng bọc thực phẩm PE Sunhouse 30cmx150m (Lô 109),Hộp,86250,8,Đồ gia dụng & Tiện ích,384
SP006863,Túi rác đen tự hủy sinh học Opec 3 cuộn (Lô 109),Gói,43700,8,Đồ gia dụng & Tiện ích,391
SP006864,Băng dính dán thùng trong suốt 5cm x 100y (Lô 109),Cuộn,18400,8,Đồ gia dụng & Tiện ích,398
SP006865,Pin tiểu AA Panasonic vỉ 4 viên (Lô 109),Vỉ,29899,8,Đồ gia dụng & Tiện ích,405
SP006866,Khẩu trang y tế 4 lớp kháng khuẩn hộp 50 cái (Lô 109),Hộp,40250,8,Đồ gia dụng & Tiện ích,412
SP006867,Nước rửa tay Lifebuoy hương chanh chai 450ml (Lô 109),Chai,59799,8,Đồ gia dụng & Tiện ích,419
SP006868,Coca Cola Sleek 320ml (Lô 110),Lon,13200,8,Đồ uống & Giải khát,426
SP006869,Pepsi Sleek 320ml (Lô 110),Lon,12600,8,Đồ uống & Giải khát,433
SP006870,Nước cam ép Twister 450ml (Lô 110),Chai,14400,8,Đồ uống & Giải khát,440
SP006871,Trà xanh Không Độ 455ml (Lô 110),Chai,12000,8,Đồ uống & Giải khát,447
SP006872,Trà Ô Long Tea+ Plus 455ml (Lô 110),Chai,14400,8,Đồ uống & Giải khát,454
SP006873,Nước tăng lực Red Bull 250ml (Lô 110),Lon,16800,8,Đồ uống & Giải khát,461
SP006874,Nước khoáng Lavie 500ml (Lô 110),Chai,7200,8,Đồ uống & Giải khát,468
SP006875,Nước tinh khiết Aquafina 500ml (Lô 110),Chai,7200,8,Đồ uống & Giải khát,475
SP006876,Cà phê sữa đá Highlands 235ml (Lô 110),Lon,19200,8,Đồ uống & Giải khát,482
SP006877,Bia Heineken Sleek 330ml (Lô 110),Lon,26400,10,Đồ uống & Giải khát,489
SP006878,Bia Tiger Crystal 330ml (Lô 110),Lon,23400,10,Đồ uống & Giải khát,496
SP006879,Bia Sài Gòn Special 330ml (Lô 110),Lon,19800,10,Đồ uống & Giải khát,53
SP006880,Sữa tươi tiệt trùng Vinamilk 180ml (Lô 110),Hộp,10200,0,Đồ uống & Giải khát,60
SP006881,Sữa chua uống Susu 110ml (Lô 110),Chai,7800,0,Đồ uống & Giải khát,67
SP006882,Nước ép bưởi hồng Vfresh 1L (Lô 110),Hộp,46800,8,Đồ uống & Giải khát,74
SP006883,Bánh ChocoPie Orion hộp 12 cái (Lô 110),Hộp,69600,8,Bánh kẹo & Ăn vặt,81
SP006884,Bánh Cosy mè giòn rụm Kinh Đô 288g (Lô 110),Gói,34800,8,Bánh kẹo & Ăn vặt,88
SP006885,Snack khoai tây Ostar vị tảo biển 90g (Lô 110),Gói,22800,8,Bánh kẹo & Ăn vặt,95
SP006886,Snack khoai tây Lay's tự nhiên 95g (Lô 110),Gói,25200,8,Bánh kẹo & Ăn vặt,102
SP006887,Bánh que Pocky socola Glico 40g (Lô 110),Hộp,16800,8,Bánh kẹo & Ăn vặt,109
SP006888,Kẹo dẻo Chupa Chups Sour Tubes 160g (Lô 110),Gói,28800,8,Bánh kẹo & Ăn vặt,116
SP006889,Bánh mì tươi nhân bơ sữa Kinh Đô 80g (Lô 110),Cái,10800,8,Bánh kẹo & Ăn vặt,123
SP006890,Bánh xốp Nabati phô mai 130g (Lô 110),Hộp,14400,8,Bánh kẹo & Ăn vặt,130
SP006891,Hạt điều rang muối vỏ lụa Bình Phước 500g (Lô 110),Hộp,162000,8,Bánh kẹo & Ăn vặt,137
SP006892,Hạt hướng dương Chacheer 130g (Lô 110),Gói,18000,8,Bánh kẹo & Ăn vặt,144
SP006893,Rong biển sấy vị truyền thống TaoKaeNoi 32g (Lô 110),Gói,31200,8,Bánh kẹo & Ăn vặt,151
SP006894,Nước mắm Nam Ngư Đệ Nhị chai 900ml (Lô 110),Chai,33600,8,Gia vị & Đồ nấu nướng,158
SP006895,Nước mắm Chinsu Cá Hồi chai 500ml (Lô 110),Chai,56400,8,Gia vị & Đồ nấu nướng,165
SP006896,Dầu ăn Simply đậu nành can 1L (Lô 110),Chai,70800,8,Gia vị & Đồ nấu nướng,172
SP006897,Dầu ăn Neptune Gold can 2L (Lô 110),Chai,162000,8,Gia vị & Đồ nấu nướng,179
SP006898,Hạt nêm Knorr thịt thăn xương ống 400g (Lô 110),Gói,44400,8,Gia vị & Đồ nấu nướng,186
SP006899,Bột ngọt Ajinomoto gói 454g (Lô 110),Gói,40800,8,Gia vị & Đồ nấu nướng,193
SP006900,Tương ớt Chinsu nắp bật 250g (Lô 110),Chai,18000,8,Gia vị & Đồ nấu nướng,200
SP006901,Tương cà Cholimex chai 330g (Lô 110),Chai,19200,8,Gia vị & Đồ nấu nướng,207
SP006902,Muối I-ốt Bạc Liêu túi 500g (Lô 110),Gói,7200,8,Gia vị & Đồ nấu nướng,214
SP006903,Đường tinh luyện Biên Hòa Daily 1kg (Lô 110),Gói,37200,8,Gia vị & Đồ nấu nướng,221
SP006904,Mì tôm Hảo Hảo tôm chua cay 75g (Lô 110),Gói,5400,8,Mì gói & Thực phẩm khô,228
SP006905,Mì Omachi sườn hầm ngũ quả 80g (Lô 110),Gói,10200,8,Mì gói & Thực phẩm khô,235
SP006906,Mì trộn Indomie Mi Goreng 85g (Lô 110),Gói,7800,8,Mì gói & Thực phẩm khô,242
SP006907,Phở gà Đệ Nhất Acecook 68g (Lô 110),Gói,9600,8,Mì gói & Thực phẩm khô,249
SP006908,Miến Phú Hương yến tiệc 210g (Lô 110),Gói,26400,8,Mì gói & Thực phẩm khô,256
SP006909,Cháo thịt bằm Cung Đình gói 50g (Lô 110),Gói,8400,8,Mì gói & Thực phẩm khô,263
SP006910,Cá nục sốt cà 3 Cô Gái lon 155g (Lô 110),Lon,22800,8,Mì gói & Thực phẩm khô,270
SP006911,Pate thịt heo Hạ Long lon 150g (Lô 110),Lon,32400,8,Mì gói & Thực phẩm khô,277
SP006912,Mì ly Modern lẩu thái tôm 65g (Lô 110),Ly,11400,8,Mì gói & Thực phẩm khô,284
SP006913,Nước rửa chén Sunlight chanh can 3.6kg (Lô 110),Can,130800,10,Hóa mỹ phẩm & Tẩy rửa,291
SP006914,Nước giặt OMO Matic cửa trên túi 3.6kg (Lô 110),Túi,210000,10,Hóa mỹ phẩm & Tẩy rửa,298
SP006915,Nước xả vải Comfort đậm đặc túi 3.2L (Lô 110),Túi,226800,10,Hóa mỹ phẩm & Tẩy rửa,305
SP006916,Dầu gội Clear thảo dược mát lạnh 630g (Lô 110),Chai,198000,10,Hóa mỹ phẩm & Tẩy rửa,312
SP006917,Dầu gội Pantene suôn mượt 650ml (Lô 110),Chai,186000,10,Hóa mỹ phẩm & Tẩy rửa,319
SP006918,Sữa tắm Lifebuoy bảo vệ vượt trội 800g (Lô 110),Chai,178800,10,Hóa mỹ phẩm & Tẩy rửa,326
SP006919,Kem đánh răng Colgate Total 12 180g (Lô 110),Tuýp,50400,10,Hóa mỹ phẩm & Tẩy rửa,333
SP006920,Bàn chải đánh răng P/S than tre (Lô 110),Cái,21600,10,Hóa mỹ phẩm & Tẩy rửa,340
SP006921,Nước lau sàn Sunlight hoa lily túi 3.6kg (Lô 110),Túi,102000,10,Hóa mỹ phẩm & Tẩy rửa,347
SP006922,Xịt muỗi Raid hương cam chanh 600ml (Lô 110),Chai,81600,10,Hóa mỹ phẩm & Tẩy rửa,354
SP006923,Giấy vệ sinh cuộn cao cấp Pulppy lốc 10 cuộn (Lô 110),Lốc,110400,8,Đồ gia dụng & Tiện ích,361
SP006924,Khăn giấy lụa rút Paseo 200 tờ (Lô 110),Hộp,30000,8,Đồ gia dụng & Tiện ích,368
SP006925,Màng bọc thực phẩm PE Sunhouse 30cmx150m (Lô 110),Hộp,90000,8,Đồ gia dụng & Tiện ích,375
SP006926,Túi rác đen tự hủy sinh học Opec 3 cuộn (Lô 110),Gói,45600,8,Đồ gia dụng & Tiện ích,382
SP006927,Băng dính dán thùng trong suốt 5cm x 100y (Lô 110),Cuộn,19200,8,Đồ gia dụng & Tiện ích,389
SP006928,Pin tiểu AA Panasonic vỉ 4 viên (Lô 110),Vỉ,31200,8,Đồ gia dụng & Tiện ích,396
SP006929,Khẩu trang y tế 4 lớp kháng khuẩn hộp 50 cái (Lô 110),Hộp,42000,8,Đồ gia dụng & Tiện ích,403
SP006930,Nước rửa tay Lifebuoy hương chanh chai 450ml (Lô 110),Chai,62400,8,Đồ gia dụng & Tiện ích,410
SP006931,Coca Cola Sleek 320ml (Lô 111),Lon,11000,8,Đồ uống & Giải khát,417
SP006932,Pepsi Sleek 320ml (Lô 111),Lon,10500,8,Đồ uống & Giải khát,424
SP006933,Nước cam ép Twister 450ml (Lô 111),Chai,12000,8,Đồ uống & Giải khát,431
SP006934,Trà xanh Không Độ 455ml (Lô 111),Chai,10000,8,Đồ uống & Giải khát,438
SP006935,Trà Ô Long Tea+ Plus 455ml (Lô 111),Chai,12000,8,Đồ uống & Giải khát,445
SP006936,Nước tăng lực Red Bull 250ml (Lô 111),Lon,14000,8,Đồ uống & Giải khát,452
SP006937,Nước khoáng Lavie 500ml (Lô 111),Chai,6000,8,Đồ uống & Giải khát,459
SP006938,Nước tinh khiết Aquafina 500ml (Lô 111),Chai,6000,8,Đồ uống & Giải khát,466
SP006939,Cà phê sữa đá Highlands 235ml (Lô 111),Lon,16000,8,Đồ uống & Giải khát,473
SP006940,Bia Heineken Sleek 330ml (Lô 111),Lon,22000,10,Đồ uống & Giải khát,480
SP006941,Bia Tiger Crystal 330ml (Lô 111),Lon,19500,10,Đồ uống & Giải khát,487
SP006942,Bia Sài Gòn Special 330ml (Lô 111),Lon,16500,10,Đồ uống & Giải khát,494
SP006943,Sữa tươi tiệt trùng Vinamilk 180ml (Lô 111),Hộp,8500,0,Đồ uống & Giải khát,51
SP006944,Sữa chua uống Susu 110ml (Lô 111),Chai,6500,0,Đồ uống & Giải khát,58
SP006945,Nước ép bưởi hồng Vfresh 1L (Lô 111),Hộp,39000,8,Đồ uống & Giải khát,65
SP006946,Bánh ChocoPie Orion hộp 12 cái (Lô 111),Hộp,58000,8,Bánh kẹo & Ăn vặt,72
SP006947,Bánh Cosy mè giòn rụm Kinh Đô 288g (Lô 111),Gói,29000,8,Bánh kẹo & Ăn vặt,79
SP006948,Snack khoai tây Ostar vị tảo biển 90g (Lô 111),Gói,19000,8,Bánh kẹo & Ăn vặt,86
SP006949,Snack khoai tây Lay's tự nhiên 95g (Lô 111),Gói,21000,8,Bánh kẹo & Ăn vặt,93
SP006950,Bánh que Pocky socola Glico 40g (Lô 111),Hộp,14000,8,Bánh kẹo & Ăn vặt,100
SP006951,Kẹo dẻo Chupa Chups Sour Tubes 160g (Lô 111),Gói,24000,8,Bánh kẹo & Ăn vặt,107
SP006952,Bánh mì tươi nhân bơ sữa Kinh Đô 80g (Lô 111),Cái,9000,8,Bánh kẹo & Ăn vặt,114
SP006953,Bánh xốp Nabati phô mai 130g (Lô 111),Hộp,12000,8,Bánh kẹo & Ăn vặt,121
SP006954,Hạt điều rang muối vỏ lụa Bình Phước 500g (Lô 111),Hộp,135000,8,Bánh kẹo & Ăn vặt,128
SP006955,Hạt hướng dương Chacheer 130g (Lô 111),Gói,15000,8,Bánh kẹo & Ăn vặt,135
SP006956,Rong biển sấy vị truyền thống TaoKaeNoi 32g (Lô 111),Gói,26000,8,Bánh kẹo & Ăn vặt,142
SP006957,Nước mắm Nam Ngư Đệ Nhị chai 900ml (Lô 111),Chai,28000,8,Gia vị & Đồ nấu nướng,149
SP006958,Nước mắm Chinsu Cá Hồi chai 500ml (Lô 111),Chai,47000,8,Gia vị & Đồ nấu nướng,156
SP006959,Dầu ăn Simply đậu nành can 1L (Lô 111),Chai,59000,8,Gia vị & Đồ nấu nướng,163
SP006960,Dầu ăn Neptune Gold can 2L (Lô 111),Chai,135000,8,Gia vị & Đồ nấu nướng,170
SP006961,Hạt nêm Knorr thịt thăn xương ống 400g (Lô 111),Gói,37000,8,Gia vị & Đồ nấu nướng,177
SP006962,Bột ngọt Ajinomoto gói 454g (Lô 111),Gói,34000,8,Gia vị & Đồ nấu nướng,184
SP006963,Tương ớt Chinsu nắp bật 250g (Lô 111),Chai,15000,8,Gia vị & Đồ nấu nướng,191
SP006964,Tương cà Cholimex chai 330g (Lô 111),Chai,16000,8,Gia vị & Đồ nấu nướng,198
SP006965,Muối I-ốt Bạc Liêu túi 500g (Lô 111),Gói,6000,8,Gia vị & Đồ nấu nướng,205
SP006966,Đường tinh luyện Biên Hòa Daily 1kg (Lô 111),Gói,31000,8,Gia vị & Đồ nấu nướng,212
SP006967,Mì tôm Hảo Hảo tôm chua cay 75g (Lô 111),Gói,4500,8,Mì gói & Thực phẩm khô,219
SP006968,Mì Omachi sườn hầm ngũ quả 80g (Lô 111),Gói,8500,8,Mì gói & Thực phẩm khô,226
SP006969,Mì trộn Indomie Mi Goreng 85g (Lô 111),Gói,6500,8,Mì gói & Thực phẩm khô,233
SP006970,Phở gà Đệ Nhất Acecook 68g (Lô 111),Gói,8000,8,Mì gói & Thực phẩm khô,240
SP006971,Miến Phú Hương yến tiệc 210g (Lô 111),Gói,22000,8,Mì gói & Thực phẩm khô,247
SP006972,Cháo thịt bằm Cung Đình gói 50g (Lô 111),Gói,7000,8,Mì gói & Thực phẩm khô,254
SP006973,Cá nục sốt cà 3 Cô Gái lon 155g (Lô 111),Lon,19000,8,Mì gói & Thực phẩm khô,261
SP006974,Pate thịt heo Hạ Long lon 150g (Lô 111),Lon,27000,8,Mì gói & Thực phẩm khô,268
SP006975,Mì ly Modern lẩu thái tôm 65g (Lô 111),Ly,9500,8,Mì gói & Thực phẩm khô,275
SP006976,Nước rửa chén Sunlight chanh can 3.6kg (Lô 111),Can,109000,10,Hóa mỹ phẩm & Tẩy rửa,282
SP006977,Nước giặt OMO Matic cửa trên túi 3.6kg (Lô 111),Túi,175000,10,Hóa mỹ phẩm & Tẩy rửa,289
SP006978,Nước xả vải Comfort đậm đặc túi 3.2L (Lô 111),Túi,189000,10,Hóa mỹ phẩm & Tẩy rửa,296
SP006979,Dầu gội Clear thảo dược mát lạnh 630g (Lô 111),Chai,165000,10,Hóa mỹ phẩm & Tẩy rửa,303
SP006980,Dầu gội Pantene suôn mượt 650ml (Lô 111),Chai,155000,10,Hóa mỹ phẩm & Tẩy rửa,310
SP006981,Sữa tắm Lifebuoy bảo vệ vượt trội 800g (Lô 111),Chai,149000,10,Hóa mỹ phẩm & Tẩy rửa,317
SP006982,Kem đánh răng Colgate Total 12 180g (Lô 111),Tuýp,42000,10,Hóa mỹ phẩm & Tẩy rửa,324
SP006983,Bàn chải đánh răng P/S than tre (Lô 111),Cái,18000,10,Hóa mỹ phẩm & Tẩy rửa,331
SP006984,Nước lau sàn Sunlight hoa lily túi 3.6kg (Lô 111),Túi,85000,10,Hóa mỹ phẩm & Tẩy rửa,338
SP006985,Xịt muỗi Raid hương cam chanh 600ml (Lô 111),Chai,68000,10,Hóa mỹ phẩm & Tẩy rửa,345
SP006986,Giấy vệ sinh cuộn cao cấp Pulppy lốc 10 cuộn (Lô 111),Lốc,92000,8,Đồ gia dụng & Tiện ích,352
SP006987,Khăn giấy lụa rút Paseo 200 tờ (Lô 111),Hộp,25000,8,Đồ gia dụng & Tiện ích,359
SP006988,Màng bọc thực phẩm PE Sunhouse 30cmx150m (Lô 111),Hộp,75000,8,Đồ gia dụng & Tiện ích,366
SP006989,Túi rác đen tự hủy sinh học Opec 3 cuộn (Lô 111),Gói,38000,8,Đồ gia dụng & Tiện ích,373
SP006990,Băng dính dán thùng trong suốt 5cm x 100y (Lô 111),Cuộn,16000,8,Đồ gia dụng & Tiện ích,380
SP006991,Pin tiểu AA Panasonic vỉ 4 viên (Lô 111),Vỉ,26000,8,Đồ gia dụng & Tiện ích,387
SP006992,Khẩu trang y tế 4 lớp kháng khuẩn hộp 50 cái (Lô 111),Hộp,35000,8,Đồ gia dụng & Tiện ích,394
SP006993,Nước rửa tay Lifebuoy hương chanh chai 450ml (Lô 111),Chai,52000,8,Đồ gia dụng & Tiện ích,401
SP006994,Coca Cola Sleek 320ml (Lô 112),Lon,11550,8,Đồ uống & Giải khát,408
SP006995,Pepsi Sleek 320ml (Lô 112),Lon,11025,8,Đồ uống & Giải khát,415
SP006996,Nước cam ép Twister 450ml (Lô 112),Chai,12600,8,Đồ uống & Giải khát,422
SP006997,Trà xanh Không Độ 455ml (Lô 112),Chai,10500,8,Đồ uống & Giải khát,429
SP006998,Trà Ô Long Tea+ Plus 455ml (Lô 112),Chai,12600,8,Đồ uống & Giải khát,436
SP006999,Nước tăng lực Red Bull 250ml (Lô 112),Lon,14700,8,Đồ uống & Giải khát,443
SP007000,Nước khoáng Lavie 500ml (Lô 112),Chai,6300,8,Đồ uống & Giải khát,450
SP007001,Nước tinh khiết Aquafina 500ml (Lô 112),Chai,6300,8,Đồ uống & Giải khát,457
SP007002,Cà phê sữa đá Highlands 235ml (Lô 112),Lon,16800,8,Đồ uống & Giải khát,464
SP007003,Bia Heineken Sleek 330ml (Lô 112),Lon,23100,10,Đồ uống & Giải khát,471
SP007004,Bia Tiger Crystal 330ml (Lô 112),Lon,20475,10,Đồ uống & Giải khát,478
SP007005,Bia Sài Gòn Special 330ml (Lô 112),Lon,17325,10,Đồ uống & Giải khát,485
SP007006,Sữa tươi tiệt trùng Vinamilk 180ml (Lô 112),Hộp,8925,0,Đồ uống & Giải khát,492
SP007007,Sữa chua uống Susu 110ml (Lô 112),Chai,6825,0,Đồ uống & Giải khát,499
SP007008,Nước ép bưởi hồng Vfresh 1L (Lô 112),Hộp,40950,8,Đồ uống & Giải khát,56
SP007009,Bánh ChocoPie Orion hộp 12 cái (Lô 112),Hộp,60900,8,Bánh kẹo & Ăn vặt,63
SP007010,Bánh Cosy mè giòn rụm Kinh Đô 288g (Lô 112),Gói,30450,8,Bánh kẹo & Ăn vặt,70
SP007011,Snack khoai tây Ostar vị tảo biển 90g (Lô 112),Gói,19950,8,Bánh kẹo & Ăn vặt,77
SP007012,Snack khoai tây Lay's tự nhiên 95g (Lô 112),Gói,22050,8,Bánh kẹo & Ăn vặt,84
SP007013,Bánh que Pocky socola Glico 40g (Lô 112),Hộp,14700,8,Bánh kẹo & Ăn vặt,91
SP007014,Kẹo dẻo Chupa Chups Sour Tubes 160g (Lô 112),Gói,25200,8,Bánh kẹo & Ăn vặt,98
SP007015,Bánh mì tươi nhân bơ sữa Kinh Đô 80g (Lô 112),Cái,9450,8,Bánh kẹo & Ăn vặt,105
SP007016,Bánh xốp Nabati phô mai 130g (Lô 112),Hộp,12600,8,Bánh kẹo & Ăn vặt,112
SP007017,Hạt điều rang muối vỏ lụa Bình Phước 500g (Lô 112),Hộp,141750,8,Bánh kẹo & Ăn vặt,119
SP007018,Hạt hướng dương Chacheer 130g (Lô 112),Gói,15750,8,Bánh kẹo & Ăn vặt,126
SP007019,Rong biển sấy vị truyền thống TaoKaeNoi 32g (Lô 112),Gói,27300,8,Bánh kẹo & Ăn vặt,133
SP007020,Nước mắm Nam Ngư Đệ Nhị chai 900ml (Lô 112),Chai,29400,8,Gia vị & Đồ nấu nướng,140
SP007021,Nước mắm Chinsu Cá Hồi chai 500ml (Lô 112),Chai,49350,8,Gia vị & Đồ nấu nướng,147
SP007022,Dầu ăn Simply đậu nành can 1L (Lô 112),Chai,61950,8,Gia vị & Đồ nấu nướng,154
SP007023,Dầu ăn Neptune Gold can 2L (Lô 112),Chai,141750,8,Gia vị & Đồ nấu nướng,161
SP007024,Hạt nêm Knorr thịt thăn xương ống 400g (Lô 112),Gói,38850,8,Gia vị & Đồ nấu nướng,168
SP007025,Bột ngọt Ajinomoto gói 454g (Lô 112),Gói,35700,8,Gia vị & Đồ nấu nướng,175
SP007026,Tương ớt Chinsu nắp bật 250g (Lô 112),Chai,15750,8,Gia vị & Đồ nấu nướng,182
SP007027,Tương cà Cholimex chai 330g (Lô 112),Chai,16800,8,Gia vị & Đồ nấu nướng,189
SP007028,Muối I-ốt Bạc Liêu túi 500g (Lô 112),Gói,6300,8,Gia vị & Đồ nấu nướng,196
SP007029,Đường tinh luyện Biên Hòa Daily 1kg (Lô 112),Gói,32550,8,Gia vị & Đồ nấu nướng,203
SP007030,Mì tôm Hảo Hảo tôm chua cay 75g (Lô 112),Gói,4725,8,Mì gói & Thực phẩm khô,210
SP007031,Mì Omachi sườn hầm ngũ quả 80g (Lô 112),Gói,8925,8,Mì gói & Thực phẩm khô,217
SP007032,Mì trộn Indomie Mi Goreng 85g (Lô 112),Gói,6825,8,Mì gói & Thực phẩm khô,224
SP007033,Phở gà Đệ Nhất Acecook 68g (Lô 112),Gói,8400,8,Mì gói & Thực phẩm khô,231
SP007034,Miến Phú Hương yến tiệc 210g (Lô 112),Gói,23100,8,Mì gói & Thực phẩm khô,238
SP007035,Cháo thịt bằm Cung Đình gói 50g (Lô 112),Gói,7350,8,Mì gói & Thực phẩm khô,245
SP007036,Cá nục sốt cà 3 Cô Gái lon 155g (Lô 112),Lon,19950,8,Mì gói & Thực phẩm khô,252
SP007037,Pate thịt heo Hạ Long lon 150g (Lô 112),Lon,28350,8,Mì gói & Thực phẩm khô,259
SP007038,Mì ly Modern lẩu thái tôm 65g (Lô 112),Ly,9975,8,Mì gói & Thực phẩm khô,266
SP007039,Nước rửa chén Sunlight chanh can 3.6kg (Lô 112),Can,114450,10,Hóa mỹ phẩm & Tẩy rửa,273
SP007040,Nước giặt OMO Matic cửa trên túi 3.6kg (Lô 112),Túi,183750,10,Hóa mỹ phẩm & Tẩy rửa,280
SP007041,Nước xả vải Comfort đậm đặc túi 3.2L (Lô 112),Túi,198450,10,Hóa mỹ phẩm & Tẩy rửa,287
SP007042,Dầu gội Clear thảo dược mát lạnh 630g (Lô 112),Chai,173250,10,Hóa mỹ phẩm & Tẩy rửa,294
SP007043,Dầu gội Pantene suôn mượt 650ml (Lô 112),Chai,162750,10,Hóa mỹ phẩm & Tẩy rửa,301
SP007044,Sữa tắm Lifebuoy bảo vệ vượt trội 800g (Lô 112),Chai,156450,10,Hóa mỹ phẩm & Tẩy rửa,308
SP007045,Kem đánh răng Colgate Total 12 180g (Lô 112),Tuýp,44100,10,Hóa mỹ phẩm & Tẩy rửa,315
SP007046,Bàn chải đánh răng P/S than tre (Lô 112),Cái,18900,10,Hóa mỹ phẩm & Tẩy rửa,322
SP007047,Nước lau sàn Sunlight hoa lily túi 3.6kg (Lô 112),Túi,89250,10,Hóa mỹ phẩm & Tẩy rửa,329
SP007048,Xịt muỗi Raid hương cam chanh 600ml (Lô 112),Chai,71400,10,Hóa mỹ phẩm & Tẩy rửa,336
SP007049,Giấy vệ sinh cuộn cao cấp Pulppy lốc 10 cuộn (Lô 112),Lốc,96600,8,Đồ gia dụng & Tiện ích,343
SP007050,Khăn giấy lụa rút Paseo 200 tờ (Lô 112),Hộp,26250,8,Đồ gia dụng & Tiện ích,350
SP007051,Màng bọc thực phẩm PE Sunhouse 30cmx150m (Lô 112),Hộp,78750,8,Đồ gia dụng & Tiện ích,357
SP007052,Túi rác đen tự hủy sinh học Opec 3 cuộn (Lô 112),Gói,39900,8,Đồ gia dụng & Tiện ích,364
SP007053,Băng dính dán thùng trong suốt 5cm x 100y (Lô 112),Cuộn,16800,8,Đồ gia dụng & Tiện ích,371
SP007054,Pin tiểu AA Panasonic vỉ 4 viên (Lô 112),Vỉ,27300,8,Đồ gia dụng & Tiện ích,378
SP007055,Khẩu trang y tế 4 lớp kháng khuẩn hộp 50 cái (Lô 112),Hộp,36750,8,Đồ gia dụng & Tiện ích,385
SP007056,Nước rửa tay Lifebuoy hương chanh chai 450ml (Lô 112),Chai,54600,8,Đồ gia dụng & Tiện ích,392
SP007057,Coca Cola Sleek 320ml (Lô 113),Lon,12100,8,Đồ uống & Giải khát,399
SP007058,Pepsi Sleek 320ml (Lô 113),Lon,11550,8,Đồ uống & Giải khát,406
SP007059,Nước cam ép Twister 450ml (Lô 113),Chai,13200,8,Đồ uống & Giải khát,413
SP007060,Trà xanh Không Độ 455ml (Lô 113),Chai,11000,8,Đồ uống & Giải khát,420
SP007061,Trà Ô Long Tea+ Plus 455ml (Lô 113),Chai,13200,8,Đồ uống & Giải khát,427
SP007062,Nước tăng lực Red Bull 250ml (Lô 113),Lon,15400,8,Đồ uống & Giải khát,434
SP007063,Nước khoáng Lavie 500ml (Lô 113),Chai,6600,8,Đồ uống & Giải khát,441
SP007064,Nước tinh khiết Aquafina 500ml (Lô 113),Chai,6600,8,Đồ uống & Giải khát,448
SP007065,Cà phê sữa đá Highlands 235ml (Lô 113),Lon,17600,8,Đồ uống & Giải khát,455
SP007066,Bia Heineken Sleek 330ml (Lô 113),Lon,24200,10,Đồ uống & Giải khát,462
SP007067,Bia Tiger Crystal 330ml (Lô 113),Lon,21450,10,Đồ uống & Giải khát,469
SP007068,Bia Sài Gòn Special 330ml (Lô 113),Lon,18150,10,Đồ uống & Giải khát,476
SP007069,Sữa tươi tiệt trùng Vinamilk 180ml (Lô 113),Hộp,9350,0,Đồ uống & Giải khát,483
SP007070,Sữa chua uống Susu 110ml (Lô 113),Chai,7150,0,Đồ uống & Giải khát,490
SP007071,Nước ép bưởi hồng Vfresh 1L (Lô 113),Hộp,42900,8,Đồ uống & Giải khát,497
SP007072,Bánh ChocoPie Orion hộp 12 cái (Lô 113),Hộp,63800,8,Bánh kẹo & Ăn vặt,54
SP007073,Bánh Cosy mè giòn rụm Kinh Đô 288g (Lô 113),Gói,31900,8,Bánh kẹo & Ăn vặt,61
SP007074,Snack khoai tây Ostar vị tảo biển 90g (Lô 113),Gói,20900,8,Bánh kẹo & Ăn vặt,68
SP007075,Snack khoai tây Lay's tự nhiên 95g (Lô 113),Gói,23100,8,Bánh kẹo & Ăn vặt,75
SP007076,Bánh que Pocky socola Glico 40g (Lô 113),Hộp,15400,8,Bánh kẹo & Ăn vặt,82
SP007077,Kẹo dẻo Chupa Chups Sour Tubes 160g (Lô 113),Gói,26400,8,Bánh kẹo & Ăn vặt,89
SP007078,Bánh mì tươi nhân bơ sữa Kinh Đô 80g (Lô 113),Cái,9900,8,Bánh kẹo & Ăn vặt,96
SP007079,Bánh xốp Nabati phô mai 130g (Lô 113),Hộp,13200,8,Bánh kẹo & Ăn vặt,103
SP007080,Hạt điều rang muối vỏ lụa Bình Phước 500g (Lô 113),Hộp,148500,8,Bánh kẹo & Ăn vặt,110
SP007081,Hạt hướng dương Chacheer 130g (Lô 113),Gói,16500,8,Bánh kẹo & Ăn vặt,117
SP007082,Rong biển sấy vị truyền thống TaoKaeNoi 32g (Lô 113),Gói,28600,8,Bánh kẹo & Ăn vặt,124
SP007083,Nước mắm Nam Ngư Đệ Nhị chai 900ml (Lô 113),Chai,30800,8,Gia vị & Đồ nấu nướng,131
SP007084,Nước mắm Chinsu Cá Hồi chai 500ml (Lô 113),Chai,51700,8,Gia vị & Đồ nấu nướng,138
SP007085,Dầu ăn Simply đậu nành can 1L (Lô 113),Chai,64900,8,Gia vị & Đồ nấu nướng,145
SP007086,Dầu ăn Neptune Gold can 2L (Lô 113),Chai,148500,8,Gia vị & Đồ nấu nướng,152
SP007087,Hạt nêm Knorr thịt thăn xương ống 400g (Lô 113),Gói,40700,8,Gia vị & Đồ nấu nướng,159
SP007088,Bột ngọt Ajinomoto gói 454g (Lô 113),Gói,37400,8,Gia vị & Đồ nấu nướng,166
SP007089,Tương ớt Chinsu nắp bật 250g (Lô 113),Chai,16500,8,Gia vị & Đồ nấu nướng,173
SP007090,Tương cà Cholimex chai 330g (Lô 113),Chai,17600,8,Gia vị & Đồ nấu nướng,180
SP007091,Muối I-ốt Bạc Liêu túi 500g (Lô 113),Gói,6600,8,Gia vị & Đồ nấu nướng,187
SP007092,Đường tinh luyện Biên Hòa Daily 1kg (Lô 113),Gói,34100,8,Gia vị & Đồ nấu nướng,194
SP007093,Mì tôm Hảo Hảo tôm chua cay 75g (Lô 113),Gói,4950,8,Mì gói & Thực phẩm khô,201
SP007094,Mì Omachi sườn hầm ngũ quả 80g (Lô 113),Gói,9350,8,Mì gói & Thực phẩm khô,208
SP007095,Mì trộn Indomie Mi Goreng 85g (Lô 113),Gói,7150,8,Mì gói & Thực phẩm khô,215
SP007096,Phở gà Đệ Nhất Acecook 68g (Lô 113),Gói,8800,8,Mì gói & Thực phẩm khô,222
SP007097,Miến Phú Hương yến tiệc 210g (Lô 113),Gói,24200,8,Mì gói & Thực phẩm khô,229
SP007098,Cháo thịt bằm Cung Đình gói 50g (Lô 113),Gói,7700,8,Mì gói & Thực phẩm khô,236
SP007099,Cá nục sốt cà 3 Cô Gái lon 155g (Lô 113),Lon,20900,8,Mì gói & Thực phẩm khô,243
SP007100,Pate thịt heo Hạ Long lon 150g (Lô 113),Lon,29700,8,Mì gói & Thực phẩm khô,250
SP007101,Mì ly Modern lẩu thái tôm 65g (Lô 113),Ly,10450,8,Mì gói & Thực phẩm khô,257
SP007102,Nước rửa chén Sunlight chanh can 3.6kg (Lô 113),Can,119900,10,Hóa mỹ phẩm & Tẩy rửa,264
SP007103,Nước giặt OMO Matic cửa trên túi 3.6kg (Lô 113),Túi,192500,10,Hóa mỹ phẩm & Tẩy rửa,271
SP007104,Nước xả vải Comfort đậm đặc túi 3.2L (Lô 113),Túi,207900,10,Hóa mỹ phẩm & Tẩy rửa,278
SP007105,Dầu gội Clear thảo dược mát lạnh 630g (Lô 113),Chai,181500,10,Hóa mỹ phẩm & Tẩy rửa,285
SP007106,Dầu gội Pantene suôn mượt 650ml (Lô 113),Chai,170500,10,Hóa mỹ phẩm & Tẩy rửa,292
SP007107,Sữa tắm Lifebuoy bảo vệ vượt trội 800g (Lô 113),Chai,163900,10,Hóa mỹ phẩm & Tẩy rửa,299
SP007108,Kem đánh răng Colgate Total 12 180g (Lô 113),Tuýp,46200,10,Hóa mỹ phẩm & Tẩy rửa,306
SP007109,Bàn chải đánh răng P/S than tre (Lô 113),Cái,19800,10,Hóa mỹ phẩm & Tẩy rửa,313
SP007110,Nước lau sàn Sunlight hoa lily túi 3.6kg (Lô 113),Túi,93500,10,Hóa mỹ phẩm & Tẩy rửa,320
SP007111,Xịt muỗi Raid hương cam chanh 600ml (Lô 113),Chai,74800,10,Hóa mỹ phẩm & Tẩy rửa,327
SP007112,Giấy vệ sinh cuộn cao cấp Pulppy lốc 10 cuộn (Lô 113),Lốc,101200,8,Đồ gia dụng & Tiện ích,334
SP007113,Khăn giấy lụa rút Paseo 200 tờ (Lô 113),Hộp,27500,8,Đồ gia dụng & Tiện ích,341
SP007114,Màng bọc thực phẩm PE Sunhouse 30cmx150m (Lô 113),Hộp,82500,8,Đồ gia dụng & Tiện ích,348
SP007115,Túi rác đen tự hủy sinh học Opec 3 cuộn (Lô 113),Gói,41800,8,Đồ gia dụng & Tiện ích,355
SP007116,Băng dính dán thùng trong suốt 5cm x 100y (Lô 113),Cuộn,17600,8,Đồ gia dụng & Tiện ích,362
SP007117,Pin tiểu AA Panasonic vỉ 4 viên (Lô 113),Vỉ,28600,8,Đồ gia dụng & Tiện ích,369
SP007118,Khẩu trang y tế 4 lớp kháng khuẩn hộp 50 cái (Lô 113),Hộp,38500,8,Đồ gia dụng & Tiện ích,376
SP007119,Nước rửa tay Lifebuoy hương chanh chai 450ml (Lô 113),Chai,57200,8,Đồ gia dụng & Tiện ích,383
SP007120,Coca Cola Sleek 320ml (Lô 114),Lon,12649,8,Đồ uống & Giải khát,390
SP007121,Pepsi Sleek 320ml (Lô 114),Lon,12074,8,Đồ uống & Giải khát,397
SP007122,Nước cam ép Twister 450ml (Lô 114),Chai,13799,8,Đồ uống & Giải khát,404
SP007123,Trà xanh Không Độ 455ml (Lô 114),Chai,11500,8,Đồ uống & Giải khát,411
SP007124,Trà Ô Long Tea+ Plus 455ml (Lô 114),Chai,13799,8,Đồ uống & Giải khát,418
SP007125,Nước tăng lực Red Bull 250ml (Lô 114),Lon,16099,8,Đồ uống & Giải khát,425
SP007126,Nước khoáng Lavie 500ml (Lô 114),Chai,6899,8,Đồ uống & Giải khát,432
SP007127,Nước tinh khiết Aquafina 500ml (Lô 114),Chai,6899,8,Đồ uống & Giải khát,439
SP007128,Cà phê sữa đá Highlands 235ml (Lô 114),Lon,18400,8,Đồ uống & Giải khát,446
SP007129,Bia Heineken Sleek 330ml (Lô 114),Lon,25299,10,Đồ uống & Giải khát,453
SP007130,Bia Tiger Crystal 330ml (Lô 114),Lon,22425,10,Đồ uống & Giải khát,460
SP007131,Bia Sài Gòn Special 330ml (Lô 114),Lon,18975,10,Đồ uống & Giải khát,467
SP007132,Sữa tươi tiệt trùng Vinamilk 180ml (Lô 114),Hộp,9775,0,Đồ uống & Giải khát,474
SP007133,Sữa chua uống Susu 110ml (Lô 114),Chai,7474,0,Đồ uống & Giải khát,481
SP007134,Nước ép bưởi hồng Vfresh 1L (Lô 114),Hộp,44850,8,Đồ uống & Giải khát,488
SP007135,Bánh ChocoPie Orion hộp 12 cái (Lô 114),Hộp,66700,8,Bánh kẹo & Ăn vặt,495
SP007136,Bánh Cosy mè giòn rụm Kinh Đô 288g (Lô 114),Gói,33350,8,Bánh kẹo & Ăn vặt,52
SP007137,Snack khoai tây Ostar vị tảo biển 90g (Lô 114),Gói,21850,8,Bánh kẹo & Ăn vặt,59
SP007138,Snack khoai tây Lay's tự nhiên 95g (Lô 114),Gói,24149,8,Bánh kẹo & Ăn vặt,66
SP007139,Bánh que Pocky socola Glico 40g (Lô 114),Hộp,16099,8,Bánh kẹo & Ăn vặt,73
SP007140,Kẹo dẻo Chupa Chups Sour Tubes 160g (Lô 114),Gói,27599,8,Bánh kẹo & Ăn vặt,80
SP007141,Bánh mì tươi nhân bơ sữa Kinh Đô 80g (Lô 114),Cái,10350,8,Bánh kẹo & Ăn vặt,87
SP007142,Bánh xốp Nabati phô mai 130g (Lô 114),Hộp,13799,8,Bánh kẹo & Ăn vặt,94
SP007143,Hạt điều rang muối vỏ lụa Bình Phước 500g (Lô 114),Hộp,155250,8,Bánh kẹo & Ăn vặt,101
SP007144,Hạt hướng dương Chacheer 130g (Lô 114),Gói,17250,8,Bánh kẹo & Ăn vặt,108
SP007145,Rong biển sấy vị truyền thống TaoKaeNoi 32g (Lô 114),Gói,29899,8,Bánh kẹo & Ăn vặt,115
SP007146,Nước mắm Nam Ngư Đệ Nhị chai 900ml (Lô 114),Chai,32199,8,Gia vị & Đồ nấu nướng,122
SP007147,Nước mắm Chinsu Cá Hồi chai 500ml (Lô 114),Chai,54049,8,Gia vị & Đồ nấu nướng,129
SP007148,Dầu ăn Simply đậu nành can 1L (Lô 114),Chai,67850,8,Gia vị & Đồ nấu nướng,136
SP007149,Dầu ăn Neptune Gold can 2L (Lô 114),Chai,155250,8,Gia vị & Đồ nấu nướng,143
SP007150,Hạt nêm Knorr thịt thăn xương ống 400g (Lô 114),Gói,42550,8,Gia vị & Đồ nấu nướng,150
SP007151,Bột ngọt Ajinomoto gói 454g (Lô 114),Gói,39100,8,Gia vị & Đồ nấu nướng,157
SP007152,Tương ớt Chinsu nắp bật 250g (Lô 114),Chai,17250,8,Gia vị & Đồ nấu nướng,164
SP007153,Tương cà Cholimex chai 330g (Lô 114),Chai,18400,8,Gia vị & Đồ nấu nướng,171
SP007154,Muối I-ốt Bạc Liêu túi 500g (Lô 114),Gói,6899,8,Gia vị & Đồ nấu nướng,178
SP007155,Đường tinh luyện Biên Hòa Daily 1kg (Lô 114),Gói,35650,8,Gia vị & Đồ nấu nướng,185
SP007156,Mì tôm Hảo Hảo tôm chua cay 75g (Lô 114),Gói,5175,8,Mì gói & Thực phẩm khô,192
SP007157,Mì Omachi sườn hầm ngũ quả 80g (Lô 114),Gói,9775,8,Mì gói & Thực phẩm khô,199
SP007158,Mì trộn Indomie Mi Goreng 85g (Lô 114),Gói,7474,8,Mì gói & Thực phẩm khô,206
SP007159,Phở gà Đệ Nhất Acecook 68g (Lô 114),Gói,9200,8,Mì gói & Thực phẩm khô,213
SP007160,Miến Phú Hương yến tiệc 210g (Lô 114),Gói,25299,8,Mì gói & Thực phẩm khô,220
SP007161,Cháo thịt bằm Cung Đình gói 50g (Lô 114),Gói,8049,8,Mì gói & Thực phẩm khô,227
SP007162,Cá nục sốt cà 3 Cô Gái lon 155g (Lô 114),Lon,21850,8,Mì gói & Thực phẩm khô,234
SP007163,Pate thịt heo Hạ Long lon 150g (Lô 114),Lon,31049,8,Mì gói & Thực phẩm khô,241
SP007164,Mì ly Modern lẩu thái tôm 65g (Lô 114),Ly,10925,8,Mì gói & Thực phẩm khô,248
SP007165,Nước rửa chén Sunlight chanh can 3.6kg (Lô 114),Can,125349,10,Hóa mỹ phẩm & Tẩy rửa,255
SP007166,Nước giặt OMO Matic cửa trên túi 3.6kg (Lô 114),Túi,201249,10,Hóa mỹ phẩm & Tẩy rửa,262
SP007167,Nước xả vải Comfort đậm đặc túi 3.2L (Lô 114),Túi,217349,10,Hóa mỹ phẩm & Tẩy rửa,269
SP007168,Dầu gội Clear thảo dược mát lạnh 630g (Lô 114),Chai,189749,10,Hóa mỹ phẩm & Tẩy rửa,276
SP007169,Dầu gội Pantene suôn mượt 650ml (Lô 114),Chai,178250,10,Hóa mỹ phẩm & Tẩy rửa,283
SP007170,Sữa tắm Lifebuoy bảo vệ vượt trội 800g (Lô 114),Chai,171350,10,Hóa mỹ phẩm & Tẩy rửa,290
SP007171,Kem đánh răng Colgate Total 12 180g (Lô 114),Tuýp,48299,10,Hóa mỹ phẩm & Tẩy rửa,297
SP007172,Bàn chải đánh răng P/S than tre (Lô 114),Cái,20700,10,Hóa mỹ phẩm & Tẩy rửa,304
SP007173,Nước lau sàn Sunlight hoa lily túi 3.6kg (Lô 114),Túi,97749,10,Hóa mỹ phẩm & Tẩy rửa,311
SP007174,Xịt muỗi Raid hương cam chanh 600ml (Lô 114),Chai,78200,10,Hóa mỹ phẩm & Tẩy rửa,318
SP007175,Giấy vệ sinh cuộn cao cấp Pulppy lốc 10 cuộn (Lô 114),Lốc,105799,8,Đồ gia dụng & Tiện ích,325
SP007176,Khăn giấy lụa rút Paseo 200 tờ (Lô 114),Hộp,28749,8,Đồ gia dụng & Tiện ích,332
SP007177,Màng bọc thực phẩm PE Sunhouse 30cmx150m (Lô 114),Hộp,86250,8,Đồ gia dụng & Tiện ích,339
SP007178,Túi rác đen tự hủy sinh học Opec 3 cuộn (Lô 114),Gói,43700,8,Đồ gia dụng & Tiện ích,346
SP007179,Băng dính dán thùng trong suốt 5cm x 100y (Lô 114),Cuộn,18400,8,Đồ gia dụng & Tiện ích,353
SP007180,Pin tiểu AA Panasonic vỉ 4 viên (Lô 114),Vỉ,29899,8,Đồ gia dụng & Tiện ích,360
SP007181,Khẩu trang y tế 4 lớp kháng khuẩn hộp 50 cái (Lô 114),Hộp,40250,8,Đồ gia dụng & Tiện ích,367
SP007182,Nước rửa tay Lifebuoy hương chanh chai 450ml (Lô 114),Chai,59799,8,Đồ gia dụng & Tiện ích,374
SP007183,Coca Cola Sleek 320ml (Lô 115),Lon,13200,8,Đồ uống & Giải khát,381
SP007184,Pepsi Sleek 320ml (Lô 115),Lon,12600,8,Đồ uống & Giải khát,388
SP007185,Nước cam ép Twister 450ml (Lô 115),Chai,14400,8,Đồ uống & Giải khát,395
SP007186,Trà xanh Không Độ 455ml (Lô 115),Chai,12000,8,Đồ uống & Giải khát,402
SP007187,Trà Ô Long Tea+ Plus 455ml (Lô 115),Chai,14400,8,Đồ uống & Giải khát,409
SP007188,Nước tăng lực Red Bull 250ml (Lô 115),Lon,16800,8,Đồ uống & Giải khát,416
SP007189,Nước khoáng Lavie 500ml (Lô 115),Chai,7200,8,Đồ uống & Giải khát,423
SP007190,Nước tinh khiết Aquafina 500ml (Lô 115),Chai,7200,8,Đồ uống & Giải khát,430
SP007191,Cà phê sữa đá Highlands 235ml (Lô 115),Lon,19200,8,Đồ uống & Giải khát,437
SP007192,Bia Heineken Sleek 330ml (Lô 115),Lon,26400,10,Đồ uống & Giải khát,444
SP007193,Bia Tiger Crystal 330ml (Lô 115),Lon,23400,10,Đồ uống & Giải khát,451
SP007194,Bia Sài Gòn Special 330ml (Lô 115),Lon,19800,10,Đồ uống & Giải khát,458
SP007195,Sữa tươi tiệt trùng Vinamilk 180ml (Lô 115),Hộp,10200,0,Đồ uống & Giải khát,465
SP007196,Sữa chua uống Susu 110ml (Lô 115),Chai,7800,0,Đồ uống & Giải khát,472
SP007197,Nước ép bưởi hồng Vfresh 1L (Lô 115),Hộp,46800,8,Đồ uống & Giải khát,479
SP007198,Bánh ChocoPie Orion hộp 12 cái (Lô 115),Hộp,69600,8,Bánh kẹo & Ăn vặt,486
SP007199,Bánh Cosy mè giòn rụm Kinh Đô 288g (Lô 115),Gói,34800,8,Bánh kẹo & Ăn vặt,493
SP007200,Snack khoai tây Ostar vị tảo biển 90g (Lô 115),Gói,22800,8,Bánh kẹo & Ăn vặt,50
SP007201,Snack khoai tây Lay's tự nhiên 95g (Lô 115),Gói,25200,8,Bánh kẹo & Ăn vặt,57
SP007202,Bánh que Pocky socola Glico 40g (Lô 115),Hộp,16800,8,Bánh kẹo & Ăn vặt,64
SP007203,Kẹo dẻo Chupa Chups Sour Tubes 160g (Lô 115),Gói,28800,8,Bánh kẹo & Ăn vặt,71
SP007204,Bánh mì tươi nhân bơ sữa Kinh Đô 80g (Lô 115),Cái,10800,8,Bánh kẹo & Ăn vặt,78
SP007205,Bánh xốp Nabati phô mai 130g (Lô 115),Hộp,14400,8,Bánh kẹo & Ăn vặt,85
SP007206,Hạt điều rang muối vỏ lụa Bình Phước 500g (Lô 115),Hộp,162000,8,Bánh kẹo & Ăn vặt,92
SP007207,Hạt hướng dương Chacheer 130g (Lô 115),Gói,18000,8,Bánh kẹo & Ăn vặt,99
SP007208,Rong biển sấy vị truyền thống TaoKaeNoi 32g (Lô 115),Gói,31200,8,Bánh kẹo & Ăn vặt,106
SP007209,Nước mắm Nam Ngư Đệ Nhị chai 900ml (Lô 115),Chai,33600,8,Gia vị & Đồ nấu nướng,113
SP007210,Nước mắm Chinsu Cá Hồi chai 500ml (Lô 115),Chai,56400,8,Gia vị & Đồ nấu nướng,120
SP007211,Dầu ăn Simply đậu nành can 1L (Lô 115),Chai,70800,8,Gia vị & Đồ nấu nướng,127
SP007212,Dầu ăn Neptune Gold can 2L (Lô 115),Chai,162000,8,Gia vị & Đồ nấu nướng,134
SP007213,Hạt nêm Knorr thịt thăn xương ống 400g (Lô 115),Gói,44400,8,Gia vị & Đồ nấu nướng,141
SP007214,Bột ngọt Ajinomoto gói 454g (Lô 115),Gói,40800,8,Gia vị & Đồ nấu nướng,148
SP007215,Tương ớt Chinsu nắp bật 250g (Lô 115),Chai,18000,8,Gia vị & Đồ nấu nướng,155
SP007216,Tương cà Cholimex chai 330g (Lô 115),Chai,19200,8,Gia vị & Đồ nấu nướng,162
SP007217,Muối I-ốt Bạc Liêu túi 500g (Lô 115),Gói,7200,8,Gia vị & Đồ nấu nướng,169
SP007218,Đường tinh luyện Biên Hòa Daily 1kg (Lô 115),Gói,37200,8,Gia vị & Đồ nấu nướng,176
SP007219,Mì tôm Hảo Hảo tôm chua cay 75g (Lô 115),Gói,5400,8,Mì gói & Thực phẩm khô,183
SP007220,Mì Omachi sườn hầm ngũ quả 80g (Lô 115),Gói,10200,8,Mì gói & Thực phẩm khô,190
SP007221,Mì trộn Indomie Mi Goreng 85g (Lô 115),Gói,7800,8,Mì gói & Thực phẩm khô,197
SP007222,Phở gà Đệ Nhất Acecook 68g (Lô 115),Gói,9600,8,Mì gói & Thực phẩm khô,204
SP007223,Miến Phú Hương yến tiệc 210g (Lô 115),Gói,26400,8,Mì gói & Thực phẩm khô,211
SP007224,Cháo thịt bằm Cung Đình gói 50g (Lô 115),Gói,8400,8,Mì gói & Thực phẩm khô,218
SP007225,Cá nục sốt cà 3 Cô Gái lon 155g (Lô 115),Lon,22800,8,Mì gói & Thực phẩm khô,225
SP007226,Pate thịt heo Hạ Long lon 150g (Lô 115),Lon,32400,8,Mì gói & Thực phẩm khô,232
SP007227,Mì ly Modern lẩu thái tôm 65g (Lô 115),Ly,11400,8,Mì gói & Thực phẩm khô,239
SP007228,Nước rửa chén Sunlight chanh can 3.6kg (Lô 115),Can,130800,10,Hóa mỹ phẩm & Tẩy rửa,246
SP007229,Nước giặt OMO Matic cửa trên túi 3.6kg (Lô 115),Túi,210000,10,Hóa mỹ phẩm & Tẩy rửa,253
SP007230,Nước xả vải Comfort đậm đặc túi 3.2L (Lô 115),Túi,226800,10,Hóa mỹ phẩm & Tẩy rửa,260
SP007231,Dầu gội Clear thảo dược mát lạnh 630g (Lô 115),Chai,198000,10,Hóa mỹ phẩm & Tẩy rửa,267
SP007232,Dầu gội Pantene suôn mượt 650ml (Lô 115),Chai,186000,10,Hóa mỹ phẩm & Tẩy rửa,274
SP007233,Sữa tắm Lifebuoy bảo vệ vượt trội 800g (Lô 115),Chai,178800,10,Hóa mỹ phẩm & Tẩy rửa,281
SP007234,Kem đánh răng Colgate Total 12 180g (Lô 115),Tuýp,50400,10,Hóa mỹ phẩm & Tẩy rửa,288
SP007235,Bàn chải đánh răng P/S than tre (Lô 115),Cái,21600,10,Hóa mỹ phẩm & Tẩy rửa,295
SP007236,Nước lau sàn Sunlight hoa lily túi 3.6kg (Lô 115),Túi,102000,10,Hóa mỹ phẩm & Tẩy rửa,302
SP007237,Xịt muỗi Raid hương cam chanh 600ml (Lô 115),Chai,81600,10,Hóa mỹ phẩm & Tẩy rửa,309
SP007238,Giấy vệ sinh cuộn cao cấp Pulppy lốc 10 cuộn (Lô 115),Lốc,110400,8,Đồ gia dụng & Tiện ích,316
SP007239,Khăn giấy lụa rút Paseo 200 tờ (Lô 115),Hộp,30000,8,Đồ gia dụng & Tiện ích,323
SP007240,Màng bọc thực phẩm PE Sunhouse 30cmx150m (Lô 115),Hộp,90000,8,Đồ gia dụng & Tiện ích,330
SP007241,Túi rác đen tự hủy sinh học Opec 3 cuộn (Lô 115),Gói,45600,8,Đồ gia dụng & Tiện ích,337
SP007242,Băng dính dán thùng trong suốt 5cm x 100y (Lô 115),Cuộn,19200,8,Đồ gia dụng & Tiện ích,344
SP007243,Pin tiểu AA Panasonic vỉ 4 viên (Lô 115),Vỉ,31200,8,Đồ gia dụng & Tiện ích,351
SP007244,Khẩu trang y tế 4 lớp kháng khuẩn hộp 50 cái (Lô 115),Hộp,42000,8,Đồ gia dụng & Tiện ích,358
SP007245,Nước rửa tay Lifebuoy hương chanh chai 450ml (Lô 115),Chai,62400,8,Đồ gia dụng & Tiện ích,365
SP007246,Coca Cola Sleek 320ml (Lô 116),Lon,11000,8,Đồ uống & Giải khát,372
SP007247,Pepsi Sleek 320ml (Lô 116),Lon,10500,8,Đồ uống & Giải khát,379
SP007248,Nước cam ép Twister 450ml (Lô 116),Chai,12000,8,Đồ uống & Giải khát,386
SP007249,Trà xanh Không Độ 455ml (Lô 116),Chai,10000,8,Đồ uống & Giải khát,393
SP007250,Trà Ô Long Tea+ Plus 455ml (Lô 116),Chai,12000,8,Đồ uống & Giải khát,400
SP007251,Nước tăng lực Red Bull 250ml (Lô 116),Lon,14000,8,Đồ uống & Giải khát,407
SP007252,Nước khoáng Lavie 500ml (Lô 116),Chai,6000,8,Đồ uống & Giải khát,414
SP007253,Nước tinh khiết Aquafina 500ml (Lô 116),Chai,6000,8,Đồ uống & Giải khát,421
SP007254,Cà phê sữa đá Highlands 235ml (Lô 116),Lon,16000,8,Đồ uống & Giải khát,428
SP007255,Bia Heineken Sleek 330ml (Lô 116),Lon,22000,10,Đồ uống & Giải khát,435
SP007256,Bia Tiger Crystal 330ml (Lô 116),Lon,19500,10,Đồ uống & Giải khát,442
SP007257,Bia Sài Gòn Special 330ml (Lô 116),Lon,16500,10,Đồ uống & Giải khát,449
SP007258,Sữa tươi tiệt trùng Vinamilk 180ml (Lô 116),Hộp,8500,0,Đồ uống & Giải khát,456
SP007259,Sữa chua uống Susu 110ml (Lô 116),Chai,6500,0,Đồ uống & Giải khát,463
SP007260,Nước ép bưởi hồng Vfresh 1L (Lô 116),Hộp,39000,8,Đồ uống & Giải khát,470
SP007261,Bánh ChocoPie Orion hộp 12 cái (Lô 116),Hộp,58000,8,Bánh kẹo & Ăn vặt,477
SP007262,Bánh Cosy mè giòn rụm Kinh Đô 288g (Lô 116),Gói,29000,8,Bánh kẹo & Ăn vặt,484
SP007263,Snack khoai tây Ostar vị tảo biển 90g (Lô 116),Gói,19000,8,Bánh kẹo & Ăn vặt,491
SP007264,Snack khoai tây Lay's tự nhiên 95g (Lô 116),Gói,21000,8,Bánh kẹo & Ăn vặt,498
SP007265,Bánh que Pocky socola Glico 40g (Lô 116),Hộp,14000,8,Bánh kẹo & Ăn vặt,55
SP007266,Kẹo dẻo Chupa Chups Sour Tubes 160g (Lô 116),Gói,24000,8,Bánh kẹo & Ăn vặt,62
SP007267,Bánh mì tươi nhân bơ sữa Kinh Đô 80g (Lô 116),Cái,9000,8,Bánh kẹo & Ăn vặt,69
SP007268,Bánh xốp Nabati phô mai 130g (Lô 116),Hộp,12000,8,Bánh kẹo & Ăn vặt,76
SP007269,Hạt điều rang muối vỏ lụa Bình Phước 500g (Lô 116),Hộp,135000,8,Bánh kẹo & Ăn vặt,83
SP007270,Hạt hướng dương Chacheer 130g (Lô 116),Gói,15000,8,Bánh kẹo & Ăn vặt,90
SP007271,Rong biển sấy vị truyền thống TaoKaeNoi 32g (Lô 116),Gói,26000,8,Bánh kẹo & Ăn vặt,97
SP007272,Nước mắm Nam Ngư Đệ Nhị chai 900ml (Lô 116),Chai,28000,8,Gia vị & Đồ nấu nướng,104
SP007273,Nước mắm Chinsu Cá Hồi chai 500ml (Lô 116),Chai,47000,8,Gia vị & Đồ nấu nướng,111
SP007274,Dầu ăn Simply đậu nành can 1L (Lô 116),Chai,59000,8,Gia vị & Đồ nấu nướng,118
SP007275,Dầu ăn Neptune Gold can 2L (Lô 116),Chai,135000,8,Gia vị & Đồ nấu nướng,125
SP007276,Hạt nêm Knorr thịt thăn xương ống 400g (Lô 116),Gói,37000,8,Gia vị & Đồ nấu nướng,132
SP007277,Bột ngọt Ajinomoto gói 454g (Lô 116),Gói,34000,8,Gia vị & Đồ nấu nướng,139
SP007278,Tương ớt Chinsu nắp bật 250g (Lô 116),Chai,15000,8,Gia vị & Đồ nấu nướng,146
SP007279,Tương cà Cholimex chai 330g (Lô 116),Chai,16000,8,Gia vị & Đồ nấu nướng,153
SP007280,Muối I-ốt Bạc Liêu túi 500g (Lô 116),Gói,6000,8,Gia vị & Đồ nấu nướng,160
SP007281,Đường tinh luyện Biên Hòa Daily 1kg (Lô 116),Gói,31000,8,Gia vị & Đồ nấu nướng,167
SP007282,Mì tôm Hảo Hảo tôm chua cay 75g (Lô 116),Gói,4500,8,Mì gói & Thực phẩm khô,174
SP007283,Mì Omachi sườn hầm ngũ quả 80g (Lô 116),Gói,8500,8,Mì gói & Thực phẩm khô,181
SP007284,Mì trộn Indomie Mi Goreng 85g (Lô 116),Gói,6500,8,Mì gói & Thực phẩm khô,188
SP007285,Phở gà Đệ Nhất Acecook 68g (Lô 116),Gói,8000,8,Mì gói & Thực phẩm khô,195
SP007286,Miến Phú Hương yến tiệc 210g (Lô 116),Gói,22000,8,Mì gói & Thực phẩm khô,202
SP007287,Cháo thịt bằm Cung Đình gói 50g (Lô 116),Gói,7000,8,Mì gói & Thực phẩm khô,209
SP007288,Cá nục sốt cà 3 Cô Gái lon 155g (Lô 116),Lon,19000,8,Mì gói & Thực phẩm khô,216
SP007289,Pate thịt heo Hạ Long lon 150g (Lô 116),Lon,27000,8,Mì gói & Thực phẩm khô,223
SP007290,Mì ly Modern lẩu thái tôm 65g (Lô 116),Ly,9500,8,Mì gói & Thực phẩm khô,230
SP007291,Nước rửa chén Sunlight chanh can 3.6kg (Lô 116),Can,109000,10,Hóa mỹ phẩm & Tẩy rửa,237
SP007292,Nước giặt OMO Matic cửa trên túi 3.6kg (Lô 116),Túi,175000,10,Hóa mỹ phẩm & Tẩy rửa,244
SP007293,Nước xả vải Comfort đậm đặc túi 3.2L (Lô 116),Túi,189000,10,Hóa mỹ phẩm & Tẩy rửa,251
SP007294,Dầu gội Clear thảo dược mát lạnh 630g (Lô 116),Chai,165000,10,Hóa mỹ phẩm & Tẩy rửa,258
SP007295,Dầu gội Pantene suôn mượt 650ml (Lô 116),Chai,155000,10,Hóa mỹ phẩm & Tẩy rửa,265
SP007296,Sữa tắm Lifebuoy bảo vệ vượt trội 800g (Lô 116),Chai,149000,10,Hóa mỹ phẩm & Tẩy rửa,272
SP007297,Kem đánh răng Colgate Total 12 180g (Lô 116),Tuýp,42000,10,Hóa mỹ phẩm & Tẩy rửa,279
SP007298,Bàn chải đánh răng P/S than tre (Lô 116),Cái,18000,10,Hóa mỹ phẩm & Tẩy rửa,286
SP007299,Nước lau sàn Sunlight hoa lily túi 3.6kg (Lô 116),Túi,85000,10,Hóa mỹ phẩm & Tẩy rửa,293
SP007300,Xịt muỗi Raid hương cam chanh 600ml (Lô 116),Chai,68000,10,Hóa mỹ phẩm & Tẩy rửa,300
SP007301,Giấy vệ sinh cuộn cao cấp Pulppy lốc 10 cuộn (Lô 116),Lốc,92000,8,Đồ gia dụng & Tiện ích,307
SP007302,Khăn giấy lụa rút Paseo 200 tờ (Lô 116),Hộp,25000,8,Đồ gia dụng & Tiện ích,314
SP007303,Màng bọc thực phẩm PE Sunhouse 30cmx150m (Lô 116),Hộp,75000,8,Đồ gia dụng & Tiện ích,321
SP007304,Túi rác đen tự hủy sinh học Opec 3 cuộn (Lô 116),Gói,38000,8,Đồ gia dụng & Tiện ích,328
SP007305,Băng dính dán thùng trong suốt 5cm x 100y (Lô 116),Cuộn,16000,8,Đồ gia dụng & Tiện ích,335
SP007306,Pin tiểu AA Panasonic vỉ 4 viên (Lô 116),Vỉ,26000,8,Đồ gia dụng & Tiện ích,342
SP007307,Khẩu trang y tế 4 lớp kháng khuẩn hộp 50 cái (Lô 116),Hộp,35000,8,Đồ gia dụng & Tiện ích,349
SP007308,Nước rửa tay Lifebuoy hương chanh chai 450ml (Lô 116),Chai,52000,8,Đồ gia dụng & Tiện ích,356
SP007309,Coca Cola Sleek 320ml (Lô 117),Lon,11550,8,Đồ uống & Giải khát,363
SP007310,Pepsi Sleek 320ml (Lô 117),Lon,11025,8,Đồ uống & Giải khát,370
SP007311,Nước cam ép Twister 450ml (Lô 117),Chai,12600,8,Đồ uống & Giải khát,377
SP007312,Trà xanh Không Độ 455ml (Lô 117),Chai,10500,8,Đồ uống & Giải khát,384
SP007313,Trà Ô Long Tea+ Plus 455ml (Lô 117),Chai,12600,8,Đồ uống & Giải khát,391
SP007314,Nước tăng lực Red Bull 250ml (Lô 117),Lon,14700,8,Đồ uống & Giải khát,398
SP007315,Nước khoáng Lavie 500ml (Lô 117),Chai,6300,8,Đồ uống & Giải khát,405
SP007316,Nước tinh khiết Aquafina 500ml (Lô 117),Chai,6300,8,Đồ uống & Giải khát,412
SP007317,Cà phê sữa đá Highlands 235ml (Lô 117),Lon,16800,8,Đồ uống & Giải khát,419
SP007318,Bia Heineken Sleek 330ml (Lô 117),Lon,23100,10,Đồ uống & Giải khát,426
SP007319,Bia Tiger Crystal 330ml (Lô 117),Lon,20475,10,Đồ uống & Giải khát,433
SP007320,Bia Sài Gòn Special 330ml (Lô 117),Lon,17325,10,Đồ uống & Giải khát,440
SP007321,Sữa tươi tiệt trùng Vinamilk 180ml (Lô 117),Hộp,8925,0,Đồ uống & Giải khát,447
SP007322,Sữa chua uống Susu 110ml (Lô 117),Chai,6825,0,Đồ uống & Giải khát,454
SP007323,Nước ép bưởi hồng Vfresh 1L (Lô 117),Hộp,40950,8,Đồ uống & Giải khát,461
SP007324,Bánh ChocoPie Orion hộp 12 cái (Lô 117),Hộp,60900,8,Bánh kẹo & Ăn vặt,468
SP007325,Bánh Cosy mè giòn rụm Kinh Đô 288g (Lô 117),Gói,30450,8,Bánh kẹo & Ăn vặt,475
SP007326,Snack khoai tây Ostar vị tảo biển 90g (Lô 117),Gói,19950,8,Bánh kẹo & Ăn vặt,482
SP007327,Snack khoai tây Lay's tự nhiên 95g (Lô 117),Gói,22050,8,Bánh kẹo & Ăn vặt,489
SP007328,Bánh que Pocky socola Glico 40g (Lô 117),Hộp,14700,8,Bánh kẹo & Ăn vặt,496
SP007329,Kẹo dẻo Chupa Chups Sour Tubes 160g (Lô 117),Gói,25200,8,Bánh kẹo & Ăn vặt,53
SP007330,Bánh mì tươi nhân bơ sữa Kinh Đô 80g (Lô 117),Cái,9450,8,Bánh kẹo & Ăn vặt,60
SP007331,Bánh xốp Nabati phô mai 130g (Lô 117),Hộp,12600,8,Bánh kẹo & Ăn vặt,67
SP007332,Hạt điều rang muối vỏ lụa Bình Phước 500g (Lô 117),Hộp,141750,8,Bánh kẹo & Ăn vặt,74
SP007333,Hạt hướng dương Chacheer 130g (Lô 117),Gói,15750,8,Bánh kẹo & Ăn vặt,81
SP007334,Rong biển sấy vị truyền thống TaoKaeNoi 32g (Lô 117),Gói,27300,8,Bánh kẹo & Ăn vặt,88
SP007335,Nước mắm Nam Ngư Đệ Nhị chai 900ml (Lô 117),Chai,29400,8,Gia vị & Đồ nấu nướng,95
SP007336,Nước mắm Chinsu Cá Hồi chai 500ml (Lô 117),Chai,49350,8,Gia vị & Đồ nấu nướng,102
SP007337,Dầu ăn Simply đậu nành can 1L (Lô 117),Chai,61950,8,Gia vị & Đồ nấu nướng,109
SP007338,Dầu ăn Neptune Gold can 2L (Lô 117),Chai,141750,8,Gia vị & Đồ nấu nướng,116
SP007339,Hạt nêm Knorr thịt thăn xương ống 400g (Lô 117),Gói,38850,8,Gia vị & Đồ nấu nướng,123
SP007340,Bột ngọt Ajinomoto gói 454g (Lô 117),Gói,35700,8,Gia vị & Đồ nấu nướng,130
SP007341,Tương ớt Chinsu nắp bật 250g (Lô 117),Chai,15750,8,Gia vị & Đồ nấu nướng,137
SP007342,Tương cà Cholimex chai 330g (Lô 117),Chai,16800,8,Gia vị & Đồ nấu nướng,144
SP007343,Muối I-ốt Bạc Liêu túi 500g (Lô 117),Gói,6300,8,Gia vị & Đồ nấu nướng,151
SP007344,Đường tinh luyện Biên Hòa Daily 1kg (Lô 117),Gói,32550,8,Gia vị & Đồ nấu nướng,158
SP007345,Mì tôm Hảo Hảo tôm chua cay 75g (Lô 117),Gói,4725,8,Mì gói & Thực phẩm khô,165
SP007346,Mì Omachi sườn hầm ngũ quả 80g (Lô 117),Gói,8925,8,Mì gói & Thực phẩm khô,172
SP007347,Mì trộn Indomie Mi Goreng 85g (Lô 117),Gói,6825,8,Mì gói & Thực phẩm khô,179
SP007348,Phở gà Đệ Nhất Acecook 68g (Lô 117),Gói,8400,8,Mì gói & Thực phẩm khô,186
SP007349,Miến Phú Hương yến tiệc 210g (Lô 117),Gói,23100,8,Mì gói & Thực phẩm khô,193
SP007350,Cháo thịt bằm Cung Đình gói 50g (Lô 117),Gói,7350,8,Mì gói & Thực phẩm khô,200
SP007351,Cá nục sốt cà 3 Cô Gái lon 155g (Lô 117),Lon,19950,8,Mì gói & Thực phẩm khô,207
SP007352,Pate thịt heo Hạ Long lon 150g (Lô 117),Lon,28350,8,Mì gói & Thực phẩm khô,214
SP007353,Mì ly Modern lẩu thái tôm 65g (Lô 117),Ly,9975,8,Mì gói & Thực phẩm khô,221
SP007354,Nước rửa chén Sunlight chanh can 3.6kg (Lô 117),Can,114450,10,Hóa mỹ phẩm & Tẩy rửa,228
SP007355,Nước giặt OMO Matic cửa trên túi 3.6kg (Lô 117),Túi,183750,10,Hóa mỹ phẩm & Tẩy rửa,235
SP007356,Nước xả vải Comfort đậm đặc túi 3.2L (Lô 117),Túi,198450,10,Hóa mỹ phẩm & Tẩy rửa,242
SP007357,Dầu gội Clear thảo dược mát lạnh 630g (Lô 117),Chai,173250,10,Hóa mỹ phẩm & Tẩy rửa,249
SP007358,Dầu gội Pantene suôn mượt 650ml (Lô 117),Chai,162750,10,Hóa mỹ phẩm & Tẩy rửa,256
SP007359,Sữa tắm Lifebuoy bảo vệ vượt trội 800g (Lô 117),Chai,156450,10,Hóa mỹ phẩm & Tẩy rửa,263
SP007360,Kem đánh răng Colgate Total 12 180g (Lô 117),Tuýp,44100,10,Hóa mỹ phẩm & Tẩy rửa,270
SP007361,Bàn chải đánh răng P/S than tre (Lô 117),Cái,18900,10,Hóa mỹ phẩm & Tẩy rửa,277
SP007362,Nước lau sàn Sunlight hoa lily túi 3.6kg (Lô 117),Túi,89250,10,Hóa mỹ phẩm & Tẩy rửa,284
SP007363,Xịt muỗi Raid hương cam chanh 600ml (Lô 117),Chai,71400,10,Hóa mỹ phẩm & Tẩy rửa,291
SP007364,Giấy vệ sinh cuộn cao cấp Pulppy lốc 10 cuộn (Lô 117),Lốc,96600,8,Đồ gia dụng & Tiện ích,298
SP007365,Khăn giấy lụa rút Paseo 200 tờ (Lô 117),Hộp,26250,8,Đồ gia dụng & Tiện ích,305
SP007366,Màng bọc thực phẩm PE Sunhouse 30cmx150m (Lô 117),Hộp,78750,8,Đồ gia dụng & Tiện ích,312
SP007367,Túi rác đen tự hủy sinh học Opec 3 cuộn (Lô 117),Gói,39900,8,Đồ gia dụng & Tiện ích,319
SP007368,Băng dính dán thùng trong suốt 5cm x 100y (Lô 117),Cuộn,16800,8,Đồ gia dụng & Tiện ích,326
SP007369,Pin tiểu AA Panasonic vỉ 4 viên (Lô 117),Vỉ,27300,8,Đồ gia dụng & Tiện ích,333
SP007370,Khẩu trang y tế 4 lớp kháng khuẩn hộp 50 cái (Lô 117),Hộp,36750,8,Đồ gia dụng & Tiện ích,340
SP007371,Nước rửa tay Lifebuoy hương chanh chai 450ml (Lô 117),Chai,54600,8,Đồ gia dụng & Tiện ích,347
SP007372,Coca Cola Sleek 320ml (Lô 118),Lon,12100,8,Đồ uống & Giải khát,354
SP007373,Pepsi Sleek 320ml (Lô 118),Lon,11550,8,Đồ uống & Giải khát,361
SP007374,Nước cam ép Twister 450ml (Lô 118),Chai,13200,8,Đồ uống & Giải khát,368
SP007375,Trà xanh Không Độ 455ml (Lô 118),Chai,11000,8,Đồ uống & Giải khát,375
SP007376,Trà Ô Long Tea+ Plus 455ml (Lô 118),Chai,13200,8,Đồ uống & Giải khát,382
SP007377,Nước tăng lực Red Bull 250ml (Lô 118),Lon,15400,8,Đồ uống & Giải khát,389
SP007378,Nước khoáng Lavie 500ml (Lô 118),Chai,6600,8,Đồ uống & Giải khát,396
SP007379,Nước tinh khiết Aquafina 500ml (Lô 118),Chai,6600,8,Đồ uống & Giải khát,403
SP007380,Cà phê sữa đá Highlands 235ml (Lô 118),Lon,17600,8,Đồ uống & Giải khát,410
SP007381,Bia Heineken Sleek 330ml (Lô 118),Lon,24200,10,Đồ uống & Giải khát,417
SP007382,Bia Tiger Crystal 330ml (Lô 118),Lon,21450,10,Đồ uống & Giải khát,424
SP007383,Bia Sài Gòn Special 330ml (Lô 118),Lon,18150,10,Đồ uống & Giải khát,431
SP007384,Sữa tươi tiệt trùng Vinamilk 180ml (Lô 118),Hộp,9350,0,Đồ uống & Giải khát,438
SP007385,Sữa chua uống Susu 110ml (Lô 118),Chai,7150,0,Đồ uống & Giải khát,445
SP007386,Nước ép bưởi hồng Vfresh 1L (Lô 118),Hộp,42900,8,Đồ uống & Giải khát,452
SP007387,Bánh ChocoPie Orion hộp 12 cái (Lô 118),Hộp,63800,8,Bánh kẹo & Ăn vặt,459
SP007388,Bánh Cosy mè giòn rụm Kinh Đô 288g (Lô 118),Gói,31900,8,Bánh kẹo & Ăn vặt,466
SP007389,Snack khoai tây Ostar vị tảo biển 90g (Lô 118),Gói,20900,8,Bánh kẹo & Ăn vặt,473
SP007390,Snack khoai tây Lay's tự nhiên 95g (Lô 118),Gói,23100,8,Bánh kẹo & Ăn vặt,480
SP007391,Bánh que Pocky socola Glico 40g (Lô 118),Hộp,15400,8,Bánh kẹo & Ăn vặt,487
SP007392,Kẹo dẻo Chupa Chups Sour Tubes 160g (Lô 118),Gói,26400,8,Bánh kẹo & Ăn vặt,494
SP007393,Bánh mì tươi nhân bơ sữa Kinh Đô 80g (Lô 118),Cái,9900,8,Bánh kẹo & Ăn vặt,51
SP007394,Bánh xốp Nabati phô mai 130g (Lô 118),Hộp,13200,8,Bánh kẹo & Ăn vặt,58
SP007395,Hạt điều rang muối vỏ lụa Bình Phước 500g (Lô 118),Hộp,148500,8,Bánh kẹo & Ăn vặt,65
SP007396,Hạt hướng dương Chacheer 130g (Lô 118),Gói,16500,8,Bánh kẹo & Ăn vặt,72
SP007397,Rong biển sấy vị truyền thống TaoKaeNoi 32g (Lô 118),Gói,28600,8,Bánh kẹo & Ăn vặt,79
SP007398,Nước mắm Nam Ngư Đệ Nhị chai 900ml (Lô 118),Chai,30800,8,Gia vị & Đồ nấu nướng,86
SP007399,Nước mắm Chinsu Cá Hồi chai 500ml (Lô 118),Chai,51700,8,Gia vị & Đồ nấu nướng,93
SP007400,Dầu ăn Simply đậu nành can 1L (Lô 118),Chai,64900,8,Gia vị & Đồ nấu nướng,100
SP007401,Dầu ăn Neptune Gold can 2L (Lô 118),Chai,148500,8,Gia vị & Đồ nấu nướng,107
SP007402,Hạt nêm Knorr thịt thăn xương ống 400g (Lô 118),Gói,40700,8,Gia vị & Đồ nấu nướng,114
SP007403,Bột ngọt Ajinomoto gói 454g (Lô 118),Gói,37400,8,Gia vị & Đồ nấu nướng,121
SP007404,Tương ớt Chinsu nắp bật 250g (Lô 118),Chai,16500,8,Gia vị & Đồ nấu nướng,128
SP007405,Tương cà Cholimex chai 330g (Lô 118),Chai,17600,8,Gia vị & Đồ nấu nướng,135
SP007406,Muối I-ốt Bạc Liêu túi 500g (Lô 118),Gói,6600,8,Gia vị & Đồ nấu nướng,142
SP007407,Đường tinh luyện Biên Hòa Daily 1kg (Lô 118),Gói,34100,8,Gia vị & Đồ nấu nướng,149
SP007408,Mì tôm Hảo Hảo tôm chua cay 75g (Lô 118),Gói,4950,8,Mì gói & Thực phẩm khô,156
SP007409,Mì Omachi sườn hầm ngũ quả 80g (Lô 118),Gói,9350,8,Mì gói & Thực phẩm khô,163
SP007410,Mì trộn Indomie Mi Goreng 85g (Lô 118),Gói,7150,8,Mì gói & Thực phẩm khô,170
SP007411,Phở gà Đệ Nhất Acecook 68g (Lô 118),Gói,8800,8,Mì gói & Thực phẩm khô,177
SP007412,Miến Phú Hương yến tiệc 210g (Lô 118),Gói,24200,8,Mì gói & Thực phẩm khô,184
SP007413,Cháo thịt bằm Cung Đình gói 50g (Lô 118),Gói,7700,8,Mì gói & Thực phẩm khô,191
SP007414,Cá nục sốt cà 3 Cô Gái lon 155g (Lô 118),Lon,20900,8,Mì gói & Thực phẩm khô,198
SP007415,Pate thịt heo Hạ Long lon 150g (Lô 118),Lon,29700,8,Mì gói & Thực phẩm khô,205
SP007416,Mì ly Modern lẩu thái tôm 65g (Lô 118),Ly,10450,8,Mì gói & Thực phẩm khô,212
SP007417,Nước rửa chén Sunlight chanh can 3.6kg (Lô 118),Can,119900,10,Hóa mỹ phẩm & Tẩy rửa,219
SP007418,Nước giặt OMO Matic cửa trên túi 3.6kg (Lô 118),Túi,192500,10,Hóa mỹ phẩm & Tẩy rửa,226
SP007419,Nước xả vải Comfort đậm đặc túi 3.2L (Lô 118),Túi,207900,10,Hóa mỹ phẩm & Tẩy rửa,233
SP007420,Dầu gội Clear thảo dược mát lạnh 630g (Lô 118),Chai,181500,10,Hóa mỹ phẩm & Tẩy rửa,240
SP007421,Dầu gội Pantene suôn mượt 650ml (Lô 118),Chai,170500,10,Hóa mỹ phẩm & Tẩy rửa,247
SP007422,Sữa tắm Lifebuoy bảo vệ vượt trội 800g (Lô 118),Chai,163900,10,Hóa mỹ phẩm & Tẩy rửa,254
SP007423,Kem đánh răng Colgate Total 12 180g (Lô 118),Tuýp,46200,10,Hóa mỹ phẩm & Tẩy rửa,261
SP007424,Bàn chải đánh răng P/S than tre (Lô 118),Cái,19800,10,Hóa mỹ phẩm & Tẩy rửa,268
SP007425,Nước lau sàn Sunlight hoa lily túi 3.6kg (Lô 118),Túi,93500,10,Hóa mỹ phẩm & Tẩy rửa,275
SP007426,Xịt muỗi Raid hương cam chanh 600ml (Lô 118),Chai,74800,10,Hóa mỹ phẩm & Tẩy rửa,282
SP007427,Giấy vệ sinh cuộn cao cấp Pulppy lốc 10 cuộn (Lô 118),Lốc,101200,8,Đồ gia dụng & Tiện ích,289
SP007428,Khăn giấy lụa rút Paseo 200 tờ (Lô 118),Hộp,27500,8,Đồ gia dụng & Tiện ích,296
SP007429,Màng bọc thực phẩm PE Sunhouse 30cmx150m (Lô 118),Hộp,82500,8,Đồ gia dụng & Tiện ích,303
SP007430,Túi rác đen tự hủy sinh học Opec 3 cuộn (Lô 118),Gói,41800,8,Đồ gia dụng & Tiện ích,310
SP007431,Băng dính dán thùng trong suốt 5cm x 100y (Lô 118),Cuộn,17600,8,Đồ gia dụng & Tiện ích,317
SP007432,Pin tiểu AA Panasonic vỉ 4 viên (Lô 118),Vỉ,28600,8,Đồ gia dụng & Tiện ích,324
SP007433,Khẩu trang y tế 4 lớp kháng khuẩn hộp 50 cái (Lô 118),Hộp,38500,8,Đồ gia dụng & Tiện ích,331
SP007434,Nước rửa tay Lifebuoy hương chanh chai 450ml (Lô 118),Chai,57200,8,Đồ gia dụng & Tiện ích,338
SP007435,Coca Cola Sleek 320ml (Lô 119),Lon,12649,8,Đồ uống & Giải khát,345
SP007436,Pepsi Sleek 320ml (Lô 119),Lon,12074,8,Đồ uống & Giải khát,352
SP007437,Nước cam ép Twister 450ml (Lô 119),Chai,13799,8,Đồ uống & Giải khát,359
SP007438,Trà xanh Không Độ 455ml (Lô 119),Chai,11500,8,Đồ uống & Giải khát,366
SP007439,Trà Ô Long Tea+ Plus 455ml (Lô 119),Chai,13799,8,Đồ uống & Giải khát,373
SP007440,Nước tăng lực Red Bull 250ml (Lô 119),Lon,16099,8,Đồ uống & Giải khát,380
SP007441,Nước khoáng Lavie 500ml (Lô 119),Chai,6899,8,Đồ uống & Giải khát,387
SP007442,Nước tinh khiết Aquafina 500ml (Lô 119),Chai,6899,8,Đồ uống & Giải khát,394
SP007443,Cà phê sữa đá Highlands 235ml (Lô 119),Lon,18400,8,Đồ uống & Giải khát,401
SP007444,Bia Heineken Sleek 330ml (Lô 119),Lon,25299,10,Đồ uống & Giải khát,408
SP007445,Bia Tiger Crystal 330ml (Lô 119),Lon,22425,10,Đồ uống & Giải khát,415
SP007446,Bia Sài Gòn Special 330ml (Lô 119),Lon,18975,10,Đồ uống & Giải khát,422
SP007447,Sữa tươi tiệt trùng Vinamilk 180ml (Lô 119),Hộp,9775,0,Đồ uống & Giải khát,429
SP007448,Sữa chua uống Susu 110ml (Lô 119),Chai,7474,0,Đồ uống & Giải khát,436
SP007449,Nước ép bưởi hồng Vfresh 1L (Lô 119),Hộp,44850,8,Đồ uống & Giải khát,443
SP007450,Bánh ChocoPie Orion hộp 12 cái (Lô 119),Hộp,66700,8,Bánh kẹo & Ăn vặt,450
SP007451,Bánh Cosy mè giòn rụm Kinh Đô 288g (Lô 119),Gói,33350,8,Bánh kẹo & Ăn vặt,457
SP007452,Snack khoai tây Ostar vị tảo biển 90g (Lô 119),Gói,21850,8,Bánh kẹo & Ăn vặt,464
SP007453,Snack khoai tây Lay's tự nhiên 95g (Lô 119),Gói,24149,8,Bánh kẹo & Ăn vặt,471
SP007454,Bánh que Pocky socola Glico 40g (Lô 119),Hộp,16099,8,Bánh kẹo & Ăn vặt,478
SP007455,Kẹo dẻo Chupa Chups Sour Tubes 160g (Lô 119),Gói,27599,8,Bánh kẹo & Ăn vặt,485
SP007456,Bánh mì tươi nhân bơ sữa Kinh Đô 80g (Lô 119),Cái,10350,8,Bánh kẹo & Ăn vặt,492
SP007457,Bánh xốp Nabati phô mai 130g (Lô 119),Hộp,13799,8,Bánh kẹo & Ăn vặt,499
SP007458,Hạt điều rang muối vỏ lụa Bình Phước 500g (Lô 119),Hộp,155250,8,Bánh kẹo & Ăn vặt,56
SP007459,Hạt hướng dương Chacheer 130g (Lô 119),Gói,17250,8,Bánh kẹo & Ăn vặt,63
SP007460,Rong biển sấy vị truyền thống TaoKaeNoi 32g (Lô 119),Gói,29899,8,Bánh kẹo & Ăn vặt,70
SP007461,Nước mắm Nam Ngư Đệ Nhị chai 900ml (Lô 119),Chai,32199,8,Gia vị & Đồ nấu nướng,77
SP007462,Nước mắm Chinsu Cá Hồi chai 500ml (Lô 119),Chai,54049,8,Gia vị & Đồ nấu nướng,84
SP007463,Dầu ăn Simply đậu nành can 1L (Lô 119),Chai,67850,8,Gia vị & Đồ nấu nướng,91
SP007464,Dầu ăn Neptune Gold can 2L (Lô 119),Chai,155250,8,Gia vị & Đồ nấu nướng,98
SP007465,Hạt nêm Knorr thịt thăn xương ống 400g (Lô 119),Gói,42550,8,Gia vị & Đồ nấu nướng,105
SP007466,Bột ngọt Ajinomoto gói 454g (Lô 119),Gói,39100,8,Gia vị & Đồ nấu nướng,112
SP007467,Tương ớt Chinsu nắp bật 250g (Lô 119),Chai,17250,8,Gia vị & Đồ nấu nướng,119
SP007468,Tương cà Cholimex chai 330g (Lô 119),Chai,18400,8,Gia vị & Đồ nấu nướng,126
SP007469,Muối I-ốt Bạc Liêu túi 500g (Lô 119),Gói,6899,8,Gia vị & Đồ nấu nướng,133
SP007470,Đường tinh luyện Biên Hòa Daily 1kg (Lô 119),Gói,35650,8,Gia vị & Đồ nấu nướng,140
SP007471,Mì tôm Hảo Hảo tôm chua cay 75g (Lô 119),Gói,5175,8,Mì gói & Thực phẩm khô,147
SP007472,Mì Omachi sườn hầm ngũ quả 80g (Lô 119),Gói,9775,8,Mì gói & Thực phẩm khô,154
SP007473,Mì trộn Indomie Mi Goreng 85g (Lô 119),Gói,7474,8,Mì gói & Thực phẩm khô,161
SP007474,Phở gà Đệ Nhất Acecook 68g (Lô 119),Gói,9200,8,Mì gói & Thực phẩm khô,168
SP007475,Miến Phú Hương yến tiệc 210g (Lô 119),Gói,25299,8,Mì gói & Thực phẩm khô,175
SP007476,Cháo thịt bằm Cung Đình gói 50g (Lô 119),Gói,8049,8,Mì gói & Thực phẩm khô,182
SP007477,Cá nục sốt cà 3 Cô Gái lon 155g (Lô 119),Lon,21850,8,Mì gói & Thực phẩm khô,189
SP007478,Pate thịt heo Hạ Long lon 150g (Lô 119),Lon,31049,8,Mì gói & Thực phẩm khô,196
SP007479,Mì ly Modern lẩu thái tôm 65g (Lô 119),Ly,10925,8,Mì gói & Thực phẩm khô,203
SP007480,Nước rửa chén Sunlight chanh can 3.6kg (Lô 119),Can,125349,10,Hóa mỹ phẩm & Tẩy rửa,210
SP007481,Nước giặt OMO Matic cửa trên túi 3.6kg (Lô 119),Túi,201249,10,Hóa mỹ phẩm & Tẩy rửa,217
SP007482,Nước xả vải Comfort đậm đặc túi 3.2L (Lô 119),Túi,217349,10,Hóa mỹ phẩm & Tẩy rửa,224
SP007483,Dầu gội Clear thảo dược mát lạnh 630g (Lô 119),Chai,189749,10,Hóa mỹ phẩm & Tẩy rửa,231
SP007484,Dầu gội Pantene suôn mượt 650ml (Lô 119),Chai,178250,10,Hóa mỹ phẩm & Tẩy rửa,238
SP007485,Sữa tắm Lifebuoy bảo vệ vượt trội 800g (Lô 119),Chai,171350,10,Hóa mỹ phẩm & Tẩy rửa,245
SP007486,Kem đánh răng Colgate Total 12 180g (Lô 119),Tuýp,48299,10,Hóa mỹ phẩm & Tẩy rửa,252
SP007487,Bàn chải đánh răng P/S than tre (Lô 119),Cái,20700,10,Hóa mỹ phẩm & Tẩy rửa,259
SP007488,Nước lau sàn Sunlight hoa lily túi 3.6kg (Lô 119),Túi,97749,10,Hóa mỹ phẩm & Tẩy rửa,266
SP007489,Xịt muỗi Raid hương cam chanh 600ml (Lô 119),Chai,78200,10,Hóa mỹ phẩm & Tẩy rửa,273
SP007490,Giấy vệ sinh cuộn cao cấp Pulppy lốc 10 cuộn (Lô 119),Lốc,105799,8,Đồ gia dụng & Tiện ích,280
SP007491,Khăn giấy lụa rút Paseo 200 tờ (Lô 119),Hộp,28749,8,Đồ gia dụng & Tiện ích,287
SP007492,Màng bọc thực phẩm PE Sunhouse 30cmx150m (Lô 119),Hộp,86250,8,Đồ gia dụng & Tiện ích,294
SP007493,Túi rác đen tự hủy sinh học Opec 3 cuộn (Lô 119),Gói,43700,8,Đồ gia dụng & Tiện ích,301
SP007494,Băng dính dán thùng trong suốt 5cm x 100y (Lô 119),Cuộn,18400,8,Đồ gia dụng & Tiện ích,308
SP007495,Pin tiểu AA Panasonic vỉ 4 viên (Lô 119),Vỉ,29899,8,Đồ gia dụng & Tiện ích,315
SP007496,Khẩu trang y tế 4 lớp kháng khuẩn hộp 50 cái (Lô 119),Hộp,40250,8,Đồ gia dụng & Tiện ích,322
SP007497,Nước rửa tay Lifebuoy hương chanh chai 450ml (Lô 119),Chai,59799,8,Đồ gia dụng & Tiện ích,329
SP007498,Coca Cola Sleek 320ml (Lô 120),Lon,13200,8,Đồ uống & Giải khát,336
SP007499,Pepsi Sleek 320ml (Lô 120),Lon,12600,8,Đồ uống & Giải khát,343
SP007500,Nước cam ép Twister 450ml (Lô 120),Chai,14400,8,Đồ uống & Giải khát,350
SP007501,Trà xanh Không Độ 455ml (Lô 120),Chai,12000,8,Đồ uống & Giải khát,357
SP007502,Trà Ô Long Tea+ Plus 455ml (Lô 120),Chai,14400,8,Đồ uống & Giải khát,364
SP007503,Nước tăng lực Red Bull 250ml (Lô 120),Lon,16800,8,Đồ uống & Giải khát,371
SP007504,Nước khoáng Lavie 500ml (Lô 120),Chai,7200,8,Đồ uống & Giải khát,378
SP007505,Nước tinh khiết Aquafina 500ml (Lô 120),Chai,7200,8,Đồ uống & Giải khát,385
SP007506,Cà phê sữa đá Highlands 235ml (Lô 120),Lon,19200,8,Đồ uống & Giải khát,392
SP007507,Bia Heineken Sleek 330ml (Lô 120),Lon,26400,10,Đồ uống & Giải khát,399
SP007508,Bia Tiger Crystal 330ml (Lô 120),Lon,23400,10,Đồ uống & Giải khát,406
SP007509,Bia Sài Gòn Special 330ml (Lô 120),Lon,19800,10,Đồ uống & Giải khát,413
SP007510,Sữa tươi tiệt trùng Vinamilk 180ml (Lô 120),Hộp,10200,0,Đồ uống & Giải khát,420
SP007511,Sữa chua uống Susu 110ml (Lô 120),Chai,7800,0,Đồ uống & Giải khát,427
SP007512,Nước ép bưởi hồng Vfresh 1L (Lô 120),Hộp,46800,8,Đồ uống & Giải khát,434
SP007513,Bánh ChocoPie Orion hộp 12 cái (Lô 120),Hộp,69600,8,Bánh kẹo & Ăn vặt,441
SP007514,Bánh Cosy mè giòn rụm Kinh Đô 288g (Lô 120),Gói,34800,8,Bánh kẹo & Ăn vặt,448
SP007515,Snack khoai tây Ostar vị tảo biển 90g (Lô 120),Gói,22800,8,Bánh kẹo & Ăn vặt,455
SP007516,Snack khoai tây Lay's tự nhiên 95g (Lô 120),Gói,25200,8,Bánh kẹo & Ăn vặt,462
SP007517,Bánh que Pocky socola Glico 40g (Lô 120),Hộp,16800,8,Bánh kẹo & Ăn vặt,469
SP007518,Kẹo dẻo Chupa Chups Sour Tubes 160g (Lô 120),Gói,28800,8,Bánh kẹo & Ăn vặt,476
SP007519,Bánh mì tươi nhân bơ sữa Kinh Đô 80g (Lô 120),Cái,10800,8,Bánh kẹo & Ăn vặt,483
SP007520,Bánh xốp Nabati phô mai 130g (Lô 120),Hộp,14400,8,Bánh kẹo & Ăn vặt,490
SP007521,Hạt điều rang muối vỏ lụa Bình Phước 500g (Lô 120),Hộp,162000,8,Bánh kẹo & Ăn vặt,497
SP007522,Hạt hướng dương Chacheer 130g (Lô 120),Gói,18000,8,Bánh kẹo & Ăn vặt,54
SP007523,Rong biển sấy vị truyền thống TaoKaeNoi 32g (Lô 120),Gói,31200,8,Bánh kẹo & Ăn vặt,61
SP007524,Nước mắm Nam Ngư Đệ Nhị chai 900ml (Lô 120),Chai,33600,8,Gia vị & Đồ nấu nướng,68
SP007525,Nước mắm Chinsu Cá Hồi chai 500ml (Lô 120),Chai,56400,8,Gia vị & Đồ nấu nướng,75
SP007526,Dầu ăn Simply đậu nành can 1L (Lô 120),Chai,70800,8,Gia vị & Đồ nấu nướng,82
SP007527,Dầu ăn Neptune Gold can 2L (Lô 120),Chai,162000,8,Gia vị & Đồ nấu nướng,89
SP007528,Hạt nêm Knorr thịt thăn xương ống 400g (Lô 120),Gói,44400,8,Gia vị & Đồ nấu nướng,96
SP007529,Bột ngọt Ajinomoto gói 454g (Lô 120),Gói,40800,8,Gia vị & Đồ nấu nướng,103
SP007530,Tương ớt Chinsu nắp bật 250g (Lô 120),Chai,18000,8,Gia vị & Đồ nấu nướng,110
SP007531,Tương cà Cholimex chai 330g (Lô 120),Chai,19200,8,Gia vị & Đồ nấu nướng,117
SP007532,Muối I-ốt Bạc Liêu túi 500g (Lô 120),Gói,7200,8,Gia vị & Đồ nấu nướng,124
SP007533,Đường tinh luyện Biên Hòa Daily 1kg (Lô 120),Gói,37200,8,Gia vị & Đồ nấu nướng,131
SP007534,Mì tôm Hảo Hảo tôm chua cay 75g (Lô 120),Gói,5400,8,Mì gói & Thực phẩm khô,138
SP007535,Mì Omachi sườn hầm ngũ quả 80g (Lô 120),Gói,10200,8,Mì gói & Thực phẩm khô,145
SP007536,Mì trộn Indomie Mi Goreng 85g (Lô 120),Gói,7800,8,Mì gói & Thực phẩm khô,152
SP007537,Phở gà Đệ Nhất Acecook 68g (Lô 120),Gói,9600,8,Mì gói & Thực phẩm khô,159
SP007538,Miến Phú Hương yến tiệc 210g (Lô 120),Gói,26400,8,Mì gói & Thực phẩm khô,166
SP007539,Cháo thịt bằm Cung Đình gói 50g (Lô 120),Gói,8400,8,Mì gói & Thực phẩm khô,173
SP007540,Cá nục sốt cà 3 Cô Gái lon 155g (Lô 120),Lon,22800,8,Mì gói & Thực phẩm khô,180
SP007541,Pate thịt heo Hạ Long lon 150g (Lô 120),Lon,32400,8,Mì gói & Thực phẩm khô,187
SP007542,Mì ly Modern lẩu thái tôm 65g (Lô 120),Ly,11400,8,Mì gói & Thực phẩm khô,194
SP007543,Nước rửa chén Sunlight chanh can 3.6kg (Lô 120),Can,130800,10,Hóa mỹ phẩm & Tẩy rửa,201
SP007544,Nước giặt OMO Matic cửa trên túi 3.6kg (Lô 120),Túi,210000,10,Hóa mỹ phẩm & Tẩy rửa,208
SP007545,Nước xả vải Comfort đậm đặc túi 3.2L (Lô 120),Túi,226800,10,Hóa mỹ phẩm & Tẩy rửa,215
SP007546,Dầu gội Clear thảo dược mát lạnh 630g (Lô 120),Chai,198000,10,Hóa mỹ phẩm & Tẩy rửa,222
SP007547,Dầu gội Pantene suôn mượt 650ml (Lô 120),Chai,186000,10,Hóa mỹ phẩm & Tẩy rửa,229
SP007548,Sữa tắm Lifebuoy bảo vệ vượt trội 800g (Lô 120),Chai,178800,10,Hóa mỹ phẩm & Tẩy rửa,236
SP007549,Kem đánh răng Colgate Total 12 180g (Lô 120),Tuýp,50400,10,Hóa mỹ phẩm & Tẩy rửa,243
SP007550,Bàn chải đánh răng P/S than tre (Lô 120),Cái,21600,10,Hóa mỹ phẩm & Tẩy rửa,250
SP007551,Nước lau sàn Sunlight hoa lily túi 3.6kg (Lô 120),Túi,102000,10,Hóa mỹ phẩm & Tẩy rửa,257
SP007552,Xịt muỗi Raid hương cam chanh 600ml (Lô 120),Chai,81600,10,Hóa mỹ phẩm & Tẩy rửa,264
SP007553,Giấy vệ sinh cuộn cao cấp Pulppy lốc 10 cuộn (Lô 120),Lốc,110400,8,Đồ gia dụng & Tiện ích,271
SP007554,Khăn giấy lụa rút Paseo 200 tờ (Lô 120),Hộp,30000,8,Đồ gia dụng & Tiện ích,278
SP007555,Màng bọc thực phẩm PE Sunhouse 30cmx150m (Lô 120),Hộp,90000,8,Đồ gia dụng & Tiện ích,285
SP007556,Túi rác đen tự hủy sinh học Opec 3 cuộn (Lô 120),Gói,45600,8,Đồ gia dụng & Tiện ích,292
SP007557,Băng dính dán thùng trong suốt 5cm x 100y (Lô 120),Cuộn,19200,8,Đồ gia dụng & Tiện ích,299
SP007558,Pin tiểu AA Panasonic vỉ 4 viên (Lô 120),Vỉ,31200,8,Đồ gia dụng & Tiện ích,306
SP007559,Khẩu trang y tế 4 lớp kháng khuẩn hộp 50 cái (Lô 120),Hộp,42000,8,Đồ gia dụng & Tiện ích,313
SP007560,Nước rửa tay Lifebuoy hương chanh chai 450ml (Lô 120),Chai,62400,8,Đồ gia dụng & Tiện ích,320
SP007561,Coca Cola Sleek 320ml (Lô 121),Lon,11000,8,Đồ uống & Giải khát,327
SP007562,Pepsi Sleek 320ml (Lô 121),Lon,10500,8,Đồ uống & Giải khát,334
SP007563,Nước cam ép Twister 450ml (Lô 121),Chai,12000,8,Đồ uống & Giải khát,341
SP007564,Trà xanh Không Độ 455ml (Lô 121),Chai,10000,8,Đồ uống & Giải khát,348
SP007565,Trà Ô Long Tea+ Plus 455ml (Lô 121),Chai,12000,8,Đồ uống & Giải khát,355
SP007566,Nước tăng lực Red Bull 250ml (Lô 121),Lon,14000,8,Đồ uống & Giải khát,362
SP007567,Nước khoáng Lavie 500ml (Lô 121),Chai,6000,8,Đồ uống & Giải khát,369
SP007568,Nước tinh khiết Aquafina 500ml (Lô 121),Chai,6000,8,Đồ uống & Giải khát,376
SP007569,Cà phê sữa đá Highlands 235ml (Lô 121),Lon,16000,8,Đồ uống & Giải khát,383
SP007570,Bia Heineken Sleek 330ml (Lô 121),Lon,22000,10,Đồ uống & Giải khát,390
SP007571,Bia Tiger Crystal 330ml (Lô 121),Lon,19500,10,Đồ uống & Giải khát,397
SP007572,Bia Sài Gòn Special 330ml (Lô 121),Lon,16500,10,Đồ uống & Giải khát,404
SP007573,Sữa tươi tiệt trùng Vinamilk 180ml (Lô 121),Hộp,8500,0,Đồ uống & Giải khát,411
SP007574,Sữa chua uống Susu 110ml (Lô 121),Chai,6500,0,Đồ uống & Giải khát,418
SP007575,Nước ép bưởi hồng Vfresh 1L (Lô 121),Hộp,39000,8,Đồ uống & Giải khát,425
SP007576,Bánh ChocoPie Orion hộp 12 cái (Lô 121),Hộp,58000,8,Bánh kẹo & Ăn vặt,432
SP007577,Bánh Cosy mè giòn rụm Kinh Đô 288g (Lô 121),Gói,29000,8,Bánh kẹo & Ăn vặt,439
SP007578,Snack khoai tây Ostar vị tảo biển 90g (Lô 121),Gói,19000,8,Bánh kẹo & Ăn vặt,446
SP007579,Snack khoai tây Lay's tự nhiên 95g (Lô 121),Gói,21000,8,Bánh kẹo & Ăn vặt,453
SP007580,Bánh que Pocky socola Glico 40g (Lô 121),Hộp,14000,8,Bánh kẹo & Ăn vặt,460
SP007581,Kẹo dẻo Chupa Chups Sour Tubes 160g (Lô 121),Gói,24000,8,Bánh kẹo & Ăn vặt,467
SP007582,Bánh mì tươi nhân bơ sữa Kinh Đô 80g (Lô 121),Cái,9000,8,Bánh kẹo & Ăn vặt,474
SP007583,Bánh xốp Nabati phô mai 130g (Lô 121),Hộp,12000,8,Bánh kẹo & Ăn vặt,481
SP007584,Hạt điều rang muối vỏ lụa Bình Phước 500g (Lô 121),Hộp,135000,8,Bánh kẹo & Ăn vặt,488
SP007585,Hạt hướng dương Chacheer 130g (Lô 121),Gói,15000,8,Bánh kẹo & Ăn vặt,495
SP007586,Rong biển sấy vị truyền thống TaoKaeNoi 32g (Lô 121),Gói,26000,8,Bánh kẹo & Ăn vặt,52
SP007587,Nước mắm Nam Ngư Đệ Nhị chai 900ml (Lô 121),Chai,28000,8,Gia vị & Đồ nấu nướng,59
SP007588,Nước mắm Chinsu Cá Hồi chai 500ml (Lô 121),Chai,47000,8,Gia vị & Đồ nấu nướng,66
SP007589,Dầu ăn Simply đậu nành can 1L (Lô 121),Chai,59000,8,Gia vị & Đồ nấu nướng,73
SP007590,Dầu ăn Neptune Gold can 2L (Lô 121),Chai,135000,8,Gia vị & Đồ nấu nướng,80
SP007591,Hạt nêm Knorr thịt thăn xương ống 400g (Lô 121),Gói,37000,8,Gia vị & Đồ nấu nướng,87
SP007592,Bột ngọt Ajinomoto gói 454g (Lô 121),Gói,34000,8,Gia vị & Đồ nấu nướng,94
SP007593,Tương ớt Chinsu nắp bật 250g (Lô 121),Chai,15000,8,Gia vị & Đồ nấu nướng,101
SP007594,Tương cà Cholimex chai 330g (Lô 121),Chai,16000,8,Gia vị & Đồ nấu nướng,108
SP007595,Muối I-ốt Bạc Liêu túi 500g (Lô 121),Gói,6000,8,Gia vị & Đồ nấu nướng,115
SP007596,Đường tinh luyện Biên Hòa Daily 1kg (Lô 121),Gói,31000,8,Gia vị & Đồ nấu nướng,122
SP007597,Mì tôm Hảo Hảo tôm chua cay 75g (Lô 121),Gói,4500,8,Mì gói & Thực phẩm khô,129
SP007598,Mì Omachi sườn hầm ngũ quả 80g (Lô 121),Gói,8500,8,Mì gói & Thực phẩm khô,136
SP007599,Mì trộn Indomie Mi Goreng 85g (Lô 121),Gói,6500,8,Mì gói & Thực phẩm khô,143
SP007600,Phở gà Đệ Nhất Acecook 68g (Lô 121),Gói,8000,8,Mì gói & Thực phẩm khô,150
SP007601,Miến Phú Hương yến tiệc 210g (Lô 121),Gói,22000,8,Mì gói & Thực phẩm khô,157
SP007602,Cháo thịt bằm Cung Đình gói 50g (Lô 121),Gói,7000,8,Mì gói & Thực phẩm khô,164
SP007603,Cá nục sốt cà 3 Cô Gái lon 155g (Lô 121),Lon,19000,8,Mì gói & Thực phẩm khô,171
SP007604,Pate thịt heo Hạ Long lon 150g (Lô 121),Lon,27000,8,Mì gói & Thực phẩm khô,178
SP007605,Mì ly Modern lẩu thái tôm 65g (Lô 121),Ly,9500,8,Mì gói & Thực phẩm khô,185
SP007606,Nước rửa chén Sunlight chanh can 3.6kg (Lô 121),Can,109000,10,Hóa mỹ phẩm & Tẩy rửa,192
SP007607,Nước giặt OMO Matic cửa trên túi 3.6kg (Lô 121),Túi,175000,10,Hóa mỹ phẩm & Tẩy rửa,199
SP007608,Nước xả vải Comfort đậm đặc túi 3.2L (Lô 121),Túi,189000,10,Hóa mỹ phẩm & Tẩy rửa,206
SP007609,Dầu gội Clear thảo dược mát lạnh 630g (Lô 121),Chai,165000,10,Hóa mỹ phẩm & Tẩy rửa,213
SP007610,Dầu gội Pantene suôn mượt 650ml (Lô 121),Chai,155000,10,Hóa mỹ phẩm & Tẩy rửa,220
SP007611,Sữa tắm Lifebuoy bảo vệ vượt trội 800g (Lô 121),Chai,149000,10,Hóa mỹ phẩm & Tẩy rửa,227
SP007612,Kem đánh răng Colgate Total 12 180g (Lô 121),Tuýp,42000,10,Hóa mỹ phẩm & Tẩy rửa,234
SP007613,Bàn chải đánh răng P/S than tre (Lô 121),Cái,18000,10,Hóa mỹ phẩm & Tẩy rửa,241
SP007614,Nước lau sàn Sunlight hoa lily túi 3.6kg (Lô 121),Túi,85000,10,Hóa mỹ phẩm & Tẩy rửa,248
SP007615,Xịt muỗi Raid hương cam chanh 600ml (Lô 121),Chai,68000,10,Hóa mỹ phẩm & Tẩy rửa,255
SP007616,Giấy vệ sinh cuộn cao cấp Pulppy lốc 10 cuộn (Lô 121),Lốc,92000,8,Đồ gia dụng & Tiện ích,262
SP007617,Khăn giấy lụa rút Paseo 200 tờ (Lô 121),Hộp,25000,8,Đồ gia dụng & Tiện ích,269
SP007618,Màng bọc thực phẩm PE Sunhouse 30cmx150m (Lô 121),Hộp,75000,8,Đồ gia dụng & Tiện ích,276
SP007619,Túi rác đen tự hủy sinh học Opec 3 cuộn (Lô 121),Gói,38000,8,Đồ gia dụng & Tiện ích,283
SP007620,Băng dính dán thùng trong suốt 5cm x 100y (Lô 121),Cuộn,16000,8,Đồ gia dụng & Tiện ích,290
SP007621,Pin tiểu AA Panasonic vỉ 4 viên (Lô 121),Vỉ,26000,8,Đồ gia dụng & Tiện ích,297
SP007622,Khẩu trang y tế 4 lớp kháng khuẩn hộp 50 cái (Lô 121),Hộp,35000,8,Đồ gia dụng & Tiện ích,304
SP007623,Nước rửa tay Lifebuoy hương chanh chai 450ml (Lô 121),Chai,52000,8,Đồ gia dụng & Tiện ích,311
SP007624,Coca Cola Sleek 320ml (Lô 122),Lon,11550,8,Đồ uống & Giải khát,318
SP007625,Pepsi Sleek 320ml (Lô 122),Lon,11025,8,Đồ uống & Giải khát,325
SP007626,Nước cam ép Twister 450ml (Lô 122),Chai,12600,8,Đồ uống & Giải khát,332
SP007627,Trà xanh Không Độ 455ml (Lô 122),Chai,10500,8,Đồ uống & Giải khát,339
SP007628,Trà Ô Long Tea+ Plus 455ml (Lô 122),Chai,12600,8,Đồ uống & Giải khát,346
SP007629,Nước tăng lực Red Bull 250ml (Lô 122),Lon,14700,8,Đồ uống & Giải khát,353
SP007630,Nước khoáng Lavie 500ml (Lô 122),Chai,6300,8,Đồ uống & Giải khát,360
SP007631,Nước tinh khiết Aquafina 500ml (Lô 122),Chai,6300,8,Đồ uống & Giải khát,367
SP007632,Cà phê sữa đá Highlands 235ml (Lô 122),Lon,16800,8,Đồ uống & Giải khát,374
SP007633,Bia Heineken Sleek 330ml (Lô 122),Lon,23100,10,Đồ uống & Giải khát,381
SP007634,Bia Tiger Crystal 330ml (Lô 122),Lon,20475,10,Đồ uống & Giải khát,388
SP007635,Bia Sài Gòn Special 330ml (Lô 122),Lon,17325,10,Đồ uống & Giải khát,395
SP007636,Sữa tươi tiệt trùng Vinamilk 180ml (Lô 122),Hộp,8925,0,Đồ uống & Giải khát,402
SP007637,Sữa chua uống Susu 110ml (Lô 122),Chai,6825,0,Đồ uống & Giải khát,409
SP007638,Nước ép bưởi hồng Vfresh 1L (Lô 122),Hộp,40950,8,Đồ uống & Giải khát,416
SP007639,Bánh ChocoPie Orion hộp 12 cái (Lô 122),Hộp,60900,8,Bánh kẹo & Ăn vặt,423
SP007640,Bánh Cosy mè giòn rụm Kinh Đô 288g (Lô 122),Gói,30450,8,Bánh kẹo & Ăn vặt,430
SP007641,Snack khoai tây Ostar vị tảo biển 90g (Lô 122),Gói,19950,8,Bánh kẹo & Ăn vặt,437
SP007642,Snack khoai tây Lay's tự nhiên 95g (Lô 122),Gói,22050,8,Bánh kẹo & Ăn vặt,444
SP007643,Bánh que Pocky socola Glico 40g (Lô 122),Hộp,14700,8,Bánh kẹo & Ăn vặt,451
SP007644,Kẹo dẻo Chupa Chups Sour Tubes 160g (Lô 122),Gói,25200,8,Bánh kẹo & Ăn vặt,458
SP007645,Bánh mì tươi nhân bơ sữa Kinh Đô 80g (Lô 122),Cái,9450,8,Bánh kẹo & Ăn vặt,465
SP007646,Bánh xốp Nabati phô mai 130g (Lô 122),Hộp,12600,8,Bánh kẹo & Ăn vặt,472
SP007647,Hạt điều rang muối vỏ lụa Bình Phước 500g (Lô 122),Hộp,141750,8,Bánh kẹo & Ăn vặt,479
SP007648,Hạt hướng dương Chacheer 130g (Lô 122),Gói,15750,8,Bánh kẹo & Ăn vặt,486
SP007649,Rong biển sấy vị truyền thống TaoKaeNoi 32g (Lô 122),Gói,27300,8,Bánh kẹo & Ăn vặt,493
SP007650,Nước mắm Nam Ngư Đệ Nhị chai 900ml (Lô 122),Chai,29400,8,Gia vị & Đồ nấu nướng,50
SP007651,Nước mắm Chinsu Cá Hồi chai 500ml (Lô 122),Chai,49350,8,Gia vị & Đồ nấu nướng,57
SP007652,Dầu ăn Simply đậu nành can 1L (Lô 122),Chai,61950,8,Gia vị & Đồ nấu nướng,64
SP007653,Dầu ăn Neptune Gold can 2L (Lô 122),Chai,141750,8,Gia vị & Đồ nấu nướng,71
SP007654,Hạt nêm Knorr thịt thăn xương ống 400g (Lô 122),Gói,38850,8,Gia vị & Đồ nấu nướng,78
SP007655,Bột ngọt Ajinomoto gói 454g (Lô 122),Gói,35700,8,Gia vị & Đồ nấu nướng,85
SP007656,Tương ớt Chinsu nắp bật 250g (Lô 122),Chai,15750,8,Gia vị & Đồ nấu nướng,92
SP007657,Tương cà Cholimex chai 330g (Lô 122),Chai,16800,8,Gia vị & Đồ nấu nướng,99
SP007658,Muối I-ốt Bạc Liêu túi 500g (Lô 122),Gói,6300,8,Gia vị & Đồ nấu nướng,106
SP007659,Đường tinh luyện Biên Hòa Daily 1kg (Lô 122),Gói,32550,8,Gia vị & Đồ nấu nướng,113
SP007660,Mì tôm Hảo Hảo tôm chua cay 75g (Lô 122),Gói,4725,8,Mì gói & Thực phẩm khô,120
SP007661,Mì Omachi sườn hầm ngũ quả 80g (Lô 122),Gói,8925,8,Mì gói & Thực phẩm khô,127
SP007662,Mì trộn Indomie Mi Goreng 85g (Lô 122),Gói,6825,8,Mì gói & Thực phẩm khô,134
SP007663,Phở gà Đệ Nhất Acecook 68g (Lô 122),Gói,8400,8,Mì gói & Thực phẩm khô,141
SP007664,Miến Phú Hương yến tiệc 210g (Lô 122),Gói,23100,8,Mì gói & Thực phẩm khô,148
SP007665,Cháo thịt bằm Cung Đình gói 50g (Lô 122),Gói,7350,8,Mì gói & Thực phẩm khô,155
SP007666,Cá nục sốt cà 3 Cô Gái lon 155g (Lô 122),Lon,19950,8,Mì gói & Thực phẩm khô,162
SP007667,Pate thịt heo Hạ Long lon 150g (Lô 122),Lon,28350,8,Mì gói & Thực phẩm khô,169
SP007668,Mì ly Modern lẩu thái tôm 65g (Lô 122),Ly,9975,8,Mì gói & Thực phẩm khô,176
SP007669,Nước rửa chén Sunlight chanh can 3.6kg (Lô 122),Can,114450,10,Hóa mỹ phẩm & Tẩy rửa,183
SP007670,Nước giặt OMO Matic cửa trên túi 3.6kg (Lô 122),Túi,183750,10,Hóa mỹ phẩm & Tẩy rửa,190
SP007671,Nước xả vải Comfort đậm đặc túi 3.2L (Lô 122),Túi,198450,10,Hóa mỹ phẩm & Tẩy rửa,197
SP007672,Dầu gội Clear thảo dược mát lạnh 630g (Lô 122),Chai,173250,10,Hóa mỹ phẩm & Tẩy rửa,204
SP007673,Dầu gội Pantene suôn mượt 650ml (Lô 122),Chai,162750,10,Hóa mỹ phẩm & Tẩy rửa,211
SP007674,Sữa tắm Lifebuoy bảo vệ vượt trội 800g (Lô 122),Chai,156450,10,Hóa mỹ phẩm & Tẩy rửa,218
SP007675,Kem đánh răng Colgate Total 12 180g (Lô 122),Tuýp,44100,10,Hóa mỹ phẩm & Tẩy rửa,225
SP007676,Bàn chải đánh răng P/S than tre (Lô 122),Cái,18900,10,Hóa mỹ phẩm & Tẩy rửa,232
SP007677,Nước lau sàn Sunlight hoa lily túi 3.6kg (Lô 122),Túi,89250,10,Hóa mỹ phẩm & Tẩy rửa,239
SP007678,Xịt muỗi Raid hương cam chanh 600ml (Lô 122),Chai,71400,10,Hóa mỹ phẩm & Tẩy rửa,246
SP007679,Giấy vệ sinh cuộn cao cấp Pulppy lốc 10 cuộn (Lô 122),Lốc,96600,8,Đồ gia dụng & Tiện ích,253
SP007680,Khăn giấy lụa rút Paseo 200 tờ (Lô 122),Hộp,26250,8,Đồ gia dụng & Tiện ích,260
SP007681,Màng bọc thực phẩm PE Sunhouse 30cmx150m (Lô 122),Hộp,78750,8,Đồ gia dụng & Tiện ích,267
SP007682,Túi rác đen tự hủy sinh học Opec 3 cuộn (Lô 122),Gói,39900,8,Đồ gia dụng & Tiện ích,274
SP007683,Băng dính dán thùng trong suốt 5cm x 100y (Lô 122),Cuộn,16800,8,Đồ gia dụng & Tiện ích,281
SP007684,Pin tiểu AA Panasonic vỉ 4 viên (Lô 122),Vỉ,27300,8,Đồ gia dụng & Tiện ích,288
SP007685,Khẩu trang y tế 4 lớp kháng khuẩn hộp 50 cái (Lô 122),Hộp,36750,8,Đồ gia dụng & Tiện ích,295
SP007686,Nước rửa tay Lifebuoy hương chanh chai 450ml (Lô 122),Chai,54600,8,Đồ gia dụng & Tiện ích,302
SP007687,Coca Cola Sleek 320ml (Lô 123),Lon,12100,8,Đồ uống & Giải khát,309
SP007688,Pepsi Sleek 320ml (Lô 123),Lon,11550,8,Đồ uống & Giải khát,316
SP007689,Nước cam ép Twister 450ml (Lô 123),Chai,13200,8,Đồ uống & Giải khát,323
SP007690,Trà xanh Không Độ 455ml (Lô 123),Chai,11000,8,Đồ uống & Giải khát,330
SP007691,Trà Ô Long Tea+ Plus 455ml (Lô 123),Chai,13200,8,Đồ uống & Giải khát,337
SP007692,Nước tăng lực Red Bull 250ml (Lô 123),Lon,15400,8,Đồ uống & Giải khát,344
SP007693,Nước khoáng Lavie 500ml (Lô 123),Chai,6600,8,Đồ uống & Giải khát,351
SP007694,Nước tinh khiết Aquafina 500ml (Lô 123),Chai,6600,8,Đồ uống & Giải khát,358
SP007695,Cà phê sữa đá Highlands 235ml (Lô 123),Lon,17600,8,Đồ uống & Giải khát,365
SP007696,Bia Heineken Sleek 330ml (Lô 123),Lon,24200,10,Đồ uống & Giải khát,372
SP007697,Bia Tiger Crystal 330ml (Lô 123),Lon,21450,10,Đồ uống & Giải khát,379
SP007698,Bia Sài Gòn Special 330ml (Lô 123),Lon,18150,10,Đồ uống & Giải khát,386
SP007699,Sữa tươi tiệt trùng Vinamilk 180ml (Lô 123),Hộp,9350,0,Đồ uống & Giải khát,393
SP007700,Sữa chua uống Susu 110ml (Lô 123),Chai,7150,0,Đồ uống & Giải khát,400
SP007701,Nước ép bưởi hồng Vfresh 1L (Lô 123),Hộp,42900,8,Đồ uống & Giải khát,407
SP007702,Bánh ChocoPie Orion hộp 12 cái (Lô 123),Hộp,63800,8,Bánh kẹo & Ăn vặt,414
SP007703,Bánh Cosy mè giòn rụm Kinh Đô 288g (Lô 123),Gói,31900,8,Bánh kẹo & Ăn vặt,421
SP007704,Snack khoai tây Ostar vị tảo biển 90g (Lô 123),Gói,20900,8,Bánh kẹo & Ăn vặt,428
SP007705,Snack khoai tây Lay's tự nhiên 95g (Lô 123),Gói,23100,8,Bánh kẹo & Ăn vặt,435
SP007706,Bánh que Pocky socola Glico 40g (Lô 123),Hộp,15400,8,Bánh kẹo & Ăn vặt,442
SP007707,Kẹo dẻo Chupa Chups Sour Tubes 160g (Lô 123),Gói,26400,8,Bánh kẹo & Ăn vặt,449
SP007708,Bánh mì tươi nhân bơ sữa Kinh Đô 80g (Lô 123),Cái,9900,8,Bánh kẹo & Ăn vặt,456
SP007709,Bánh xốp Nabati phô mai 130g (Lô 123),Hộp,13200,8,Bánh kẹo & Ăn vặt,463
SP007710,Hạt điều rang muối vỏ lụa Bình Phước 500g (Lô 123),Hộp,148500,8,Bánh kẹo & Ăn vặt,470
SP007711,Hạt hướng dương Chacheer 130g (Lô 123),Gói,16500,8,Bánh kẹo & Ăn vặt,477
SP007712,Rong biển sấy vị truyền thống TaoKaeNoi 32g (Lô 123),Gói,28600,8,Bánh kẹo & Ăn vặt,484
SP007713,Nước mắm Nam Ngư Đệ Nhị chai 900ml (Lô 123),Chai,30800,8,Gia vị & Đồ nấu nướng,491
SP007714,Nước mắm Chinsu Cá Hồi chai 500ml (Lô 123),Chai,51700,8,Gia vị & Đồ nấu nướng,498
SP007715,Dầu ăn Simply đậu nành can 1L (Lô 123),Chai,64900,8,Gia vị & Đồ nấu nướng,55
SP007716,Dầu ăn Neptune Gold can 2L (Lô 123),Chai,148500,8,Gia vị & Đồ nấu nướng,62
SP007717,Hạt nêm Knorr thịt thăn xương ống 400g (Lô 123),Gói,40700,8,Gia vị & Đồ nấu nướng,69
SP007718,Bột ngọt Ajinomoto gói 454g (Lô 123),Gói,37400,8,Gia vị & Đồ nấu nướng,76
SP007719,Tương ớt Chinsu nắp bật 250g (Lô 123),Chai,16500,8,Gia vị & Đồ nấu nướng,83
SP007720,Tương cà Cholimex chai 330g (Lô 123),Chai,17600,8,Gia vị & Đồ nấu nướng,90
SP007721,Muối I-ốt Bạc Liêu túi 500g (Lô 123),Gói,6600,8,Gia vị & Đồ nấu nướng,97
SP007722,Đường tinh luyện Biên Hòa Daily 1kg (Lô 123),Gói,34100,8,Gia vị & Đồ nấu nướng,104
SP007723,Mì tôm Hảo Hảo tôm chua cay 75g (Lô 123),Gói,4950,8,Mì gói & Thực phẩm khô,111
SP007724,Mì Omachi sườn hầm ngũ quả 80g (Lô 123),Gói,9350,8,Mì gói & Thực phẩm khô,118
SP007725,Mì trộn Indomie Mi Goreng 85g (Lô 123),Gói,7150,8,Mì gói & Thực phẩm khô,125
SP007726,Phở gà Đệ Nhất Acecook 68g (Lô 123),Gói,8800,8,Mì gói & Thực phẩm khô,132
SP007727,Miến Phú Hương yến tiệc 210g (Lô 123),Gói,24200,8,Mì gói & Thực phẩm khô,139
SP007728,Cháo thịt bằm Cung Đình gói 50g (Lô 123),Gói,7700,8,Mì gói & Thực phẩm khô,146
SP007729,Cá nục sốt cà 3 Cô Gái lon 155g (Lô 123),Lon,20900,8,Mì gói & Thực phẩm khô,153
SP007730,Pate thịt heo Hạ Long lon 150g (Lô 123),Lon,29700,8,Mì gói & Thực phẩm khô,160
SP007731,Mì ly Modern lẩu thái tôm 65g (Lô 123),Ly,10450,8,Mì gói & Thực phẩm khô,167
SP007732,Nước rửa chén Sunlight chanh can 3.6kg (Lô 123),Can,119900,10,Hóa mỹ phẩm & Tẩy rửa,174
SP007733,Nước giặt OMO Matic cửa trên túi 3.6kg (Lô 123),Túi,192500,10,Hóa mỹ phẩm & Tẩy rửa,181
SP007734,Nước xả vải Comfort đậm đặc túi 3.2L (Lô 123),Túi,207900,10,Hóa mỹ phẩm & Tẩy rửa,188
SP007735,Dầu gội Clear thảo dược mát lạnh 630g (Lô 123),Chai,181500,10,Hóa mỹ phẩm & Tẩy rửa,195
SP007736,Dầu gội Pantene suôn mượt 650ml (Lô 123),Chai,170500,10,Hóa mỹ phẩm & Tẩy rửa,202
SP007737,Sữa tắm Lifebuoy bảo vệ vượt trội 800g (Lô 123),Chai,163900,10,Hóa mỹ phẩm & Tẩy rửa,209
SP007738,Kem đánh răng Colgate Total 12 180g (Lô 123),Tuýp,46200,10,Hóa mỹ phẩm & Tẩy rửa,216
SP007739,Bàn chải đánh răng P/S than tre (Lô 123),Cái,19800,10,Hóa mỹ phẩm & Tẩy rửa,223
SP007740,Nước lau sàn Sunlight hoa lily túi 3.6kg (Lô 123),Túi,93500,10,Hóa mỹ phẩm & Tẩy rửa,230
SP007741,Xịt muỗi Raid hương cam chanh 600ml (Lô 123),Chai,74800,10,Hóa mỹ phẩm & Tẩy rửa,237
SP007742,Giấy vệ sinh cuộn cao cấp Pulppy lốc 10 cuộn (Lô 123),Lốc,101200,8,Đồ gia dụng & Tiện ích,244
SP007743,Khăn giấy lụa rút Paseo 200 tờ (Lô 123),Hộp,27500,8,Đồ gia dụng & Tiện ích,251
SP007744,Màng bọc thực phẩm PE Sunhouse 30cmx150m (Lô 123),Hộp,82500,8,Đồ gia dụng & Tiện ích,258
SP007745,Túi rác đen tự hủy sinh học Opec 3 cuộn (Lô 123),Gói,41800,8,Đồ gia dụng & Tiện ích,265
SP007746,Băng dính dán thùng trong suốt 5cm x 100y (Lô 123),Cuộn,17600,8,Đồ gia dụng & Tiện ích,272
SP007747,Pin tiểu AA Panasonic vỉ 4 viên (Lô 123),Vỉ,28600,8,Đồ gia dụng & Tiện ích,279
SP007748,Khẩu trang y tế 4 lớp kháng khuẩn hộp 50 cái (Lô 123),Hộp,38500,8,Đồ gia dụng & Tiện ích,286
SP007749,Nước rửa tay Lifebuoy hương chanh chai 450ml (Lô 123),Chai,57200,8,Đồ gia dụng & Tiện ích,293
SP007750,Coca Cola Sleek 320ml (Lô 124),Lon,12649,8,Đồ uống & Giải khát,300
SP007751,Pepsi Sleek 320ml (Lô 124),Lon,12074,8,Đồ uống & Giải khát,307
SP007752,Nước cam ép Twister 450ml (Lô 124),Chai,13799,8,Đồ uống & Giải khát,314
SP007753,Trà xanh Không Độ 455ml (Lô 124),Chai,11500,8,Đồ uống & Giải khát,321
SP007754,Trà Ô Long Tea+ Plus 455ml (Lô 124),Chai,13799,8,Đồ uống & Giải khát,328
SP007755,Nước tăng lực Red Bull 250ml (Lô 124),Lon,16099,8,Đồ uống & Giải khát,335
SP007756,Nước khoáng Lavie 500ml (Lô 124),Chai,6899,8,Đồ uống & Giải khát,342
SP007757,Nước tinh khiết Aquafina 500ml (Lô 124),Chai,6899,8,Đồ uống & Giải khát,349
SP007758,Cà phê sữa đá Highlands 235ml (Lô 124),Lon,18400,8,Đồ uống & Giải khát,356
SP007759,Bia Heineken Sleek 330ml (Lô 124),Lon,25299,10,Đồ uống & Giải khát,363
SP007760,Bia Tiger Crystal 330ml (Lô 124),Lon,22425,10,Đồ uống & Giải khát,370
SP007761,Bia Sài Gòn Special 330ml (Lô 124),Lon,18975,10,Đồ uống & Giải khát,377
SP007762,Sữa tươi tiệt trùng Vinamilk 180ml (Lô 124),Hộp,9775,0,Đồ uống & Giải khát,384
SP007763,Sữa chua uống Susu 110ml (Lô 124),Chai,7474,0,Đồ uống & Giải khát,391
SP007764,Nước ép bưởi hồng Vfresh 1L (Lô 124),Hộp,44850,8,Đồ uống & Giải khát,398
SP007765,Bánh ChocoPie Orion hộp 12 cái (Lô 124),Hộp,66700,8,Bánh kẹo & Ăn vặt,405
SP007766,Bánh Cosy mè giòn rụm Kinh Đô 288g (Lô 124),Gói,33350,8,Bánh kẹo & Ăn vặt,412
SP007767,Snack khoai tây Ostar vị tảo biển 90g (Lô 124),Gói,21850,8,Bánh kẹo & Ăn vặt,419
SP007768,Snack khoai tây Lay's tự nhiên 95g (Lô 124),Gói,24149,8,Bánh kẹo & Ăn vặt,426
SP007769,Bánh que Pocky socola Glico 40g (Lô 124),Hộp,16099,8,Bánh kẹo & Ăn vặt,433
SP007770,Kẹo dẻo Chupa Chups Sour Tubes 160g (Lô 124),Gói,27599,8,Bánh kẹo & Ăn vặt,440
SP007771,Bánh mì tươi nhân bơ sữa Kinh Đô 80g (Lô 124),Cái,10350,8,Bánh kẹo & Ăn vặt,447
SP007772,Bánh xốp Nabati phô mai 130g (Lô 124),Hộp,13799,8,Bánh kẹo & Ăn vặt,454
SP007773,Hạt điều rang muối vỏ lụa Bình Phước 500g (Lô 124),Hộp,155250,8,Bánh kẹo & Ăn vặt,461
SP007774,Hạt hướng dương Chacheer 130g (Lô 124),Gói,17250,8,Bánh kẹo & Ăn vặt,468
SP007775,Rong biển sấy vị truyền thống TaoKaeNoi 32g (Lô 124),Gói,29899,8,Bánh kẹo & Ăn vặt,475
SP007776,Nước mắm Nam Ngư Đệ Nhị chai 900ml (Lô 124),Chai,32199,8,Gia vị & Đồ nấu nướng,482
SP007777,Nước mắm Chinsu Cá Hồi chai 500ml (Lô 124),Chai,54049,8,Gia vị & Đồ nấu nướng,489
SP007778,Dầu ăn Simply đậu nành can 1L (Lô 124),Chai,67850,8,Gia vị & Đồ nấu nướng,496
SP007779,Dầu ăn Neptune Gold can 2L (Lô 124),Chai,155250,8,Gia vị & Đồ nấu nướng,53
SP007780,Hạt nêm Knorr thịt thăn xương ống 400g (Lô 124),Gói,42550,8,Gia vị & Đồ nấu nướng,60
SP007781,Bột ngọt Ajinomoto gói 454g (Lô 124),Gói,39100,8,Gia vị & Đồ nấu nướng,67
SP007782,Tương ớt Chinsu nắp bật 250g (Lô 124),Chai,17250,8,Gia vị & Đồ nấu nướng,74
SP007783,Tương cà Cholimex chai 330g (Lô 124),Chai,18400,8,Gia vị & Đồ nấu nướng,81
SP007784,Muối I-ốt Bạc Liêu túi 500g (Lô 124),Gói,6899,8,Gia vị & Đồ nấu nướng,88
SP007785,Đường tinh luyện Biên Hòa Daily 1kg (Lô 124),Gói,35650,8,Gia vị & Đồ nấu nướng,95
SP007786,Mì tôm Hảo Hảo tôm chua cay 75g (Lô 124),Gói,5175,8,Mì gói & Thực phẩm khô,102
SP007787,Mì Omachi sườn hầm ngũ quả 80g (Lô 124),Gói,9775,8,Mì gói & Thực phẩm khô,109
SP007788,Mì trộn Indomie Mi Goreng 85g (Lô 124),Gói,7474,8,Mì gói & Thực phẩm khô,116
SP007789,Phở gà Đệ Nhất Acecook 68g (Lô 124),Gói,9200,8,Mì gói & Thực phẩm khô,123
SP007790,Miến Phú Hương yến tiệc 210g (Lô 124),Gói,25299,8,Mì gói & Thực phẩm khô,130
SP007791,Cháo thịt bằm Cung Đình gói 50g (Lô 124),Gói,8049,8,Mì gói & Thực phẩm khô,137
SP007792,Cá nục sốt cà 3 Cô Gái lon 155g (Lô 124),Lon,21850,8,Mì gói & Thực phẩm khô,144
SP007793,Pate thịt heo Hạ Long lon 150g (Lô 124),Lon,31049,8,Mì gói & Thực phẩm khô,151
SP007794,Mì ly Modern lẩu thái tôm 65g (Lô 124),Ly,10925,8,Mì gói & Thực phẩm khô,158
SP007795,Nước rửa chén Sunlight chanh can 3.6kg (Lô 124),Can,125349,10,Hóa mỹ phẩm & Tẩy rửa,165
SP007796,Nước giặt OMO Matic cửa trên túi 3.6kg (Lô 124),Túi,201249,10,Hóa mỹ phẩm & Tẩy rửa,172
SP007797,Nước xả vải Comfort đậm đặc túi 3.2L (Lô 124),Túi,217349,10,Hóa mỹ phẩm & Tẩy rửa,179
SP007798,Dầu gội Clear thảo dược mát lạnh 630g (Lô 124),Chai,189749,10,Hóa mỹ phẩm & Tẩy rửa,186
SP007799,Dầu gội Pantene suôn mượt 650ml (Lô 124),Chai,178250,10,Hóa mỹ phẩm & Tẩy rửa,193
SP007800,Sữa tắm Lifebuoy bảo vệ vượt trội 800g (Lô 124),Chai,171350,10,Hóa mỹ phẩm & Tẩy rửa,200
SP007801,Kem đánh răng Colgate Total 12 180g (Lô 124),Tuýp,48299,10,Hóa mỹ phẩm & Tẩy rửa,207
SP007802,Bàn chải đánh răng P/S than tre (Lô 124),Cái,20700,10,Hóa mỹ phẩm & Tẩy rửa,214
SP007803,Nước lau sàn Sunlight hoa lily túi 3.6kg (Lô 124),Túi,97749,10,Hóa mỹ phẩm & Tẩy rửa,221
SP007804,Xịt muỗi Raid hương cam chanh 600ml (Lô 124),Chai,78200,10,Hóa mỹ phẩm & Tẩy rửa,228
SP007805,Giấy vệ sinh cuộn cao cấp Pulppy lốc 10 cuộn (Lô 124),Lốc,105799,8,Đồ gia dụng & Tiện ích,235
SP007806,Khăn giấy lụa rút Paseo 200 tờ (Lô 124),Hộp,28749,8,Đồ gia dụng & Tiện ích,242
SP007807,Màng bọc thực phẩm PE Sunhouse 30cmx150m (Lô 124),Hộp,86250,8,Đồ gia dụng & Tiện ích,249
SP007808,Túi rác đen tự hủy sinh học Opec 3 cuộn (Lô 124),Gói,43700,8,Đồ gia dụng & Tiện ích,256
SP007809,Băng dính dán thùng trong suốt 5cm x 100y (Lô 124),Cuộn,18400,8,Đồ gia dụng & Tiện ích,263
SP007810,Pin tiểu AA Panasonic vỉ 4 viên (Lô 124),Vỉ,29899,8,Đồ gia dụng & Tiện ích,270
SP007811,Khẩu trang y tế 4 lớp kháng khuẩn hộp 50 cái (Lô 124),Hộp,40250,8,Đồ gia dụng & Tiện ích,277
SP007812,Nước rửa tay Lifebuoy hương chanh chai 450ml (Lô 124),Chai,59799,8,Đồ gia dụng & Tiện ích,284
SP007813,Coca Cola Sleek 320ml (Lô 125),Lon,13200,8,Đồ uống & Giải khát,291
SP007814,Pepsi Sleek 320ml (Lô 125),Lon,12600,8,Đồ uống & Giải khát,298
SP007815,Nước cam ép Twister 450ml (Lô 125),Chai,14400,8,Đồ uống & Giải khát,305
SP007816,Trà xanh Không Độ 455ml (Lô 125),Chai,12000,8,Đồ uống & Giải khát,312
SP007817,Trà Ô Long Tea+ Plus 455ml (Lô 125),Chai,14400,8,Đồ uống & Giải khát,319
SP007818,Nước tăng lực Red Bull 250ml (Lô 125),Lon,16800,8,Đồ uống & Giải khát,326
SP007819,Nước khoáng Lavie 500ml (Lô 125),Chai,7200,8,Đồ uống & Giải khát,333
SP007820,Nước tinh khiết Aquafina 500ml (Lô 125),Chai,7200,8,Đồ uống & Giải khát,340
SP007821,Cà phê sữa đá Highlands 235ml (Lô 125),Lon,19200,8,Đồ uống & Giải khát,347
SP007822,Bia Heineken Sleek 330ml (Lô 125),Lon,26400,10,Đồ uống & Giải khát,354
SP007823,Bia Tiger Crystal 330ml (Lô 125),Lon,23400,10,Đồ uống & Giải khát,361
SP007824,Bia Sài Gòn Special 330ml (Lô 125),Lon,19800,10,Đồ uống & Giải khát,368
SP007825,Sữa tươi tiệt trùng Vinamilk 180ml (Lô 125),Hộp,10200,0,Đồ uống & Giải khát,375
SP007826,Sữa chua uống Susu 110ml (Lô 125),Chai,7800,0,Đồ uống & Giải khát,382
SP007827,Nước ép bưởi hồng Vfresh 1L (Lô 125),Hộp,46800,8,Đồ uống & Giải khát,389
SP007828,Bánh ChocoPie Orion hộp 12 cái (Lô 125),Hộp,69600,8,Bánh kẹo & Ăn vặt,396
SP007829,Bánh Cosy mè giòn rụm Kinh Đô 288g (Lô 125),Gói,34800,8,Bánh kẹo & Ăn vặt,403
SP007830,Snack khoai tây Ostar vị tảo biển 90g (Lô 125),Gói,22800,8,Bánh kẹo & Ăn vặt,410
SP007831,Snack khoai tây Lay's tự nhiên 95g (Lô 125),Gói,25200,8,Bánh kẹo & Ăn vặt,417
SP007832,Bánh que Pocky socola Glico 40g (Lô 125),Hộp,16800,8,Bánh kẹo & Ăn vặt,424
SP007833,Kẹo dẻo Chupa Chups Sour Tubes 160g (Lô 125),Gói,28800,8,Bánh kẹo & Ăn vặt,431
SP007834,Bánh mì tươi nhân bơ sữa Kinh Đô 80g (Lô 125),Cái,10800,8,Bánh kẹo & Ăn vặt,438
SP007835,Bánh xốp Nabati phô mai 130g (Lô 125),Hộp,14400,8,Bánh kẹo & Ăn vặt,445
SP007836,Hạt điều rang muối vỏ lụa Bình Phước 500g (Lô 125),Hộp,162000,8,Bánh kẹo & Ăn vặt,452
SP007837,Hạt hướng dương Chacheer 130g (Lô 125),Gói,18000,8,Bánh kẹo & Ăn vặt,459
SP007838,Rong biển sấy vị truyền thống TaoKaeNoi 32g (Lô 125),Gói,31200,8,Bánh kẹo & Ăn vặt,466
SP007839,Nước mắm Nam Ngư Đệ Nhị chai 900ml (Lô 125),Chai,33600,8,Gia vị & Đồ nấu nướng,473
SP007840,Nước mắm Chinsu Cá Hồi chai 500ml (Lô 125),Chai,56400,8,Gia vị & Đồ nấu nướng,480
SP007841,Dầu ăn Simply đậu nành can 1L (Lô 125),Chai,70800,8,Gia vị & Đồ nấu nướng,487
SP007842,Dầu ăn Neptune Gold can 2L (Lô 125),Chai,162000,8,Gia vị & Đồ nấu nướng,494
SP007843,Hạt nêm Knorr thịt thăn xương ống 400g (Lô 125),Gói,44400,8,Gia vị & Đồ nấu nướng,51
SP007844,Bột ngọt Ajinomoto gói 454g (Lô 125),Gói,40800,8,Gia vị & Đồ nấu nướng,58
SP007845,Tương ớt Chinsu nắp bật 250g (Lô 125),Chai,18000,8,Gia vị & Đồ nấu nướng,65
SP007846,Tương cà Cholimex chai 330g (Lô 125),Chai,19200,8,Gia vị & Đồ nấu nướng,72
SP007847,Muối I-ốt Bạc Liêu túi 500g (Lô 125),Gói,7200,8,Gia vị & Đồ nấu nướng,79
SP007848,Đường tinh luyện Biên Hòa Daily 1kg (Lô 125),Gói,37200,8,Gia vị & Đồ nấu nướng,86
SP007849,Mì tôm Hảo Hảo tôm chua cay 75g (Lô 125),Gói,5400,8,Mì gói & Thực phẩm khô,93
SP007850,Mì Omachi sườn hầm ngũ quả 80g (Lô 125),Gói,10200,8,Mì gói & Thực phẩm khô,100
SP007851,Mì trộn Indomie Mi Goreng 85g (Lô 125),Gói,7800,8,Mì gói & Thực phẩm khô,107
SP007852,Phở gà Đệ Nhất Acecook 68g (Lô 125),Gói,9600,8,Mì gói & Thực phẩm khô,114
SP007853,Miến Phú Hương yến tiệc 210g (Lô 125),Gói,26400,8,Mì gói & Thực phẩm khô,121
SP007854,Cháo thịt bằm Cung Đình gói 50g (Lô 125),Gói,8400,8,Mì gói & Thực phẩm khô,128
SP007855,Cá nục sốt cà 3 Cô Gái lon 155g (Lô 125),Lon,22800,8,Mì gói & Thực phẩm khô,135
SP007856,Pate thịt heo Hạ Long lon 150g (Lô 125),Lon,32400,8,Mì gói & Thực phẩm khô,142
SP007857,Mì ly Modern lẩu thái tôm 65g (Lô 125),Ly,11400,8,Mì gói & Thực phẩm khô,149
SP007858,Nước rửa chén Sunlight chanh can 3.6kg (Lô 125),Can,130800,10,Hóa mỹ phẩm & Tẩy rửa,156
SP007859,Nước giặt OMO Matic cửa trên túi 3.6kg (Lô 125),Túi,210000,10,Hóa mỹ phẩm & Tẩy rửa,163
SP007860,Nước xả vải Comfort đậm đặc túi 3.2L (Lô 125),Túi,226800,10,Hóa mỹ phẩm & Tẩy rửa,170
SP007861,Dầu gội Clear thảo dược mát lạnh 630g (Lô 125),Chai,198000,10,Hóa mỹ phẩm & Tẩy rửa,177
SP007862,Dầu gội Pantene suôn mượt 650ml (Lô 125),Chai,186000,10,Hóa mỹ phẩm & Tẩy rửa,184
SP007863,Sữa tắm Lifebuoy bảo vệ vượt trội 800g (Lô 125),Chai,178800,10,Hóa mỹ phẩm & Tẩy rửa,191
SP007864,Kem đánh răng Colgate Total 12 180g (Lô 125),Tuýp,50400,10,Hóa mỹ phẩm & Tẩy rửa,198
SP007865,Bàn chải đánh răng P/S than tre (Lô 125),Cái,21600,10,Hóa mỹ phẩm & Tẩy rửa,205
SP007866,Nước lau sàn Sunlight hoa lily túi 3.6kg (Lô 125),Túi,102000,10,Hóa mỹ phẩm & Tẩy rửa,212
SP007867,Xịt muỗi Raid hương cam chanh 600ml (Lô 125),Chai,81600,10,Hóa mỹ phẩm & Tẩy rửa,219
SP007868,Giấy vệ sinh cuộn cao cấp Pulppy lốc 10 cuộn (Lô 125),Lốc,110400,8,Đồ gia dụng & Tiện ích,226
SP007869,Khăn giấy lụa rút Paseo 200 tờ (Lô 125),Hộp,30000,8,Đồ gia dụng & Tiện ích,233
SP007870,Màng bọc thực phẩm PE Sunhouse 30cmx150m (Lô 125),Hộp,90000,8,Đồ gia dụng & Tiện ích,240
SP007871,Túi rác đen tự hủy sinh học Opec 3 cuộn (Lô 125),Gói,45600,8,Đồ gia dụng & Tiện ích,247
SP007872,Băng dính dán thùng trong suốt 5cm x 100y (Lô 125),Cuộn,19200,8,Đồ gia dụng & Tiện ích,254
SP007873,Pin tiểu AA Panasonic vỉ 4 viên (Lô 125),Vỉ,31200,8,Đồ gia dụng & Tiện ích,261
SP007874,Khẩu trang y tế 4 lớp kháng khuẩn hộp 50 cái (Lô 125),Hộp,42000,8,Đồ gia dụng & Tiện ích,268
SP007875,Nước rửa tay Lifebuoy hương chanh chai 450ml (Lô 125),Chai,62400,8,Đồ gia dụng & Tiện ích,275
SP007876,Coca Cola Sleek 320ml (Lô 126),Lon,11000,8,Đồ uống & Giải khát,282
SP007877,Pepsi Sleek 320ml (Lô 126),Lon,10500,8,Đồ uống & Giải khát,289
SP007878,Nước cam ép Twister 450ml (Lô 126),Chai,12000,8,Đồ uống & Giải khát,296
SP007879,Trà xanh Không Độ 455ml (Lô 126),Chai,10000,8,Đồ uống & Giải khát,303
SP007880,Trà Ô Long Tea+ Plus 455ml (Lô 126),Chai,12000,8,Đồ uống & Giải khát,310
SP007881,Nước tăng lực Red Bull 250ml (Lô 126),Lon,14000,8,Đồ uống & Giải khát,317
SP007882,Nước khoáng Lavie 500ml (Lô 126),Chai,6000,8,Đồ uống & Giải khát,324
SP007883,Nước tinh khiết Aquafina 500ml (Lô 126),Chai,6000,8,Đồ uống & Giải khát,331
SP007884,Cà phê sữa đá Highlands 235ml (Lô 126),Lon,16000,8,Đồ uống & Giải khát,338
SP007885,Bia Heineken Sleek 330ml (Lô 126),Lon,22000,10,Đồ uống & Giải khát,345
SP007886,Bia Tiger Crystal 330ml (Lô 126),Lon,19500,10,Đồ uống & Giải khát,352
SP007887,Bia Sài Gòn Special 330ml (Lô 126),Lon,16500,10,Đồ uống & Giải khát,359
SP007888,Sữa tươi tiệt trùng Vinamilk 180ml (Lô 126),Hộp,8500,0,Đồ uống & Giải khát,366
SP007889,Sữa chua uống Susu 110ml (Lô 126),Chai,6500,0,Đồ uống & Giải khát,373
SP007890,Nước ép bưởi hồng Vfresh 1L (Lô 126),Hộp,39000,8,Đồ uống & Giải khát,380
SP007891,Bánh ChocoPie Orion hộp 12 cái (Lô 126),Hộp,58000,8,Bánh kẹo & Ăn vặt,387
SP007892,Bánh Cosy mè giòn rụm Kinh Đô 288g (Lô 126),Gói,29000,8,Bánh kẹo & Ăn vặt,394
SP007893,Snack khoai tây Ostar vị tảo biển 90g (Lô 126),Gói,19000,8,Bánh kẹo & Ăn vặt,401
SP007894,Snack khoai tây Lay's tự nhiên 95g (Lô 126),Gói,21000,8,Bánh kẹo & Ăn vặt,408
SP007895,Bánh que Pocky socola Glico 40g (Lô 126),Hộp,14000,8,Bánh kẹo & Ăn vặt,415
SP007896,Kẹo dẻo Chupa Chups Sour Tubes 160g (Lô 126),Gói,24000,8,Bánh kẹo & Ăn vặt,422
SP007897,Bánh mì tươi nhân bơ sữa Kinh Đô 80g (Lô 126),Cái,9000,8,Bánh kẹo & Ăn vặt,429
SP007898,Bánh xốp Nabati phô mai 130g (Lô 126),Hộp,12000,8,Bánh kẹo & Ăn vặt,436
SP007899,Hạt điều rang muối vỏ lụa Bình Phước 500g (Lô 126),Hộp,135000,8,Bánh kẹo & Ăn vặt,443
SP007900,Hạt hướng dương Chacheer 130g (Lô 126),Gói,15000,8,Bánh kẹo & Ăn vặt,450
SP007901,Rong biển sấy vị truyền thống TaoKaeNoi 32g (Lô 126),Gói,26000,8,Bánh kẹo & Ăn vặt,457
SP007902,Nước mắm Nam Ngư Đệ Nhị chai 900ml (Lô 126),Chai,28000,8,Gia vị & Đồ nấu nướng,464
SP007903,Nước mắm Chinsu Cá Hồi chai 500ml (Lô 126),Chai,47000,8,Gia vị & Đồ nấu nướng,471
SP007904,Dầu ăn Simply đậu nành can 1L (Lô 126),Chai,59000,8,Gia vị & Đồ nấu nướng,478
SP007905,Dầu ăn Neptune Gold can 2L (Lô 126),Chai,135000,8,Gia vị & Đồ nấu nướng,485
SP007906,Hạt nêm Knorr thịt thăn xương ống 400g (Lô 126),Gói,37000,8,Gia vị & Đồ nấu nướng,492
SP007907,Bột ngọt Ajinomoto gói 454g (Lô 126),Gói,34000,8,Gia vị & Đồ nấu nướng,499
SP007908,Tương ớt Chinsu nắp bật 250g (Lô 126),Chai,15000,8,Gia vị & Đồ nấu nướng,56
SP007909,Tương cà Cholimex chai 330g (Lô 126),Chai,16000,8,Gia vị & Đồ nấu nướng,63
SP007910,Muối I-ốt Bạc Liêu túi 500g (Lô 126),Gói,6000,8,Gia vị & Đồ nấu nướng,70
SP007911,Đường tinh luyện Biên Hòa Daily 1kg (Lô 126),Gói,31000,8,Gia vị & Đồ nấu nướng,77
SP007912,Mì tôm Hảo Hảo tôm chua cay 75g (Lô 126),Gói,4500,8,Mì gói & Thực phẩm khô,84
SP007913,Mì Omachi sườn hầm ngũ quả 80g (Lô 126),Gói,8500,8,Mì gói & Thực phẩm khô,91
SP007914,Mì trộn Indomie Mi Goreng 85g (Lô 126),Gói,6500,8,Mì gói & Thực phẩm khô,98
SP007915,Phở gà Đệ Nhất Acecook 68g (Lô 126),Gói,8000,8,Mì gói & Thực phẩm khô,105
SP007916,Miến Phú Hương yến tiệc 210g (Lô 126),Gói,22000,8,Mì gói & Thực phẩm khô,112
SP007917,Cháo thịt bằm Cung Đình gói 50g (Lô 126),Gói,7000,8,Mì gói & Thực phẩm khô,119
SP007918,Cá nục sốt cà 3 Cô Gái lon 155g (Lô 126),Lon,19000,8,Mì gói & Thực phẩm khô,126
SP007919,Pate thịt heo Hạ Long lon 150g (Lô 126),Lon,27000,8,Mì gói & Thực phẩm khô,133
SP007920,Mì ly Modern lẩu thái tôm 65g (Lô 126),Ly,9500,8,Mì gói & Thực phẩm khô,140
SP007921,Nước rửa chén Sunlight chanh can 3.6kg (Lô 126),Can,109000,10,Hóa mỹ phẩm & Tẩy rửa,147
SP007922,Nước giặt OMO Matic cửa trên túi 3.6kg (Lô 126),Túi,175000,10,Hóa mỹ phẩm & Tẩy rửa,154
SP007923,Nước xả vải Comfort đậm đặc túi 3.2L (Lô 126),Túi,189000,10,Hóa mỹ phẩm & Tẩy rửa,161
SP007924,Dầu gội Clear thảo dược mát lạnh 630g (Lô 126),Chai,165000,10,Hóa mỹ phẩm & Tẩy rửa,168
SP007925,Dầu gội Pantene suôn mượt 650ml (Lô 126),Chai,155000,10,Hóa mỹ phẩm & Tẩy rửa,175
SP007926,Sữa tắm Lifebuoy bảo vệ vượt trội 800g (Lô 126),Chai,149000,10,Hóa mỹ phẩm & Tẩy rửa,182
SP007927,Kem đánh răng Colgate Total 12 180g (Lô 126),Tuýp,42000,10,Hóa mỹ phẩm & Tẩy rửa,189
SP007928,Bàn chải đánh răng P/S than tre (Lô 126),Cái,18000,10,Hóa mỹ phẩm & Tẩy rửa,196
SP007929,Nước lau sàn Sunlight hoa lily túi 3.6kg (Lô 126),Túi,85000,10,Hóa mỹ phẩm & Tẩy rửa,203
SP007930,Xịt muỗi Raid hương cam chanh 600ml (Lô 126),Chai,68000,10,Hóa mỹ phẩm & Tẩy rửa,210
SP007931,Giấy vệ sinh cuộn cao cấp Pulppy lốc 10 cuộn (Lô 126),Lốc,92000,8,Đồ gia dụng & Tiện ích,217
SP007932,Khăn giấy lụa rút Paseo 200 tờ (Lô 126),Hộp,25000,8,Đồ gia dụng & Tiện ích,224
SP007933,Màng bọc thực phẩm PE Sunhouse 30cmx150m (Lô 126),Hộp,75000,8,Đồ gia dụng & Tiện ích,231
SP007934,Túi rác đen tự hủy sinh học Opec 3 cuộn (Lô 126),Gói,38000,8,Đồ gia dụng & Tiện ích,238
SP007935,Băng dính dán thùng trong suốt 5cm x 100y (Lô 126),Cuộn,16000,8,Đồ gia dụng & Tiện ích,245
SP007936,Pin tiểu AA Panasonic vỉ 4 viên (Lô 126),Vỉ,26000,8,Đồ gia dụng & Tiện ích,252
SP007937,Khẩu trang y tế 4 lớp kháng khuẩn hộp 50 cái (Lô 126),Hộp,35000,8,Đồ gia dụng & Tiện ích,259
SP007938,Nước rửa tay Lifebuoy hương chanh chai 450ml (Lô 126),Chai,52000,8,Đồ gia dụng & Tiện ích,266
SP007939,Coca Cola Sleek 320ml (Lô 127),Lon,11550,8,Đồ uống & Giải khát,273
SP007940,Pepsi Sleek 320ml (Lô 127),Lon,11025,8,Đồ uống & Giải khát,280
SP007941,Nước cam ép Twister 450ml (Lô 127),Chai,12600,8,Đồ uống & Giải khát,287
SP007942,Trà xanh Không Độ 455ml (Lô 127),Chai,10500,8,Đồ uống & Giải khát,294
SP007943,Trà Ô Long Tea+ Plus 455ml (Lô 127),Chai,12600,8,Đồ uống & Giải khát,301
SP007944,Nước tăng lực Red Bull 250ml (Lô 127),Lon,14700,8,Đồ uống & Giải khát,308
SP007945,Nước khoáng Lavie 500ml (Lô 127),Chai,6300,8,Đồ uống & Giải khát,315
SP007946,Nước tinh khiết Aquafina 500ml (Lô 127),Chai,6300,8,Đồ uống & Giải khát,322
SP007947,Cà phê sữa đá Highlands 235ml (Lô 127),Lon,16800,8,Đồ uống & Giải khát,329
SP007948,Bia Heineken Sleek 330ml (Lô 127),Lon,23100,10,Đồ uống & Giải khát,336
SP007949,Bia Tiger Crystal 330ml (Lô 127),Lon,20475,10,Đồ uống & Giải khát,343
SP007950,Bia Sài Gòn Special 330ml (Lô 127),Lon,17325,10,Đồ uống & Giải khát,350
SP007951,Sữa tươi tiệt trùng Vinamilk 180ml (Lô 127),Hộp,8925,0,Đồ uống & Giải khát,357
SP007952,Sữa chua uống Susu 110ml (Lô 127),Chai,6825,0,Đồ uống & Giải khát,364
SP007953,Nước ép bưởi hồng Vfresh 1L (Lô 127),Hộp,40950,8,Đồ uống & Giải khát,371
SP007954,Bánh ChocoPie Orion hộp 12 cái (Lô 127),Hộp,60900,8,Bánh kẹo & Ăn vặt,378
SP007955,Bánh Cosy mè giòn rụm Kinh Đô 288g (Lô 127),Gói,30450,8,Bánh kẹo & Ăn vặt,385
SP007956,Snack khoai tây Ostar vị tảo biển 90g (Lô 127),Gói,19950,8,Bánh kẹo & Ăn vặt,392
SP007957,Snack khoai tây Lay's tự nhiên 95g (Lô 127),Gói,22050,8,Bánh kẹo & Ăn vặt,399
SP007958,Bánh que Pocky socola Glico 40g (Lô 127),Hộp,14700,8,Bánh kẹo & Ăn vặt,406
SP007959,Kẹo dẻo Chupa Chups Sour Tubes 160g (Lô 127),Gói,25200,8,Bánh kẹo & Ăn vặt,413
SP007960,Bánh mì tươi nhân bơ sữa Kinh Đô 80g (Lô 127),Cái,9450,8,Bánh kẹo & Ăn vặt,420
SP007961,Bánh xốp Nabati phô mai 130g (Lô 127),Hộp,12600,8,Bánh kẹo & Ăn vặt,427
SP007962,Hạt điều rang muối vỏ lụa Bình Phước 500g (Lô 127),Hộp,141750,8,Bánh kẹo & Ăn vặt,434
SP007963,Hạt hướng dương Chacheer 130g (Lô 127),Gói,15750,8,Bánh kẹo & Ăn vặt,441
SP007964,Rong biển sấy vị truyền thống TaoKaeNoi 32g (Lô 127),Gói,27300,8,Bánh kẹo & Ăn vặt,448
SP007965,Nước mắm Nam Ngư Đệ Nhị chai 900ml (Lô 127),Chai,29400,8,Gia vị & Đồ nấu nướng,455
SP007966,Nước mắm Chinsu Cá Hồi chai 500ml (Lô 127),Chai,49350,8,Gia vị & Đồ nấu nướng,462
SP007967,Dầu ăn Simply đậu nành can 1L (Lô 127),Chai,61950,8,Gia vị & Đồ nấu nướng,469
SP007968,Dầu ăn Neptune Gold can 2L (Lô 127),Chai,141750,8,Gia vị & Đồ nấu nướng,476
SP007969,Hạt nêm Knorr thịt thăn xương ống 400g (Lô 127),Gói,38850,8,Gia vị & Đồ nấu nướng,483
SP007970,Bột ngọt Ajinomoto gói 454g (Lô 127),Gói,35700,8,Gia vị & Đồ nấu nướng,490
SP007971,Tương ớt Chinsu nắp bật 250g (Lô 127),Chai,15750,8,Gia vị & Đồ nấu nướng,497
SP007972,Tương cà Cholimex chai 330g (Lô 127),Chai,16800,8,Gia vị & Đồ nấu nướng,54
SP007973,Muối I-ốt Bạc Liêu túi 500g (Lô 127),Gói,6300,8,Gia vị & Đồ nấu nướng,61
SP007974,Đường tinh luyện Biên Hòa Daily 1kg (Lô 127),Gói,32550,8,Gia vị & Đồ nấu nướng,68
SP007975,Mì tôm Hảo Hảo tôm chua cay 75g (Lô 127),Gói,4725,8,Mì gói & Thực phẩm khô,75
SP007976,Mì Omachi sườn hầm ngũ quả 80g (Lô 127),Gói,8925,8,Mì gói & Thực phẩm khô,82
SP007977,Mì trộn Indomie Mi Goreng 85g (Lô 127),Gói,6825,8,Mì gói & Thực phẩm khô,89
SP007978,Phở gà Đệ Nhất Acecook 68g (Lô 127),Gói,8400,8,Mì gói & Thực phẩm khô,96
SP007979,Miến Phú Hương yến tiệc 210g (Lô 127),Gói,23100,8,Mì gói & Thực phẩm khô,103
SP007980,Cháo thịt bằm Cung Đình gói 50g (Lô 127),Gói,7350,8,Mì gói & Thực phẩm khô,110
SP007981,Cá nục sốt cà 3 Cô Gái lon 155g (Lô 127),Lon,19950,8,Mì gói & Thực phẩm khô,117
SP007982,Pate thịt heo Hạ Long lon 150g (Lô 127),Lon,28350,8,Mì gói & Thực phẩm khô,124
SP007983,Mì ly Modern lẩu thái tôm 65g (Lô 127),Ly,9975,8,Mì gói & Thực phẩm khô,131
SP007984,Nước rửa chén Sunlight chanh can 3.6kg (Lô 127),Can,114450,10,Hóa mỹ phẩm & Tẩy rửa,138
SP007985,Nước giặt OMO Matic cửa trên túi 3.6kg (Lô 127),Túi,183750,10,Hóa mỹ phẩm & Tẩy rửa,145
SP007986,Nước xả vải Comfort đậm đặc túi 3.2L (Lô 127),Túi,198450,10,Hóa mỹ phẩm & Tẩy rửa,152
SP007987,Dầu gội Clear thảo dược mát lạnh 630g (Lô 127),Chai,173250,10,Hóa mỹ phẩm & Tẩy rửa,159
SP007988,Dầu gội Pantene suôn mượt 650ml (Lô 127),Chai,162750,10,Hóa mỹ phẩm & Tẩy rửa,166
SP007989,Sữa tắm Lifebuoy bảo vệ vượt trội 800g (Lô 127),Chai,156450,10,Hóa mỹ phẩm & Tẩy rửa,173
SP007990,Kem đánh răng Colgate Total 12 180g (Lô 127),Tuýp,44100,10,Hóa mỹ phẩm & Tẩy rửa,180
SP007991,Bàn chải đánh răng P/S than tre (Lô 127),Cái,18900,10,Hóa mỹ phẩm & Tẩy rửa,187
SP007992,Nước lau sàn Sunlight hoa lily túi 3.6kg (Lô 127),Túi,89250,10,Hóa mỹ phẩm & Tẩy rửa,194
SP007993,Xịt muỗi Raid hương cam chanh 600ml (Lô 127),Chai,71400,10,Hóa mỹ phẩm & Tẩy rửa,201
SP007994,Giấy vệ sinh cuộn cao cấp Pulppy lốc 10 cuộn (Lô 127),Lốc,96600,8,Đồ gia dụng & Tiện ích,208
SP007995,Khăn giấy lụa rút Paseo 200 tờ (Lô 127),Hộp,26250,8,Đồ gia dụng & Tiện ích,215
SP007996,Màng bọc thực phẩm PE Sunhouse 30cmx150m (Lô 127),Hộp,78750,8,Đồ gia dụng & Tiện ích,222
SP007997,Túi rác đen tự hủy sinh học Opec 3 cuộn (Lô 127),Gói,39900,8,Đồ gia dụng & Tiện ích,229
SP007998,Băng dính dán thùng trong suốt 5cm x 100y (Lô 127),Cuộn,16800,8,Đồ gia dụng & Tiện ích,236
SP007999,Pin tiểu AA Panasonic vỉ 4 viên (Lô 127),Vỉ,27300,8,Đồ gia dụng & Tiện ích,243
SP008000,Khẩu trang y tế 4 lớp kháng khuẩn hộp 50 cái (Lô 127),Hộp,36750,8,Đồ gia dụng & Tiện ích,250
SP008001,Nước rửa tay Lifebuoy hương chanh chai 450ml (Lô 127),Chai,54600,8,Đồ gia dụng & Tiện ích,257
SP008002,Coca Cola Sleek 320ml (Lô 128),Lon,12100,8,Đồ uống & Giải khát,264
SP008003,Pepsi Sleek 320ml (Lô 128),Lon,11550,8,Đồ uống & Giải khát,271
SP008004,Nước cam ép Twister 450ml (Lô 128),Chai,13200,8,Đồ uống & Giải khát,278
SP008005,Trà xanh Không Độ 455ml (Lô 128),Chai,11000,8,Đồ uống & Giải khát,285
SP008006,Trà Ô Long Tea+ Plus 455ml (Lô 128),Chai,13200,8,Đồ uống & Giải khát,292
SP008007,Nước tăng lực Red Bull 250ml (Lô 128),Lon,15400,8,Đồ uống & Giải khát,299
SP008008,Nước khoáng Lavie 500ml (Lô 128),Chai,6600,8,Đồ uống & Giải khát,306
SP008009,Nước tinh khiết Aquafina 500ml (Lô 128),Chai,6600,8,Đồ uống & Giải khát,313
SP008010,Cà phê sữa đá Highlands 235ml (Lô 128),Lon,17600,8,Đồ uống & Giải khát,320
SP008011,Bia Heineken Sleek 330ml (Lô 128),Lon,24200,10,Đồ uống & Giải khát,327
SP008012,Bia Tiger Crystal 330ml (Lô 128),Lon,21450,10,Đồ uống & Giải khát,334
SP008013,Bia Sài Gòn Special 330ml (Lô 128),Lon,18150,10,Đồ uống & Giải khát,341
SP008014,Sữa tươi tiệt trùng Vinamilk 180ml (Lô 128),Hộp,9350,0,Đồ uống & Giải khát,348
SP008015,Sữa chua uống Susu 110ml (Lô 128),Chai,7150,0,Đồ uống & Giải khát,355
SP008016,Nước ép bưởi hồng Vfresh 1L (Lô 128),Hộp,42900,8,Đồ uống & Giải khát,362
SP008017,Bánh ChocoPie Orion hộp 12 cái (Lô 128),Hộp,63800,8,Bánh kẹo & Ăn vặt,369
SP008018,Bánh Cosy mè giòn rụm Kinh Đô 288g (Lô 128),Gói,31900,8,Bánh kẹo & Ăn vặt,376
SP008019,Snack khoai tây Ostar vị tảo biển 90g (Lô 128),Gói,20900,8,Bánh kẹo & Ăn vặt,383
SP008020,Snack khoai tây Lay's tự nhiên 95g (Lô 128),Gói,23100,8,Bánh kẹo & Ăn vặt,390
SP008021,Bánh que Pocky socola Glico 40g (Lô 128),Hộp,15400,8,Bánh kẹo & Ăn vặt,397
SP008022,Kẹo dẻo Chupa Chups Sour Tubes 160g (Lô 128),Gói,26400,8,Bánh kẹo & Ăn vặt,404
SP008023,Bánh mì tươi nhân bơ sữa Kinh Đô 80g (Lô 128),Cái,9900,8,Bánh kẹo & Ăn vặt,411
SP008024,Bánh xốp Nabati phô mai 130g (Lô 128),Hộp,13200,8,Bánh kẹo & Ăn vặt,418
SP008025,Hạt điều rang muối vỏ lụa Bình Phước 500g (Lô 128),Hộp,148500,8,Bánh kẹo & Ăn vặt,425
SP008026,Hạt hướng dương Chacheer 130g (Lô 128),Gói,16500,8,Bánh kẹo & Ăn vặt,432
SP008027,Rong biển sấy vị truyền thống TaoKaeNoi 32g (Lô 128),Gói,28600,8,Bánh kẹo & Ăn vặt,439
SP008028,Nước mắm Nam Ngư Đệ Nhị chai 900ml (Lô 128),Chai,30800,8,Gia vị & Đồ nấu nướng,446
SP008029,Nước mắm Chinsu Cá Hồi chai 500ml (Lô 128),Chai,51700,8,Gia vị & Đồ nấu nướng,453
SP008030,Dầu ăn Simply đậu nành can 1L (Lô 128),Chai,64900,8,Gia vị & Đồ nấu nướng,460
SP008031,Dầu ăn Neptune Gold can 2L (Lô 128),Chai,148500,8,Gia vị & Đồ nấu nướng,467
SP008032,Hạt nêm Knorr thịt thăn xương ống 400g (Lô 128),Gói,40700,8,Gia vị & Đồ nấu nướng,474
SP008033,Bột ngọt Ajinomoto gói 454g (Lô 128),Gói,37400,8,Gia vị & Đồ nấu nướng,481
SP008034,Tương ớt Chinsu nắp bật 250g (Lô 128),Chai,16500,8,Gia vị & Đồ nấu nướng,488
SP008035,Tương cà Cholimex chai 330g (Lô 128),Chai,17600,8,Gia vị & Đồ nấu nướng,495
SP008036,Muối I-ốt Bạc Liêu túi 500g (Lô 128),Gói,6600,8,Gia vị & Đồ nấu nướng,52
SP008037,Đường tinh luyện Biên Hòa Daily 1kg (Lô 128),Gói,34100,8,Gia vị & Đồ nấu nướng,59
SP008038,Mì tôm Hảo Hảo tôm chua cay 75g (Lô 128),Gói,4950,8,Mì gói & Thực phẩm khô,66
SP008039,Mì Omachi sườn hầm ngũ quả 80g (Lô 128),Gói,9350,8,Mì gói & Thực phẩm khô,73
SP008040,Mì trộn Indomie Mi Goreng 85g (Lô 128),Gói,7150,8,Mì gói & Thực phẩm khô,80
SP008041,Phở gà Đệ Nhất Acecook 68g (Lô 128),Gói,8800,8,Mì gói & Thực phẩm khô,87
SP008042,Miến Phú Hương yến tiệc 210g (Lô 128),Gói,24200,8,Mì gói & Thực phẩm khô,94
SP008043,Cháo thịt bằm Cung Đình gói 50g (Lô 128),Gói,7700,8,Mì gói & Thực phẩm khô,101
SP008044,Cá nục sốt cà 3 Cô Gái lon 155g (Lô 128),Lon,20900,8,Mì gói & Thực phẩm khô,108
SP008045,Pate thịt heo Hạ Long lon 150g (Lô 128),Lon,29700,8,Mì gói & Thực phẩm khô,115
SP008046,Mì ly Modern lẩu thái tôm 65g (Lô 128),Ly,10450,8,Mì gói & Thực phẩm khô,122
SP008047,Nước rửa chén Sunlight chanh can 3.6kg (Lô 128),Can,119900,10,Hóa mỹ phẩm & Tẩy rửa,129
SP008048,Nước giặt OMO Matic cửa trên túi 3.6kg (Lô 128),Túi,192500,10,Hóa mỹ phẩm & Tẩy rửa,136
SP008049,Nước xả vải Comfort đậm đặc túi 3.2L (Lô 128),Túi,207900,10,Hóa mỹ phẩm & Tẩy rửa,143
SP008050,Dầu gội Clear thảo dược mát lạnh 630g (Lô 128),Chai,181500,10,Hóa mỹ phẩm & Tẩy rửa,150
SP008051,Dầu gội Pantene suôn mượt 650ml (Lô 128),Chai,170500,10,Hóa mỹ phẩm & Tẩy rửa,157
SP008052,Sữa tắm Lifebuoy bảo vệ vượt trội 800g (Lô 128),Chai,163900,10,Hóa mỹ phẩm & Tẩy rửa,164
SP008053,Kem đánh răng Colgate Total 12 180g (Lô 128),Tuýp,46200,10,Hóa mỹ phẩm & Tẩy rửa,171
SP008054,Bàn chải đánh răng P/S than tre (Lô 128),Cái,19800,10,Hóa mỹ phẩm & Tẩy rửa,178
SP008055,Nước lau sàn Sunlight hoa lily túi 3.6kg (Lô 128),Túi,93500,10,Hóa mỹ phẩm & Tẩy rửa,185
SP008056,Xịt muỗi Raid hương cam chanh 600ml (Lô 128),Chai,74800,10,Hóa mỹ phẩm & Tẩy rửa,192
SP008057,Giấy vệ sinh cuộn cao cấp Pulppy lốc 10 cuộn (Lô 128),Lốc,101200,8,Đồ gia dụng & Tiện ích,199
SP008058,Khăn giấy lụa rút Paseo 200 tờ (Lô 128),Hộp,27500,8,Đồ gia dụng & Tiện ích,206
SP008059,Màng bọc thực phẩm PE Sunhouse 30cmx150m (Lô 128),Hộp,82500,8,Đồ gia dụng & Tiện ích,213
SP008060,Túi rác đen tự hủy sinh học Opec 3 cuộn (Lô 128),Gói,41800,8,Đồ gia dụng & Tiện ích,220
SP008061,Băng dính dán thùng trong suốt 5cm x 100y (Lô 128),Cuộn,17600,8,Đồ gia dụng & Tiện ích,227
SP008062,Pin tiểu AA Panasonic vỉ 4 viên (Lô 128),Vỉ,28600,8,Đồ gia dụng & Tiện ích,234
SP008063,Khẩu trang y tế 4 lớp kháng khuẩn hộp 50 cái (Lô 128),Hộp,38500,8,Đồ gia dụng & Tiện ích,241
SP008064,Nước rửa tay Lifebuoy hương chanh chai 450ml (Lô 128),Chai,57200,8,Đồ gia dụng & Tiện ích,248
SP008065,Coca Cola Sleek 320ml (Lô 129),Lon,12649,8,Đồ uống & Giải khát,255
SP008066,Pepsi Sleek 320ml (Lô 129),Lon,12074,8,Đồ uống & Giải khát,262
SP008067,Nước cam ép Twister 450ml (Lô 129),Chai,13799,8,Đồ uống & Giải khát,269
SP008068,Trà xanh Không Độ 455ml (Lô 129),Chai,11500,8,Đồ uống & Giải khát,276
SP008069,Trà Ô Long Tea+ Plus 455ml (Lô 129),Chai,13799,8,Đồ uống & Giải khát,283
SP008070,Nước tăng lực Red Bull 250ml (Lô 129),Lon,16099,8,Đồ uống & Giải khát,290
SP008071,Nước khoáng Lavie 500ml (Lô 129),Chai,6899,8,Đồ uống & Giải khát,297
SP008072,Nước tinh khiết Aquafina 500ml (Lô 129),Chai,6899,8,Đồ uống & Giải khát,304
SP008073,Cà phê sữa đá Highlands 235ml (Lô 129),Lon,18400,8,Đồ uống & Giải khát,311
SP008074,Bia Heineken Sleek 330ml (Lô 129),Lon,25299,10,Đồ uống & Giải khát,318
SP008075,Bia Tiger Crystal 330ml (Lô 129),Lon,22425,10,Đồ uống & Giải khát,325
SP008076,Bia Sài Gòn Special 330ml (Lô 129),Lon,18975,10,Đồ uống & Giải khát,332
SP008077,Sữa tươi tiệt trùng Vinamilk 180ml (Lô 129),Hộp,9775,0,Đồ uống & Giải khát,339
SP008078,Sữa chua uống Susu 110ml (Lô 129),Chai,7474,0,Đồ uống & Giải khát,346
SP008079,Nước ép bưởi hồng Vfresh 1L (Lô 129),Hộp,44850,8,Đồ uống & Giải khát,353
SP008080,Bánh ChocoPie Orion hộp 12 cái (Lô 129),Hộp,66700,8,Bánh kẹo & Ăn vặt,360
SP008081,Bánh Cosy mè giòn rụm Kinh Đô 288g (Lô 129),Gói,33350,8,Bánh kẹo & Ăn vặt,367
SP008082,Snack khoai tây Ostar vị tảo biển 90g (Lô 129),Gói,21850,8,Bánh kẹo & Ăn vặt,374
SP008083,Snack khoai tây Lay's tự nhiên 95g (Lô 129),Gói,24149,8,Bánh kẹo & Ăn vặt,381
SP008084,Bánh que Pocky socola Glico 40g (Lô 129),Hộp,16099,8,Bánh kẹo & Ăn vặt,388
SP008085,Kẹo dẻo Chupa Chups Sour Tubes 160g (Lô 129),Gói,27599,8,Bánh kẹo & Ăn vặt,395
SP008086,Bánh mì tươi nhân bơ sữa Kinh Đô 80g (Lô 129),Cái,10350,8,Bánh kẹo & Ăn vặt,402
SP008087,Bánh xốp Nabati phô mai 130g (Lô 129),Hộp,13799,8,Bánh kẹo & Ăn vặt,409
SP008088,Hạt điều rang muối vỏ lụa Bình Phước 500g (Lô 129),Hộp,155250,8,Bánh kẹo & Ăn vặt,416
SP008089,Hạt hướng dương Chacheer 130g (Lô 129),Gói,17250,8,Bánh kẹo & Ăn vặt,423
SP008090,Rong biển sấy vị truyền thống TaoKaeNoi 32g (Lô 129),Gói,29899,8,Bánh kẹo & Ăn vặt,430
SP008091,Nước mắm Nam Ngư Đệ Nhị chai 900ml (Lô 129),Chai,32199,8,Gia vị & Đồ nấu nướng,437
SP008092,Nước mắm Chinsu Cá Hồi chai 500ml (Lô 129),Chai,54049,8,Gia vị & Đồ nấu nướng,444
SP008093,Dầu ăn Simply đậu nành can 1L (Lô 129),Chai,67850,8,Gia vị & Đồ nấu nướng,451
SP008094,Dầu ăn Neptune Gold can 2L (Lô 129),Chai,155250,8,Gia vị & Đồ nấu nướng,458
SP008095,Hạt nêm Knorr thịt thăn xương ống 400g (Lô 129),Gói,42550,8,Gia vị & Đồ nấu nướng,465
SP008096,Bột ngọt Ajinomoto gói 454g (Lô 129),Gói,39100,8,Gia vị & Đồ nấu nướng,472
SP008097,Tương ớt Chinsu nắp bật 250g (Lô 129),Chai,17250,8,Gia vị & Đồ nấu nướng,479
SP008098,Tương cà Cholimex chai 330g (Lô 129),Chai,18400,8,Gia vị & Đồ nấu nướng,486
SP008099,Muối I-ốt Bạc Liêu túi 500g (Lô 129),Gói,6899,8,Gia vị & Đồ nấu nướng,493
SP008100,Đường tinh luyện Biên Hòa Daily 1kg (Lô 129),Gói,35650,8,Gia vị & Đồ nấu nướng,50
SP008101,Mì tôm Hảo Hảo tôm chua cay 75g (Lô 129),Gói,5175,8,Mì gói & Thực phẩm khô,57
SP008102,Mì Omachi sườn hầm ngũ quả 80g (Lô 129),Gói,9775,8,Mì gói & Thực phẩm khô,64
SP008103,Mì trộn Indomie Mi Goreng 85g (Lô 129),Gói,7474,8,Mì gói & Thực phẩm khô,71
SP008104,Phở gà Đệ Nhất Acecook 68g (Lô 129),Gói,9200,8,Mì gói & Thực phẩm khô,78
SP008105,Miến Phú Hương yến tiệc 210g (Lô 129),Gói,25299,8,Mì gói & Thực phẩm khô,85
SP008106,Cháo thịt bằm Cung Đình gói 50g (Lô 129),Gói,8049,8,Mì gói & Thực phẩm khô,92
SP008107,Cá nục sốt cà 3 Cô Gái lon 155g (Lô 129),Lon,21850,8,Mì gói & Thực phẩm khô,99
SP008108,Pate thịt heo Hạ Long lon 150g (Lô 129),Lon,31049,8,Mì gói & Thực phẩm khô,106
SP008109,Mì ly Modern lẩu thái tôm 65g (Lô 129),Ly,10925,8,Mì gói & Thực phẩm khô,113
SP008110,Nước rửa chén Sunlight chanh can 3.6kg (Lô 129),Can,125349,10,Hóa mỹ phẩm & Tẩy rửa,120
SP008111,Nước giặt OMO Matic cửa trên túi 3.6kg (Lô 129),Túi,201249,10,Hóa mỹ phẩm & Tẩy rửa,127
SP008112,Nước xả vải Comfort đậm đặc túi 3.2L (Lô 129),Túi,217349,10,Hóa mỹ phẩm & Tẩy rửa,134
SP008113,Dầu gội Clear thảo dược mát lạnh 630g (Lô 129),Chai,189749,10,Hóa mỹ phẩm & Tẩy rửa,141
SP008114,Dầu gội Pantene suôn mượt 650ml (Lô 129),Chai,178250,10,Hóa mỹ phẩm & Tẩy rửa,148
SP008115,Sữa tắm Lifebuoy bảo vệ vượt trội 800g (Lô 129),Chai,171350,10,Hóa mỹ phẩm & Tẩy rửa,155
SP008116,Kem đánh răng Colgate Total 12 180g (Lô 129),Tuýp,48299,10,Hóa mỹ phẩm & Tẩy rửa,162
SP008117,Bàn chải đánh răng P/S than tre (Lô 129),Cái,20700,10,Hóa mỹ phẩm & Tẩy rửa,169
SP008118,Nước lau sàn Sunlight hoa lily túi 3.6kg (Lô 129),Túi,97749,10,Hóa mỹ phẩm & Tẩy rửa,176
SP008119,Xịt muỗi Raid hương cam chanh 600ml (Lô 129),Chai,78200,10,Hóa mỹ phẩm & Tẩy rửa,183
SP008120,Giấy vệ sinh cuộn cao cấp Pulppy lốc 10 cuộn (Lô 129),Lốc,105799,8,Đồ gia dụng & Tiện ích,190
SP008121,Khăn giấy lụa rút Paseo 200 tờ (Lô 129),Hộp,28749,8,Đồ gia dụng & Tiện ích,197
SP008122,Màng bọc thực phẩm PE Sunhouse 30cmx150m (Lô 129),Hộp,86250,8,Đồ gia dụng & Tiện ích,204
SP008123,Túi rác đen tự hủy sinh học Opec 3 cuộn (Lô 129),Gói,43700,8,Đồ gia dụng & Tiện ích,211
SP008124,Băng dính dán thùng trong suốt 5cm x 100y (Lô 129),Cuộn,18400,8,Đồ gia dụng & Tiện ích,218
SP008125,Pin tiểu AA Panasonic vỉ 4 viên (Lô 129),Vỉ,29899,8,Đồ gia dụng & Tiện ích,225
SP008126,Khẩu trang y tế 4 lớp kháng khuẩn hộp 50 cái (Lô 129),Hộp,40250,8,Đồ gia dụng & Tiện ích,232
SP008127,Nước rửa tay Lifebuoy hương chanh chai 450ml (Lô 129),Chai,59799,8,Đồ gia dụng & Tiện ích,239
SP008128,Coca Cola Sleek 320ml (Lô 130),Lon,13200,8,Đồ uống & Giải khát,246
SP008129,Pepsi Sleek 320ml (Lô 130),Lon,12600,8,Đồ uống & Giải khát,253
SP008130,Nước cam ép Twister 450ml (Lô 130),Chai,14400,8,Đồ uống & Giải khát,260
SP008131,Trà xanh Không Độ 455ml (Lô 130),Chai,12000,8,Đồ uống & Giải khát,267
SP008132,Trà Ô Long Tea+ Plus 455ml (Lô 130),Chai,14400,8,Đồ uống & Giải khát,274
SP008133,Nước tăng lực Red Bull 250ml (Lô 130),Lon,16800,8,Đồ uống & Giải khát,281
SP008134,Nước khoáng Lavie 500ml (Lô 130),Chai,7200,8,Đồ uống & Giải khát,288
SP008135,Nước tinh khiết Aquafina 500ml (Lô 130),Chai,7200,8,Đồ uống & Giải khát,295
SP008136,Cà phê sữa đá Highlands 235ml (Lô 130),Lon,19200,8,Đồ uống & Giải khát,302
SP008137,Bia Heineken Sleek 330ml (Lô 130),Lon,26400,10,Đồ uống & Giải khát,309
SP008138,Bia Tiger Crystal 330ml (Lô 130),Lon,23400,10,Đồ uống & Giải khát,316
SP008139,Bia Sài Gòn Special 330ml (Lô 130),Lon,19800,10,Đồ uống & Giải khát,323
SP008140,Sữa tươi tiệt trùng Vinamilk 180ml (Lô 130),Hộp,10200,0,Đồ uống & Giải khát,330
SP008141,Sữa chua uống Susu 110ml (Lô 130),Chai,7800,0,Đồ uống & Giải khát,337
SP008142,Nước ép bưởi hồng Vfresh 1L (Lô 130),Hộp,46800,8,Đồ uống & Giải khát,344
SP008143,Bánh ChocoPie Orion hộp 12 cái (Lô 130),Hộp,69600,8,Bánh kẹo & Ăn vặt,351
SP008144,Bánh Cosy mè giòn rụm Kinh Đô 288g (Lô 130),Gói,34800,8,Bánh kẹo & Ăn vặt,358
SP008145,Snack khoai tây Ostar vị tảo biển 90g (Lô 130),Gói,22800,8,Bánh kẹo & Ăn vặt,365
SP008146,Snack khoai tây Lay's tự nhiên 95g (Lô 130),Gói,25200,8,Bánh kẹo & Ăn vặt,372
SP008147,Bánh que Pocky socola Glico 40g (Lô 130),Hộp,16800,8,Bánh kẹo & Ăn vặt,379
SP008148,Kẹo dẻo Chupa Chups Sour Tubes 160g (Lô 130),Gói,28800,8,Bánh kẹo & Ăn vặt,386
SP008149,Bánh mì tươi nhân bơ sữa Kinh Đô 80g (Lô 130),Cái,10800,8,Bánh kẹo & Ăn vặt,393
SP008150,Bánh xốp Nabati phô mai 130g (Lô 130),Hộp,14400,8,Bánh kẹo & Ăn vặt,400
SP008151,Hạt điều rang muối vỏ lụa Bình Phước 500g (Lô 130),Hộp,162000,8,Bánh kẹo & Ăn vặt,407
SP008152,Hạt hướng dương Chacheer 130g (Lô 130),Gói,18000,8,Bánh kẹo & Ăn vặt,414
SP008153,Rong biển sấy vị truyền thống TaoKaeNoi 32g (Lô 130),Gói,31200,8,Bánh kẹo & Ăn vặt,421
SP008154,Nước mắm Nam Ngư Đệ Nhị chai 900ml (Lô 130),Chai,33600,8,Gia vị & Đồ nấu nướng,428
SP008155,Nước mắm Chinsu Cá Hồi chai 500ml (Lô 130),Chai,56400,8,Gia vị & Đồ nấu nướng,435
SP008156,Dầu ăn Simply đậu nành can 1L (Lô 130),Chai,70800,8,Gia vị & Đồ nấu nướng,442
SP008157,Dầu ăn Neptune Gold can 2L (Lô 130),Chai,162000,8,Gia vị & Đồ nấu nướng,449
SP008158,Hạt nêm Knorr thịt thăn xương ống 400g (Lô 130),Gói,44400,8,Gia vị & Đồ nấu nướng,456
SP008159,Bột ngọt Ajinomoto gói 454g (Lô 130),Gói,40800,8,Gia vị & Đồ nấu nướng,463
SP008160,Tương ớt Chinsu nắp bật 250g (Lô 130),Chai,18000,8,Gia vị & Đồ nấu nướng,470
SP008161,Tương cà Cholimex chai 330g (Lô 130),Chai,19200,8,Gia vị & Đồ nấu nướng,477
SP008162,Muối I-ốt Bạc Liêu túi 500g (Lô 130),Gói,7200,8,Gia vị & Đồ nấu nướng,484
SP008163,Đường tinh luyện Biên Hòa Daily 1kg (Lô 130),Gói,37200,8,Gia vị & Đồ nấu nướng,491
SP008164,Mì tôm Hảo Hảo tôm chua cay 75g (Lô 130),Gói,5400,8,Mì gói & Thực phẩm khô,498
SP008165,Mì Omachi sườn hầm ngũ quả 80g (Lô 130),Gói,10200,8,Mì gói & Thực phẩm khô,55
SP008166,Mì trộn Indomie Mi Goreng 85g (Lô 130),Gói,7800,8,Mì gói & Thực phẩm khô,62
SP008167,Phở gà Đệ Nhất Acecook 68g (Lô 130),Gói,9600,8,Mì gói & Thực phẩm khô,69
SP008168,Miến Phú Hương yến tiệc 210g (Lô 130),Gói,26400,8,Mì gói & Thực phẩm khô,76
SP008169,Cháo thịt bằm Cung Đình gói 50g (Lô 130),Gói,8400,8,Mì gói & Thực phẩm khô,83
SP008170,Cá nục sốt cà 3 Cô Gái lon 155g (Lô 130),Lon,22800,8,Mì gói & Thực phẩm khô,90
SP008171,Pate thịt heo Hạ Long lon 150g (Lô 130),Lon,32400,8,Mì gói & Thực phẩm khô,97
SP008172,Mì ly Modern lẩu thái tôm 65g (Lô 130),Ly,11400,8,Mì gói & Thực phẩm khô,104
SP008173,Nước rửa chén Sunlight chanh can 3.6kg (Lô 130),Can,130800,10,Hóa mỹ phẩm & Tẩy rửa,111
SP008174,Nước giặt OMO Matic cửa trên túi 3.6kg (Lô 130),Túi,210000,10,Hóa mỹ phẩm & Tẩy rửa,118
SP008175,Nước xả vải Comfort đậm đặc túi 3.2L (Lô 130),Túi,226800,10,Hóa mỹ phẩm & Tẩy rửa,125
SP008176,Dầu gội Clear thảo dược mát lạnh 630g (Lô 130),Chai,198000,10,Hóa mỹ phẩm & Tẩy rửa,132
SP008177,Dầu gội Pantene suôn mượt 650ml (Lô 130),Chai,186000,10,Hóa mỹ phẩm & Tẩy rửa,139
SP008178,Sữa tắm Lifebuoy bảo vệ vượt trội 800g (Lô 130),Chai,178800,10,Hóa mỹ phẩm & Tẩy rửa,146
SP008179,Kem đánh răng Colgate Total 12 180g (Lô 130),Tuýp,50400,10,Hóa mỹ phẩm & Tẩy rửa,153
SP008180,Bàn chải đánh răng P/S than tre (Lô 130),Cái,21600,10,Hóa mỹ phẩm & Tẩy rửa,160
SP008181,Nước lau sàn Sunlight hoa lily túi 3.6kg (Lô 130),Túi,102000,10,Hóa mỹ phẩm & Tẩy rửa,167
SP008182,Xịt muỗi Raid hương cam chanh 600ml (Lô 130),Chai,81600,10,Hóa mỹ phẩm & Tẩy rửa,174
SP008183,Giấy vệ sinh cuộn cao cấp Pulppy lốc 10 cuộn (Lô 130),Lốc,110400,8,Đồ gia dụng & Tiện ích,181
SP008184,Khăn giấy lụa rút Paseo 200 tờ (Lô 130),Hộp,30000,8,Đồ gia dụng & Tiện ích,188
SP008185,Màng bọc thực phẩm PE Sunhouse 30cmx150m (Lô 130),Hộp,90000,8,Đồ gia dụng & Tiện ích,195
SP008186,Túi rác đen tự hủy sinh học Opec 3 cuộn (Lô 130),Gói,45600,8,Đồ gia dụng & Tiện ích,202
SP008187,Băng dính dán thùng trong suốt 5cm x 100y (Lô 130),Cuộn,19200,8,Đồ gia dụng & Tiện ích,209
SP008188,Pin tiểu AA Panasonic vỉ 4 viên (Lô 130),Vỉ,31200,8,Đồ gia dụng & Tiện ích,216
SP008189,Khẩu trang y tế 4 lớp kháng khuẩn hộp 50 cái (Lô 130),Hộp,42000,8,Đồ gia dụng & Tiện ích,223
SP008190,Nước rửa tay Lifebuoy hương chanh chai 450ml (Lô 130),Chai,62400,8,Đồ gia dụng & Tiện ích,230
SP008191,Coca Cola Sleek 320ml (Lô 131),Lon,11000,8,Đồ uống & Giải khát,237
SP008192,Pepsi Sleek 320ml (Lô 131),Lon,10500,8,Đồ uống & Giải khát,244
SP008193,Nước cam ép Twister 450ml (Lô 131),Chai,12000,8,Đồ uống & Giải khát,251
SP008194,Trà xanh Không Độ 455ml (Lô 131),Chai,10000,8,Đồ uống & Giải khát,258
SP008195,Trà Ô Long Tea+ Plus 455ml (Lô 131),Chai,12000,8,Đồ uống & Giải khát,265
SP008196,Nước tăng lực Red Bull 250ml (Lô 131),Lon,14000,8,Đồ uống & Giải khát,272
SP008197,Nước khoáng Lavie 500ml (Lô 131),Chai,6000,8,Đồ uống & Giải khát,279
SP008198,Nước tinh khiết Aquafina 500ml (Lô 131),Chai,6000,8,Đồ uống & Giải khát,286
SP008199,Cà phê sữa đá Highlands 235ml (Lô 131),Lon,16000,8,Đồ uống & Giải khát,293
SP008200,Bia Heineken Sleek 330ml (Lô 131),Lon,22000,10,Đồ uống & Giải khát,300
SP008201,Bia Tiger Crystal 330ml (Lô 131),Lon,19500,10,Đồ uống & Giải khát,307
SP008202,Bia Sài Gòn Special 330ml (Lô 131),Lon,16500,10,Đồ uống & Giải khát,314
SP008203,Sữa tươi tiệt trùng Vinamilk 180ml (Lô 131),Hộp,8500,0,Đồ uống & Giải khát,321
SP008204,Sữa chua uống Susu 110ml (Lô 131),Chai,6500,0,Đồ uống & Giải khát,328
SP008205,Nước ép bưởi hồng Vfresh 1L (Lô 131),Hộp,39000,8,Đồ uống & Giải khát,335
SP008206,Bánh ChocoPie Orion hộp 12 cái (Lô 131),Hộp,58000,8,Bánh kẹo & Ăn vặt,342
SP008207,Bánh Cosy mè giòn rụm Kinh Đô 288g (Lô 131),Gói,29000,8,Bánh kẹo & Ăn vặt,349
SP008208,Snack khoai tây Ostar vị tảo biển 90g (Lô 131),Gói,19000,8,Bánh kẹo & Ăn vặt,356
SP008209,Snack khoai tây Lay's tự nhiên 95g (Lô 131),Gói,21000,8,Bánh kẹo & Ăn vặt,363
SP008210,Bánh que Pocky socola Glico 40g (Lô 131),Hộp,14000,8,Bánh kẹo & Ăn vặt,370
SP008211,Kẹo dẻo Chupa Chups Sour Tubes 160g (Lô 131),Gói,24000,8,Bánh kẹo & Ăn vặt,377
SP008212,Bánh mì tươi nhân bơ sữa Kinh Đô 80g (Lô 131),Cái,9000,8,Bánh kẹo & Ăn vặt,384
SP008213,Bánh xốp Nabati phô mai 130g (Lô 131),Hộp,12000,8,Bánh kẹo & Ăn vặt,391
SP008214,Hạt điều rang muối vỏ lụa Bình Phước 500g (Lô 131),Hộp,135000,8,Bánh kẹo & Ăn vặt,398
SP008215,Hạt hướng dương Chacheer 130g (Lô 131),Gói,15000,8,Bánh kẹo & Ăn vặt,405
SP008216,Rong biển sấy vị truyền thống TaoKaeNoi 32g (Lô 131),Gói,26000,8,Bánh kẹo & Ăn vặt,412
SP008217,Nước mắm Nam Ngư Đệ Nhị chai 900ml (Lô 131),Chai,28000,8,Gia vị & Đồ nấu nướng,419
SP008218,Nước mắm Chinsu Cá Hồi chai 500ml (Lô 131),Chai,47000,8,Gia vị & Đồ nấu nướng,426
SP008219,Dầu ăn Simply đậu nành can 1L (Lô 131),Chai,59000,8,Gia vị & Đồ nấu nướng,433
SP008220,Dầu ăn Neptune Gold can 2L (Lô 131),Chai,135000,8,Gia vị & Đồ nấu nướng,440
SP008221,Hạt nêm Knorr thịt thăn xương ống 400g (Lô 131),Gói,37000,8,Gia vị & Đồ nấu nướng,447
SP008222,Bột ngọt Ajinomoto gói 454g (Lô 131),Gói,34000,8,Gia vị & Đồ nấu nướng,454
SP008223,Tương ớt Chinsu nắp bật 250g (Lô 131),Chai,15000,8,Gia vị & Đồ nấu nướng,461
SP008224,Tương cà Cholimex chai 330g (Lô 131),Chai,16000,8,Gia vị & Đồ nấu nướng,468
SP008225,Muối I-ốt Bạc Liêu túi 500g (Lô 131),Gói,6000,8,Gia vị & Đồ nấu nướng,475
SP008226,Đường tinh luyện Biên Hòa Daily 1kg (Lô 131),Gói,31000,8,Gia vị & Đồ nấu nướng,482
SP008227,Mì tôm Hảo Hảo tôm chua cay 75g (Lô 131),Gói,4500,8,Mì gói & Thực phẩm khô,489
SP008228,Mì Omachi sườn hầm ngũ quả 80g (Lô 131),Gói,8500,8,Mì gói & Thực phẩm khô,496
SP008229,Mì trộn Indomie Mi Goreng 85g (Lô 131),Gói,6500,8,Mì gói & Thực phẩm khô,53
SP008230,Phở gà Đệ Nhất Acecook 68g (Lô 131),Gói,8000,8,Mì gói & Thực phẩm khô,60
SP008231,Miến Phú Hương yến tiệc 210g (Lô 131),Gói,22000,8,Mì gói & Thực phẩm khô,67
SP008232,Cháo thịt bằm Cung Đình gói 50g (Lô 131),Gói,7000,8,Mì gói & Thực phẩm khô,74
SP008233,Cá nục sốt cà 3 Cô Gái lon 155g (Lô 131),Lon,19000,8,Mì gói & Thực phẩm khô,81
SP008234,Pate thịt heo Hạ Long lon 150g (Lô 131),Lon,27000,8,Mì gói & Thực phẩm khô,88
SP008235,Mì ly Modern lẩu thái tôm 65g (Lô 131),Ly,9500,8,Mì gói & Thực phẩm khô,95
SP008236,Nước rửa chén Sunlight chanh can 3.6kg (Lô 131),Can,109000,10,Hóa mỹ phẩm & Tẩy rửa,102
SP008237,Nước giặt OMO Matic cửa trên túi 3.6kg (Lô 131),Túi,175000,10,Hóa mỹ phẩm & Tẩy rửa,109
SP008238,Nước xả vải Comfort đậm đặc túi 3.2L (Lô 131),Túi,189000,10,Hóa mỹ phẩm & Tẩy rửa,116
SP008239,Dầu gội Clear thảo dược mát lạnh 630g (Lô 131),Chai,165000,10,Hóa mỹ phẩm & Tẩy rửa,123
SP008240,Dầu gội Pantene suôn mượt 650ml (Lô 131),Chai,155000,10,Hóa mỹ phẩm & Tẩy rửa,130
SP008241,Sữa tắm Lifebuoy bảo vệ vượt trội 800g (Lô 131),Chai,149000,10,Hóa mỹ phẩm & Tẩy rửa,137
SP008242,Kem đánh răng Colgate Total 12 180g (Lô 131),Tuýp,42000,10,Hóa mỹ phẩm & Tẩy rửa,144
SP008243,Bàn chải đánh răng P/S than tre (Lô 131),Cái,18000,10,Hóa mỹ phẩm & Tẩy rửa,151
SP008244,Nước lau sàn Sunlight hoa lily túi 3.6kg (Lô 131),Túi,85000,10,Hóa mỹ phẩm & Tẩy rửa,158
SP008245,Xịt muỗi Raid hương cam chanh 600ml (Lô 131),Chai,68000,10,Hóa mỹ phẩm & Tẩy rửa,165
SP008246,Giấy vệ sinh cuộn cao cấp Pulppy lốc 10 cuộn (Lô 131),Lốc,92000,8,Đồ gia dụng & Tiện ích,172
SP008247,Khăn giấy lụa rút Paseo 200 tờ (Lô 131),Hộp,25000,8,Đồ gia dụng & Tiện ích,179
SP008248,Màng bọc thực phẩm PE Sunhouse 30cmx150m (Lô 131),Hộp,75000,8,Đồ gia dụng & Tiện ích,186
SP008249,Túi rác đen tự hủy sinh học Opec 3 cuộn (Lô 131),Gói,38000,8,Đồ gia dụng & Tiện ích,193
SP008250,Băng dính dán thùng trong suốt 5cm x 100y (Lô 131),Cuộn,16000,8,Đồ gia dụng & Tiện ích,200
SP008251,Pin tiểu AA Panasonic vỉ 4 viên (Lô 131),Vỉ,26000,8,Đồ gia dụng & Tiện ích,207
SP008252,Khẩu trang y tế 4 lớp kháng khuẩn hộp 50 cái (Lô 131),Hộp,35000,8,Đồ gia dụng & Tiện ích,214
SP008253,Nước rửa tay Lifebuoy hương chanh chai 450ml (Lô 131),Chai,52000,8,Đồ gia dụng & Tiện ích,221
SP008254,Coca Cola Sleek 320ml (Lô 132),Lon,11550,8,Đồ uống & Giải khát,228
SP008255,Pepsi Sleek 320ml (Lô 132),Lon,11025,8,Đồ uống & Giải khát,235
SP008256,Nước cam ép Twister 450ml (Lô 132),Chai,12600,8,Đồ uống & Giải khát,242
SP008257,Trà xanh Không Độ 455ml (Lô 132),Chai,10500,8,Đồ uống & Giải khát,249
SP008258,Trà Ô Long Tea+ Plus 455ml (Lô 132),Chai,12600,8,Đồ uống & Giải khát,256
SP008259,Nước tăng lực Red Bull 250ml (Lô 132),Lon,14700,8,Đồ uống & Giải khát,263
SP008260,Nước khoáng Lavie 500ml (Lô 132),Chai,6300,8,Đồ uống & Giải khát,270
SP008261,Nước tinh khiết Aquafina 500ml (Lô 132),Chai,6300,8,Đồ uống & Giải khát,277
SP008262,Cà phê sữa đá Highlands 235ml (Lô 132),Lon,16800,8,Đồ uống & Giải khát,284
SP008263,Bia Heineken Sleek 330ml (Lô 132),Lon,23100,10,Đồ uống & Giải khát,291
SP008264,Bia Tiger Crystal 330ml (Lô 132),Lon,20475,10,Đồ uống & Giải khát,298
SP008265,Bia Sài Gòn Special 330ml (Lô 132),Lon,17325,10,Đồ uống & Giải khát,305
SP008266,Sữa tươi tiệt trùng Vinamilk 180ml (Lô 132),Hộp,8925,0,Đồ uống & Giải khát,312
SP008267,Sữa chua uống Susu 110ml (Lô 132),Chai,6825,0,Đồ uống & Giải khát,319
SP008268,Nước ép bưởi hồng Vfresh 1L (Lô 132),Hộp,40950,8,Đồ uống & Giải khát,326
SP008269,Bánh ChocoPie Orion hộp 12 cái (Lô 132),Hộp,60900,8,Bánh kẹo & Ăn vặt,333
SP008270,Bánh Cosy mè giòn rụm Kinh Đô 288g (Lô 132),Gói,30450,8,Bánh kẹo & Ăn vặt,340
SP008271,Snack khoai tây Ostar vị tảo biển 90g (Lô 132),Gói,19950,8,Bánh kẹo & Ăn vặt,347
SP008272,Snack khoai tây Lay's tự nhiên 95g (Lô 132),Gói,22050,8,Bánh kẹo & Ăn vặt,354
SP008273,Bánh que Pocky socola Glico 40g (Lô 132),Hộp,14700,8,Bánh kẹo & Ăn vặt,361
SP008274,Kẹo dẻo Chupa Chups Sour Tubes 160g (Lô 132),Gói,25200,8,Bánh kẹo & Ăn vặt,368
SP008275,Bánh mì tươi nhân bơ sữa Kinh Đô 80g (Lô 132),Cái,9450,8,Bánh kẹo & Ăn vặt,375
SP008276,Bánh xốp Nabati phô mai 130g (Lô 132),Hộp,12600,8,Bánh kẹo & Ăn vặt,382
SP008277,Hạt điều rang muối vỏ lụa Bình Phước 500g (Lô 132),Hộp,141750,8,Bánh kẹo & Ăn vặt,389
SP008278,Hạt hướng dương Chacheer 130g (Lô 132),Gói,15750,8,Bánh kẹo & Ăn vặt,396
SP008279,Rong biển sấy vị truyền thống TaoKaeNoi 32g (Lô 132),Gói,27300,8,Bánh kẹo & Ăn vặt,403
SP008280,Nước mắm Nam Ngư Đệ Nhị chai 900ml (Lô 132),Chai,29400,8,Gia vị & Đồ nấu nướng,410
SP008281,Nước mắm Chinsu Cá Hồi chai 500ml (Lô 132),Chai,49350,8,Gia vị & Đồ nấu nướng,417
SP008282,Dầu ăn Simply đậu nành can 1L (Lô 132),Chai,61950,8,Gia vị & Đồ nấu nướng,424
SP008283,Dầu ăn Neptune Gold can 2L (Lô 132),Chai,141750,8,Gia vị & Đồ nấu nướng,431
SP008284,Hạt nêm Knorr thịt thăn xương ống 400g (Lô 132),Gói,38850,8,Gia vị & Đồ nấu nướng,438
SP008285,Bột ngọt Ajinomoto gói 454g (Lô 132),Gói,35700,8,Gia vị & Đồ nấu nướng,445
SP008286,Tương ớt Chinsu nắp bật 250g (Lô 132),Chai,15750,8,Gia vị & Đồ nấu nướng,452
SP008287,Tương cà Cholimex chai 330g (Lô 132),Chai,16800,8,Gia vị & Đồ nấu nướng,459
SP008288,Muối I-ốt Bạc Liêu túi 500g (Lô 132),Gói,6300,8,Gia vị & Đồ nấu nướng,466
SP008289,Đường tinh luyện Biên Hòa Daily 1kg (Lô 132),Gói,32550,8,Gia vị & Đồ nấu nướng,473
SP008290,Mì tôm Hảo Hảo tôm chua cay 75g (Lô 132),Gói,4725,8,Mì gói & Thực phẩm khô,480
SP008291,Mì Omachi sườn hầm ngũ quả 80g (Lô 132),Gói,8925,8,Mì gói & Thực phẩm khô,487
SP008292,Mì trộn Indomie Mi Goreng 85g (Lô 132),Gói,6825,8,Mì gói & Thực phẩm khô,494
SP008293,Phở gà Đệ Nhất Acecook 68g (Lô 132),Gói,8400,8,Mì gói & Thực phẩm khô,51
SP008294,Miến Phú Hương yến tiệc 210g (Lô 132),Gói,23100,8,Mì gói & Thực phẩm khô,58
SP008295,Cháo thịt bằm Cung Đình gói 50g (Lô 132),Gói,7350,8,Mì gói & Thực phẩm khô,65
SP008296,Cá nục sốt cà 3 Cô Gái lon 155g (Lô 132),Lon,19950,8,Mì gói & Thực phẩm khô,72
SP008297,Pate thịt heo Hạ Long lon 150g (Lô 132),Lon,28350,8,Mì gói & Thực phẩm khô,79
SP008298,Mì ly Modern lẩu thái tôm 65g (Lô 132),Ly,9975,8,Mì gói & Thực phẩm khô,86
SP008299,Nước rửa chén Sunlight chanh can 3.6kg (Lô 132),Can,114450,10,Hóa mỹ phẩm & Tẩy rửa,93
SP008300,Nước giặt OMO Matic cửa trên túi 3.6kg (Lô 132),Túi,183750,10,Hóa mỹ phẩm & Tẩy rửa,100
SP008301,Nước xả vải Comfort đậm đặc túi 3.2L (Lô 132),Túi,198450,10,Hóa mỹ phẩm & Tẩy rửa,107
SP008302,Dầu gội Clear thảo dược mát lạnh 630g (Lô 132),Chai,173250,10,Hóa mỹ phẩm & Tẩy rửa,114
SP008303,Dầu gội Pantene suôn mượt 650ml (Lô 132),Chai,162750,10,Hóa mỹ phẩm & Tẩy rửa,121
SP008304,Sữa tắm Lifebuoy bảo vệ vượt trội 800g (Lô 132),Chai,156450,10,Hóa mỹ phẩm & Tẩy rửa,128
SP008305,Kem đánh răng Colgate Total 12 180g (Lô 132),Tuýp,44100,10,Hóa mỹ phẩm & Tẩy rửa,135
SP008306,Bàn chải đánh răng P/S than tre (Lô 132),Cái,18900,10,Hóa mỹ phẩm & Tẩy rửa,142
SP008307,Nước lau sàn Sunlight hoa lily túi 3.6kg (Lô 132),Túi,89250,10,Hóa mỹ phẩm & Tẩy rửa,149
SP008308,Xịt muỗi Raid hương cam chanh 600ml (Lô 132),Chai,71400,10,Hóa mỹ phẩm & Tẩy rửa,156
SP008309,Giấy vệ sinh cuộn cao cấp Pulppy lốc 10 cuộn (Lô 132),Lốc,96600,8,Đồ gia dụng & Tiện ích,163
SP008310,Khăn giấy lụa rút Paseo 200 tờ (Lô 132),Hộp,26250,8,Đồ gia dụng & Tiện ích,170
SP008311,Màng bọc thực phẩm PE Sunhouse 30cmx150m (Lô 132),Hộp,78750,8,Đồ gia dụng & Tiện ích,177
SP008312,Túi rác đen tự hủy sinh học Opec 3 cuộn (Lô 132),Gói,39900,8,Đồ gia dụng & Tiện ích,184
SP008313,Băng dính dán thùng trong suốt 5cm x 100y (Lô 132),Cuộn,16800,8,Đồ gia dụng & Tiện ích,191
SP008314,Pin tiểu AA Panasonic vỉ 4 viên (Lô 132),Vỉ,27300,8,Đồ gia dụng & Tiện ích,198
SP008315,Khẩu trang y tế 4 lớp kháng khuẩn hộp 50 cái (Lô 132),Hộp,36750,8,Đồ gia dụng & Tiện ích,205
SP008316,Nước rửa tay Lifebuoy hương chanh chai 450ml (Lô 132),Chai,54600,8,Đồ gia dụng & Tiện ích,212
SP008317,Coca Cola Sleek 320ml (Lô 133),Lon,12100,8,Đồ uống & Giải khát,219
SP008318,Pepsi Sleek 320ml (Lô 133),Lon,11550,8,Đồ uống & Giải khát,226
SP008319,Nước cam ép Twister 450ml (Lô 133),Chai,13200,8,Đồ uống & Giải khát,233
SP008320,Trà xanh Không Độ 455ml (Lô 133),Chai,11000,8,Đồ uống & Giải khát,240
SP008321,Trà Ô Long Tea+ Plus 455ml (Lô 133),Chai,13200,8,Đồ uống & Giải khát,247
SP008322,Nước tăng lực Red Bull 250ml (Lô 133),Lon,15400,8,Đồ uống & Giải khát,254
SP008323,Nước khoáng Lavie 500ml (Lô 133),Chai,6600,8,Đồ uống & Giải khát,261
SP008324,Nước tinh khiết Aquafina 500ml (Lô 133),Chai,6600,8,Đồ uống & Giải khát,268
SP008325,Cà phê sữa đá Highlands 235ml (Lô 133),Lon,17600,8,Đồ uống & Giải khát,275
SP008326,Bia Heineken Sleek 330ml (Lô 133),Lon,24200,10,Đồ uống & Giải khát,282
SP008327,Bia Tiger Crystal 330ml (Lô 133),Lon,21450,10,Đồ uống & Giải khát,289
SP008328,Bia Sài Gòn Special 330ml (Lô 133),Lon,18150,10,Đồ uống & Giải khát,296
SP008329,Sữa tươi tiệt trùng Vinamilk 180ml (Lô 133),Hộp,9350,0,Đồ uống & Giải khát,303
SP008330,Sữa chua uống Susu 110ml (Lô 133),Chai,7150,0,Đồ uống & Giải khát,310
SP008331,Nước ép bưởi hồng Vfresh 1L (Lô 133),Hộp,42900,8,Đồ uống & Giải khát,317
SP008332,Bánh ChocoPie Orion hộp 12 cái (Lô 133),Hộp,63800,8,Bánh kẹo & Ăn vặt,324
SP008333,Bánh Cosy mè giòn rụm Kinh Đô 288g (Lô 133),Gói,31900,8,Bánh kẹo & Ăn vặt,331
SP008334,Snack khoai tây Ostar vị tảo biển 90g (Lô 133),Gói,20900,8,Bánh kẹo & Ăn vặt,338
SP008335,Snack khoai tây Lay's tự nhiên 95g (Lô 133),Gói,23100,8,Bánh kẹo & Ăn vặt,345
SP008336,Bánh que Pocky socola Glico 40g (Lô 133),Hộp,15400,8,Bánh kẹo & Ăn vặt,352
SP008337,Kẹo dẻo Chupa Chups Sour Tubes 160g (Lô 133),Gói,26400,8,Bánh kẹo & Ăn vặt,359
SP008338,Bánh mì tươi nhân bơ sữa Kinh Đô 80g (Lô 133),Cái,9900,8,Bánh kẹo & Ăn vặt,366
SP008339,Bánh xốp Nabati phô mai 130g (Lô 133),Hộp,13200,8,Bánh kẹo & Ăn vặt,373
SP008340,Hạt điều rang muối vỏ lụa Bình Phước 500g (Lô 133),Hộp,148500,8,Bánh kẹo & Ăn vặt,380
SP008341,Hạt hướng dương Chacheer 130g (Lô 133),Gói,16500,8,Bánh kẹo & Ăn vặt,387
SP008342,Rong biển sấy vị truyền thống TaoKaeNoi 32g (Lô 133),Gói,28600,8,Bánh kẹo & Ăn vặt,394
SP008343,Nước mắm Nam Ngư Đệ Nhị chai 900ml (Lô 133),Chai,30800,8,Gia vị & Đồ nấu nướng,401
SP008344,Nước mắm Chinsu Cá Hồi chai 500ml (Lô 133),Chai,51700,8,Gia vị & Đồ nấu nướng,408
SP008345,Dầu ăn Simply đậu nành can 1L (Lô 133),Chai,64900,8,Gia vị & Đồ nấu nướng,415
SP008346,Dầu ăn Neptune Gold can 2L (Lô 133),Chai,148500,8,Gia vị & Đồ nấu nướng,422
SP008347,Hạt nêm Knorr thịt thăn xương ống 400g (Lô 133),Gói,40700,8,Gia vị & Đồ nấu nướng,429
SP008348,Bột ngọt Ajinomoto gói 454g (Lô 133),Gói,37400,8,Gia vị & Đồ nấu nướng,436
SP008349,Tương ớt Chinsu nắp bật 250g (Lô 133),Chai,16500,8,Gia vị & Đồ nấu nướng,443
SP008350,Tương cà Cholimex chai 330g (Lô 133),Chai,17600,8,Gia vị & Đồ nấu nướng,450
SP008351,Muối I-ốt Bạc Liêu túi 500g (Lô 133),Gói,6600,8,Gia vị & Đồ nấu nướng,457
SP008352,Đường tinh luyện Biên Hòa Daily 1kg (Lô 133),Gói,34100,8,Gia vị & Đồ nấu nướng,464
SP008353,Mì tôm Hảo Hảo tôm chua cay 75g (Lô 133),Gói,4950,8,Mì gói & Thực phẩm khô,471
SP008354,Mì Omachi sườn hầm ngũ quả 80g (Lô 133),Gói,9350,8,Mì gói & Thực phẩm khô,478
SP008355,Mì trộn Indomie Mi Goreng 85g (Lô 133),Gói,7150,8,Mì gói & Thực phẩm khô,485
SP008356,Phở gà Đệ Nhất Acecook 68g (Lô 133),Gói,8800,8,Mì gói & Thực phẩm khô,492
SP008357,Miến Phú Hương yến tiệc 210g (Lô 133),Gói,24200,8,Mì gói & Thực phẩm khô,499
SP008358,Cháo thịt bằm Cung Đình gói 50g (Lô 133),Gói,7700,8,Mì gói & Thực phẩm khô,56
SP008359,Cá nục sốt cà 3 Cô Gái lon 155g (Lô 133),Lon,20900,8,Mì gói & Thực phẩm khô,63
SP008360,Pate thịt heo Hạ Long lon 150g (Lô 133),Lon,29700,8,Mì gói & Thực phẩm khô,70
SP008361,Mì ly Modern lẩu thái tôm 65g (Lô 133),Ly,10450,8,Mì gói & Thực phẩm khô,77
SP008362,Nước rửa chén Sunlight chanh can 3.6kg (Lô 133),Can,119900,10,Hóa mỹ phẩm & Tẩy rửa,84
SP008363,Nước giặt OMO Matic cửa trên túi 3.6kg (Lô 133),Túi,192500,10,Hóa mỹ phẩm & Tẩy rửa,91
SP008364,Nước xả vải Comfort đậm đặc túi 3.2L (Lô 133),Túi,207900,10,Hóa mỹ phẩm & Tẩy rửa,98
SP008365,Dầu gội Clear thảo dược mát lạnh 630g (Lô 133),Chai,181500,10,Hóa mỹ phẩm & Tẩy rửa,105
SP008366,Dầu gội Pantene suôn mượt 650ml (Lô 133),Chai,170500,10,Hóa mỹ phẩm & Tẩy rửa,112
SP008367,Sữa tắm Lifebuoy bảo vệ vượt trội 800g (Lô 133),Chai,163900,10,Hóa mỹ phẩm & Tẩy rửa,119
SP008368,Kem đánh răng Colgate Total 12 180g (Lô 133),Tuýp,46200,10,Hóa mỹ phẩm & Tẩy rửa,126
SP008369,Bàn chải đánh răng P/S than tre (Lô 133),Cái,19800,10,Hóa mỹ phẩm & Tẩy rửa,133
SP008370,Nước lau sàn Sunlight hoa lily túi 3.6kg (Lô 133),Túi,93500,10,Hóa mỹ phẩm & Tẩy rửa,140
SP008371,Xịt muỗi Raid hương cam chanh 600ml (Lô 133),Chai,74800,10,Hóa mỹ phẩm & Tẩy rửa,147
SP008372,Giấy vệ sinh cuộn cao cấp Pulppy lốc 10 cuộn (Lô 133),Lốc,101200,8,Đồ gia dụng & Tiện ích,154
SP008373,Khăn giấy lụa rút Paseo 200 tờ (Lô 133),Hộp,27500,8,Đồ gia dụng & Tiện ích,161
SP008374,Màng bọc thực phẩm PE Sunhouse 30cmx150m (Lô 133),Hộp,82500,8,Đồ gia dụng & Tiện ích,168
SP008375,Túi rác đen tự hủy sinh học Opec 3 cuộn (Lô 133),Gói,41800,8,Đồ gia dụng & Tiện ích,175
SP008376,Băng dính dán thùng trong suốt 5cm x 100y (Lô 133),Cuộn,17600,8,Đồ gia dụng & Tiện ích,182
SP008377,Pin tiểu AA Panasonic vỉ 4 viên (Lô 133),Vỉ,28600,8,Đồ gia dụng & Tiện ích,189
SP008378,Khẩu trang y tế 4 lớp kháng khuẩn hộp 50 cái (Lô 133),Hộp,38500,8,Đồ gia dụng & Tiện ích,196
SP008379,Nước rửa tay Lifebuoy hương chanh chai 450ml (Lô 133),Chai,57200,8,Đồ gia dụng & Tiện ích,203
SP008380,Coca Cola Sleek 320ml (Lô 134),Lon,12649,8,Đồ uống & Giải khát,210
SP008381,Pepsi Sleek 320ml (Lô 134),Lon,12074,8,Đồ uống & Giải khát,217
SP008382,Nước cam ép Twister 450ml (Lô 134),Chai,13799,8,Đồ uống & Giải khát,224
SP008383,Trà xanh Không Độ 455ml (Lô 134),Chai,11500,8,Đồ uống & Giải khát,231
SP008384,Trà Ô Long Tea+ Plus 455ml (Lô 134),Chai,13799,8,Đồ uống & Giải khát,238
SP008385,Nước tăng lực Red Bull 250ml (Lô 134),Lon,16099,8,Đồ uống & Giải khát,245
SP008386,Nước khoáng Lavie 500ml (Lô 134),Chai,6899,8,Đồ uống & Giải khát,252
SP008387,Nước tinh khiết Aquafina 500ml (Lô 134),Chai,6899,8,Đồ uống & Giải khát,259
SP008388,Cà phê sữa đá Highlands 235ml (Lô 134),Lon,18400,8,Đồ uống & Giải khát,266
SP008389,Bia Heineken Sleek 330ml (Lô 134),Lon,25299,10,Đồ uống & Giải khát,273
SP008390,Bia Tiger Crystal 330ml (Lô 134),Lon,22425,10,Đồ uống & Giải khát,280
SP008391,Bia Sài Gòn Special 330ml (Lô 134),Lon,18975,10,Đồ uống & Giải khát,287
SP008392,Sữa tươi tiệt trùng Vinamilk 180ml (Lô 134),Hộp,9775,0,Đồ uống & Giải khát,294
SP008393,Sữa chua uống Susu 110ml (Lô 134),Chai,7474,0,Đồ uống & Giải khát,301
SP008394,Nước ép bưởi hồng Vfresh 1L (Lô 134),Hộp,44850,8,Đồ uống & Giải khát,308
SP008395,Bánh ChocoPie Orion hộp 12 cái (Lô 134),Hộp,66700,8,Bánh kẹo & Ăn vặt,315
SP008396,Bánh Cosy mè giòn rụm Kinh Đô 288g (Lô 134),Gói,33350,8,Bánh kẹo & Ăn vặt,322
SP008397,Snack khoai tây Ostar vị tảo biển 90g (Lô 134),Gói,21850,8,Bánh kẹo & Ăn vặt,329
SP008398,Snack khoai tây Lay's tự nhiên 95g (Lô 134),Gói,24149,8,Bánh kẹo & Ăn vặt,336
SP008399,Bánh que Pocky socola Glico 40g (Lô 134),Hộp,16099,8,Bánh kẹo & Ăn vặt,343
SP008400,Kẹo dẻo Chupa Chups Sour Tubes 160g (Lô 134),Gói,27599,8,Bánh kẹo & Ăn vặt,350
SP008401,Bánh mì tươi nhân bơ sữa Kinh Đô 80g (Lô 134),Cái,10350,8,Bánh kẹo & Ăn vặt,357
SP008402,Bánh xốp Nabati phô mai 130g (Lô 134),Hộp,13799,8,Bánh kẹo & Ăn vặt,364
SP008403,Hạt điều rang muối vỏ lụa Bình Phước 500g (Lô 134),Hộp,155250,8,Bánh kẹo & Ăn vặt,371
SP008404,Hạt hướng dương Chacheer 130g (Lô 134),Gói,17250,8,Bánh kẹo & Ăn vặt,378
SP008405,Rong biển sấy vị truyền thống TaoKaeNoi 32g (Lô 134),Gói,29899,8,Bánh kẹo & Ăn vặt,385
SP008406,Nước mắm Nam Ngư Đệ Nhị chai 900ml (Lô 134),Chai,32199,8,Gia vị & Đồ nấu nướng,392
SP008407,Nước mắm Chinsu Cá Hồi chai 500ml (Lô 134),Chai,54049,8,Gia vị & Đồ nấu nướng,399
SP008408,Dầu ăn Simply đậu nành can 1L (Lô 134),Chai,67850,8,Gia vị & Đồ nấu nướng,406
SP008409,Dầu ăn Neptune Gold can 2L (Lô 134),Chai,155250,8,Gia vị & Đồ nấu nướng,413
SP008410,Hạt nêm Knorr thịt thăn xương ống 400g (Lô 134),Gói,42550,8,Gia vị & Đồ nấu nướng,420
SP008411,Bột ngọt Ajinomoto gói 454g (Lô 134),Gói,39100,8,Gia vị & Đồ nấu nướng,427
SP008412,Tương ớt Chinsu nắp bật 250g (Lô 134),Chai,17250,8,Gia vị & Đồ nấu nướng,434
SP008413,Tương cà Cholimex chai 330g (Lô 134),Chai,18400,8,Gia vị & Đồ nấu nướng,441
SP008414,Muối I-ốt Bạc Liêu túi 500g (Lô 134),Gói,6899,8,Gia vị & Đồ nấu nướng,448
SP008415,Đường tinh luyện Biên Hòa Daily 1kg (Lô 134),Gói,35650,8,Gia vị & Đồ nấu nướng,455
SP008416,Mì tôm Hảo Hảo tôm chua cay 75g (Lô 134),Gói,5175,8,Mì gói & Thực phẩm khô,462
SP008417,Mì Omachi sườn hầm ngũ quả 80g (Lô 134),Gói,9775,8,Mì gói & Thực phẩm khô,469
SP008418,Mì trộn Indomie Mi Goreng 85g (Lô 134),Gói,7474,8,Mì gói & Thực phẩm khô,476
SP008419,Phở gà Đệ Nhất Acecook 68g (Lô 134),Gói,9200,8,Mì gói & Thực phẩm khô,483
SP008420,Miến Phú Hương yến tiệc 210g (Lô 134),Gói,25299,8,Mì gói & Thực phẩm khô,490
SP008421,Cháo thịt bằm Cung Đình gói 50g (Lô 134),Gói,8049,8,Mì gói & Thực phẩm khô,497
SP008422,Cá nục sốt cà 3 Cô Gái lon 155g (Lô 134),Lon,21850,8,Mì gói & Thực phẩm khô,54
SP008423,Pate thịt heo Hạ Long lon 150g (Lô 134),Lon,31049,8,Mì gói & Thực phẩm khô,61
SP008424,Mì ly Modern lẩu thái tôm 65g (Lô 134),Ly,10925,8,Mì gói & Thực phẩm khô,68
SP008425,Nước rửa chén Sunlight chanh can 3.6kg (Lô 134),Can,125349,10,Hóa mỹ phẩm & Tẩy rửa,75
SP008426,Nước giặt OMO Matic cửa trên túi 3.6kg (Lô 134),Túi,201249,10,Hóa mỹ phẩm & Tẩy rửa,82
SP008427,Nước xả vải Comfort đậm đặc túi 3.2L (Lô 134),Túi,217349,10,Hóa mỹ phẩm & Tẩy rửa,89
SP008428,Dầu gội Clear thảo dược mát lạnh 630g (Lô 134),Chai,189749,10,Hóa mỹ phẩm & Tẩy rửa,96
SP008429,Dầu gội Pantene suôn mượt 650ml (Lô 134),Chai,178250,10,Hóa mỹ phẩm & Tẩy rửa,103
SP008430,Sữa tắm Lifebuoy bảo vệ vượt trội 800g (Lô 134),Chai,171350,10,Hóa mỹ phẩm & Tẩy rửa,110
SP008431,Kem đánh răng Colgate Total 12 180g (Lô 134),Tuýp,48299,10,Hóa mỹ phẩm & Tẩy rửa,117
SP008432,Bàn chải đánh răng P/S than tre (Lô 134),Cái,20700,10,Hóa mỹ phẩm & Tẩy rửa,124
SP008433,Nước lau sàn Sunlight hoa lily túi 3.6kg (Lô 134),Túi,97749,10,Hóa mỹ phẩm & Tẩy rửa,131
SP008434,Xịt muỗi Raid hương cam chanh 600ml (Lô 134),Chai,78200,10,Hóa mỹ phẩm & Tẩy rửa,138
SP008435,Giấy vệ sinh cuộn cao cấp Pulppy lốc 10 cuộn (Lô 134),Lốc,105799,8,Đồ gia dụng & Tiện ích,145
SP008436,Khăn giấy lụa rút Paseo 200 tờ (Lô 134),Hộp,28749,8,Đồ gia dụng & Tiện ích,152
SP008437,Màng bọc thực phẩm PE Sunhouse 30cmx150m (Lô 134),Hộp,86250,8,Đồ gia dụng & Tiện ích,159
SP008438,Túi rác đen tự hủy sinh học Opec 3 cuộn (Lô 134),Gói,43700,8,Đồ gia dụng & Tiện ích,166
SP008439,Băng dính dán thùng trong suốt 5cm x 100y (Lô 134),Cuộn,18400,8,Đồ gia dụng & Tiện ích,173
SP008440,Pin tiểu AA Panasonic vỉ 4 viên (Lô 134),Vỉ,29899,8,Đồ gia dụng & Tiện ích,180
SP008441,Khẩu trang y tế 4 lớp kháng khuẩn hộp 50 cái (Lô 134),Hộp,40250,8,Đồ gia dụng & Tiện ích,187
SP008442,Nước rửa tay Lifebuoy hương chanh chai 450ml (Lô 134),Chai,59799,8,Đồ gia dụng & Tiện ích,194
SP008443,Coca Cola Sleek 320ml (Lô 135),Lon,13200,8,Đồ uống & Giải khát,201
SP008444,Pepsi Sleek 320ml (Lô 135),Lon,12600,8,Đồ uống & Giải khát,208
SP008445,Nước cam ép Twister 450ml (Lô 135),Chai,14400,8,Đồ uống & Giải khát,215
SP008446,Trà xanh Không Độ 455ml (Lô 135),Chai,12000,8,Đồ uống & Giải khát,222
SP008447,Trà Ô Long Tea+ Plus 455ml (Lô 135),Chai,14400,8,Đồ uống & Giải khát,229
SP008448,Nước tăng lực Red Bull 250ml (Lô 135),Lon,16800,8,Đồ uống & Giải khát,236
SP008449,Nước khoáng Lavie 500ml (Lô 135),Chai,7200,8,Đồ uống & Giải khát,243
SP008450,Nước tinh khiết Aquafina 500ml (Lô 135),Chai,7200,8,Đồ uống & Giải khát,250
SP008451,Cà phê sữa đá Highlands 235ml (Lô 135),Lon,19200,8,Đồ uống & Giải khát,257
SP008452,Bia Heineken Sleek 330ml (Lô 135),Lon,26400,10,Đồ uống & Giải khát,264
SP008453,Bia Tiger Crystal 330ml (Lô 135),Lon,23400,10,Đồ uống & Giải khát,271
SP008454,Bia Sài Gòn Special 330ml (Lô 135),Lon,19800,10,Đồ uống & Giải khát,278
SP008455,Sữa tươi tiệt trùng Vinamilk 180ml (Lô 135),Hộp,10200,0,Đồ uống & Giải khát,285
SP008456,Sữa chua uống Susu 110ml (Lô 135),Chai,7800,0,Đồ uống & Giải khát,292
SP008457,Nước ép bưởi hồng Vfresh 1L (Lô 135),Hộp,46800,8,Đồ uống & Giải khát,299
SP008458,Bánh ChocoPie Orion hộp 12 cái (Lô 135),Hộp,69600,8,Bánh kẹo & Ăn vặt,306
SP008459,Bánh Cosy mè giòn rụm Kinh Đô 288g (Lô 135),Gói,34800,8,Bánh kẹo & Ăn vặt,313
SP008460,Snack khoai tây Ostar vị tảo biển 90g (Lô 135),Gói,22800,8,Bánh kẹo & Ăn vặt,320
SP008461,Snack khoai tây Lay's tự nhiên 95g (Lô 135),Gói,25200,8,Bánh kẹo & Ăn vặt,327
SP008462,Bánh que Pocky socola Glico 40g (Lô 135),Hộp,16800,8,Bánh kẹo & Ăn vặt,334
SP008463,Kẹo dẻo Chupa Chups Sour Tubes 160g (Lô 135),Gói,28800,8,Bánh kẹo & Ăn vặt,341
SP008464,Bánh mì tươi nhân bơ sữa Kinh Đô 80g (Lô 135),Cái,10800,8,Bánh kẹo & Ăn vặt,348
SP008465,Bánh xốp Nabati phô mai 130g (Lô 135),Hộp,14400,8,Bánh kẹo & Ăn vặt,355
SP008466,Hạt điều rang muối vỏ lụa Bình Phước 500g (Lô 135),Hộp,162000,8,Bánh kẹo & Ăn vặt,362
SP008467,Hạt hướng dương Chacheer 130g (Lô 135),Gói,18000,8,Bánh kẹo & Ăn vặt,369
SP008468,Rong biển sấy vị truyền thống TaoKaeNoi 32g (Lô 135),Gói,31200,8,Bánh kẹo & Ăn vặt,376
SP008469,Nước mắm Nam Ngư Đệ Nhị chai 900ml (Lô 135),Chai,33600,8,Gia vị & Đồ nấu nướng,383
SP008470,Nước mắm Chinsu Cá Hồi chai 500ml (Lô 135),Chai,56400,8,Gia vị & Đồ nấu nướng,390
SP008471,Dầu ăn Simply đậu nành can 1L (Lô 135),Chai,70800,8,Gia vị & Đồ nấu nướng,397
SP008472,Dầu ăn Neptune Gold can 2L (Lô 135),Chai,162000,8,Gia vị & Đồ nấu nướng,404
SP008473,Hạt nêm Knorr thịt thăn xương ống 400g (Lô 135),Gói,44400,8,Gia vị & Đồ nấu nướng,411
SP008474,Bột ngọt Ajinomoto gói 454g (Lô 135),Gói,40800,8,Gia vị & Đồ nấu nướng,418
SP008475,Tương ớt Chinsu nắp bật 250g (Lô 135),Chai,18000,8,Gia vị & Đồ nấu nướng,425
SP008476,Tương cà Cholimex chai 330g (Lô 135),Chai,19200,8,Gia vị & Đồ nấu nướng,432
SP008477,Muối I-ốt Bạc Liêu túi 500g (Lô 135),Gói,7200,8,Gia vị & Đồ nấu nướng,439
SP008478,Đường tinh luyện Biên Hòa Daily 1kg (Lô 135),Gói,37200,8,Gia vị & Đồ nấu nướng,446
SP008479,Mì tôm Hảo Hảo tôm chua cay 75g (Lô 135),Gói,5400,8,Mì gói & Thực phẩm khô,453
SP008480,Mì Omachi sườn hầm ngũ quả 80g (Lô 135),Gói,10200,8,Mì gói & Thực phẩm khô,460
SP008481,Mì trộn Indomie Mi Goreng 85g (Lô 135),Gói,7800,8,Mì gói & Thực phẩm khô,467
SP008482,Phở gà Đệ Nhất Acecook 68g (Lô 135),Gói,9600,8,Mì gói & Thực phẩm khô,474
SP008483,Miến Phú Hương yến tiệc 210g (Lô 135),Gói,26400,8,Mì gói & Thực phẩm khô,481
SP008484,Cháo thịt bằm Cung Đình gói 50g (Lô 135),Gói,8400,8,Mì gói & Thực phẩm khô,488
SP008485,Cá nục sốt cà 3 Cô Gái lon 155g (Lô 135),Lon,22800,8,Mì gói & Thực phẩm khô,495
SP008486,Pate thịt heo Hạ Long lon 150g (Lô 135),Lon,32400,8,Mì gói & Thực phẩm khô,52
SP008487,Mì ly Modern lẩu thái tôm 65g (Lô 135),Ly,11400,8,Mì gói & Thực phẩm khô,59
SP008488,Nước rửa chén Sunlight chanh can 3.6kg (Lô 135),Can,130800,10,Hóa mỹ phẩm & Tẩy rửa,66
SP008489,Nước giặt OMO Matic cửa trên túi 3.6kg (Lô 135),Túi,210000,10,Hóa mỹ phẩm & Tẩy rửa,73
SP008490,Nước xả vải Comfort đậm đặc túi 3.2L (Lô 135),Túi,226800,10,Hóa mỹ phẩm & Tẩy rửa,80
SP008491,Dầu gội Clear thảo dược mát lạnh 630g (Lô 135),Chai,198000,10,Hóa mỹ phẩm & Tẩy rửa,87
SP008492,Dầu gội Pantene suôn mượt 650ml (Lô 135),Chai,186000,10,Hóa mỹ phẩm & Tẩy rửa,94
SP008493,Sữa tắm Lifebuoy bảo vệ vượt trội 800g (Lô 135),Chai,178800,10,Hóa mỹ phẩm & Tẩy rửa,101
SP008494,Kem đánh răng Colgate Total 12 180g (Lô 135),Tuýp,50400,10,Hóa mỹ phẩm & Tẩy rửa,108
SP008495,Bàn chải đánh răng P/S than tre (Lô 135),Cái,21600,10,Hóa mỹ phẩm & Tẩy rửa,115
SP008496,Nước lau sàn Sunlight hoa lily túi 3.6kg (Lô 135),Túi,102000,10,Hóa mỹ phẩm & Tẩy rửa,122
SP008497,Xịt muỗi Raid hương cam chanh 600ml (Lô 135),Chai,81600,10,Hóa mỹ phẩm & Tẩy rửa,129
SP008498,Giấy vệ sinh cuộn cao cấp Pulppy lốc 10 cuộn (Lô 135),Lốc,110400,8,Đồ gia dụng & Tiện ích,136
SP008499,Khăn giấy lụa rút Paseo 200 tờ (Lô 135),Hộp,30000,8,Đồ gia dụng & Tiện ích,143
SP008500,Màng bọc thực phẩm PE Sunhouse 30cmx150m (Lô 135),Hộp,90000,8,Đồ gia dụng & Tiện ích,150
SP008501,Túi rác đen tự hủy sinh học Opec 3 cuộn (Lô 135),Gói,45600,8,Đồ gia dụng & Tiện ích,157
SP008502,Băng dính dán thùng trong suốt 5cm x 100y (Lô 135),Cuộn,19200,8,Đồ gia dụng & Tiện ích,164
SP008503,Pin tiểu AA Panasonic vỉ 4 viên (Lô 135),Vỉ,31200,8,Đồ gia dụng & Tiện ích,171
SP008504,Khẩu trang y tế 4 lớp kháng khuẩn hộp 50 cái (Lô 135),Hộp,42000,8,Đồ gia dụng & Tiện ích,178
SP008505,Nước rửa tay Lifebuoy hương chanh chai 450ml (Lô 135),Chai,62400,8,Đồ gia dụng & Tiện ích,185
SP008506,Coca Cola Sleek 320ml (Lô 136),Lon,11000,8,Đồ uống & Giải khát,192
SP008507,Pepsi Sleek 320ml (Lô 136),Lon,10500,8,Đồ uống & Giải khát,199
SP008508,Nước cam ép Twister 450ml (Lô 136),Chai,12000,8,Đồ uống & Giải khát,206
SP008509,Trà xanh Không Độ 455ml (Lô 136),Chai,10000,8,Đồ uống & Giải khát,213
SP008510,Trà Ô Long Tea+ Plus 455ml (Lô 136),Chai,12000,8,Đồ uống & Giải khát,220
SP008511,Nước tăng lực Red Bull 250ml (Lô 136),Lon,14000,8,Đồ uống & Giải khát,227
SP008512,Nước khoáng Lavie 500ml (Lô 136),Chai,6000,8,Đồ uống & Giải khát,234
SP008513,Nước tinh khiết Aquafina 500ml (Lô 136),Chai,6000,8,Đồ uống & Giải khát,241
SP008514,Cà phê sữa đá Highlands 235ml (Lô 136),Lon,16000,8,Đồ uống & Giải khát,248
SP008515,Bia Heineken Sleek 330ml (Lô 136),Lon,22000,10,Đồ uống & Giải khát,255
SP008516,Bia Tiger Crystal 330ml (Lô 136),Lon,19500,10,Đồ uống & Giải khát,262
SP008517,Bia Sài Gòn Special 330ml (Lô 136),Lon,16500,10,Đồ uống & Giải khát,269
SP008518,Sữa tươi tiệt trùng Vinamilk 180ml (Lô 136),Hộp,8500,0,Đồ uống & Giải khát,276
SP008519,Sữa chua uống Susu 110ml (Lô 136),Chai,6500,0,Đồ uống & Giải khát,283
SP008520,Nước ép bưởi hồng Vfresh 1L (Lô 136),Hộp,39000,8,Đồ uống & Giải khát,290
SP008521,Bánh ChocoPie Orion hộp 12 cái (Lô 136),Hộp,58000,8,Bánh kẹo & Ăn vặt,297
SP008522,Bánh Cosy mè giòn rụm Kinh Đô 288g (Lô 136),Gói,29000,8,Bánh kẹo & Ăn vặt,304
SP008523,Snack khoai tây Ostar vị tảo biển 90g (Lô 136),Gói,19000,8,Bánh kẹo & Ăn vặt,311
SP008524,Snack khoai tây Lay's tự nhiên 95g (Lô 136),Gói,21000,8,Bánh kẹo & Ăn vặt,318
SP008525,Bánh que Pocky socola Glico 40g (Lô 136),Hộp,14000,8,Bánh kẹo & Ăn vặt,325
SP008526,Kẹo dẻo Chupa Chups Sour Tubes 160g (Lô 136),Gói,24000,8,Bánh kẹo & Ăn vặt,332
SP008527,Bánh mì tươi nhân bơ sữa Kinh Đô 80g (Lô 136),Cái,9000,8,Bánh kẹo & Ăn vặt,339
SP008528,Bánh xốp Nabati phô mai 130g (Lô 136),Hộp,12000,8,Bánh kẹo & Ăn vặt,346
SP008529,Hạt điều rang muối vỏ lụa Bình Phước 500g (Lô 136),Hộp,135000,8,Bánh kẹo & Ăn vặt,353
SP008530,Hạt hướng dương Chacheer 130g (Lô 136),Gói,15000,8,Bánh kẹo & Ăn vặt,360
SP008531,Rong biển sấy vị truyền thống TaoKaeNoi 32g (Lô 136),Gói,26000,8,Bánh kẹo & Ăn vặt,367
SP008532,Nước mắm Nam Ngư Đệ Nhị chai 900ml (Lô 136),Chai,28000,8,Gia vị & Đồ nấu nướng,374
SP008533,Nước mắm Chinsu Cá Hồi chai 500ml (Lô 136),Chai,47000,8,Gia vị & Đồ nấu nướng,381
SP008534,Dầu ăn Simply đậu nành can 1L (Lô 136),Chai,59000,8,Gia vị & Đồ nấu nướng,388
SP008535,Dầu ăn Neptune Gold can 2L (Lô 136),Chai,135000,8,Gia vị & Đồ nấu nướng,395
SP008536,Hạt nêm Knorr thịt thăn xương ống 400g (Lô 136),Gói,37000,8,Gia vị & Đồ nấu nướng,402
SP008537,Bột ngọt Ajinomoto gói 454g (Lô 136),Gói,34000,8,Gia vị & Đồ nấu nướng,409
SP008538,Tương ớt Chinsu nắp bật 250g (Lô 136),Chai,15000,8,Gia vị & Đồ nấu nướng,416
SP008539,Tương cà Cholimex chai 330g (Lô 136),Chai,16000,8,Gia vị & Đồ nấu nướng,423
SP008540,Muối I-ốt Bạc Liêu túi 500g (Lô 136),Gói,6000,8,Gia vị & Đồ nấu nướng,430
SP008541,Đường tinh luyện Biên Hòa Daily 1kg (Lô 136),Gói,31000,8,Gia vị & Đồ nấu nướng,437
SP008542,Mì tôm Hảo Hảo tôm chua cay 75g (Lô 136),Gói,4500,8,Mì gói & Thực phẩm khô,444
SP008543,Mì Omachi sườn hầm ngũ quả 80g (Lô 136),Gói,8500,8,Mì gói & Thực phẩm khô,451
SP008544,Mì trộn Indomie Mi Goreng 85g (Lô 136),Gói,6500,8,Mì gói & Thực phẩm khô,458
SP008545,Phở gà Đệ Nhất Acecook 68g (Lô 136),Gói,8000,8,Mì gói & Thực phẩm khô,465
SP008546,Miến Phú Hương yến tiệc 210g (Lô 136),Gói,22000,8,Mì gói & Thực phẩm khô,472
SP008547,Cháo thịt bằm Cung Đình gói 50g (Lô 136),Gói,7000,8,Mì gói & Thực phẩm khô,479
SP008548,Cá nục sốt cà 3 Cô Gái lon 155g (Lô 136),Lon,19000,8,Mì gói & Thực phẩm khô,486
SP008549,Pate thịt heo Hạ Long lon 150g (Lô 136),Lon,27000,8,Mì gói & Thực phẩm khô,493
SP008550,Mì ly Modern lẩu thái tôm 65g (Lô 136),Ly,9500,8,Mì gói & Thực phẩm khô,50
SP008551,Nước rửa chén Sunlight chanh can 3.6kg (Lô 136),Can,109000,10,Hóa mỹ phẩm & Tẩy rửa,57
SP008552,Nước giặt OMO Matic cửa trên túi 3.6kg (Lô 136),Túi,175000,10,Hóa mỹ phẩm & Tẩy rửa,64
SP008553,Nước xả vải Comfort đậm đặc túi 3.2L (Lô 136),Túi,189000,10,Hóa mỹ phẩm & Tẩy rửa,71
SP008554,Dầu gội Clear thảo dược mát lạnh 630g (Lô 136),Chai,165000,10,Hóa mỹ phẩm & Tẩy rửa,78
SP008555,Dầu gội Pantene suôn mượt 650ml (Lô 136),Chai,155000,10,Hóa mỹ phẩm & Tẩy rửa,85
SP008556,Sữa tắm Lifebuoy bảo vệ vượt trội 800g (Lô 136),Chai,149000,10,Hóa mỹ phẩm & Tẩy rửa,92
SP008557,Kem đánh răng Colgate Total 12 180g (Lô 136),Tuýp,42000,10,Hóa mỹ phẩm & Tẩy rửa,99
SP008558,Bàn chải đánh răng P/S than tre (Lô 136),Cái,18000,10,Hóa mỹ phẩm & Tẩy rửa,106
SP008559,Nước lau sàn Sunlight hoa lily túi 3.6kg (Lô 136),Túi,85000,10,Hóa mỹ phẩm & Tẩy rửa,113
SP008560,Xịt muỗi Raid hương cam chanh 600ml (Lô 136),Chai,68000,10,Hóa mỹ phẩm & Tẩy rửa,120
SP008561,Giấy vệ sinh cuộn cao cấp Pulppy lốc 10 cuộn (Lô 136),Lốc,92000,8,Đồ gia dụng & Tiện ích,127
SP008562,Khăn giấy lụa rút Paseo 200 tờ (Lô 136),Hộp,25000,8,Đồ gia dụng & Tiện ích,134
SP008563,Màng bọc thực phẩm PE Sunhouse 30cmx150m (Lô 136),Hộp,75000,8,Đồ gia dụng & Tiện ích,141
SP008564,Túi rác đen tự hủy sinh học Opec 3 cuộn (Lô 136),Gói,38000,8,Đồ gia dụng & Tiện ích,148
SP008565,Băng dính dán thùng trong suốt 5cm x 100y (Lô 136),Cuộn,16000,8,Đồ gia dụng & Tiện ích,155
SP008566,Pin tiểu AA Panasonic vỉ 4 viên (Lô 136),Vỉ,26000,8,Đồ gia dụng & Tiện ích,162
SP008567,Khẩu trang y tế 4 lớp kháng khuẩn hộp 50 cái (Lô 136),Hộp,35000,8,Đồ gia dụng & Tiện ích,169
SP008568,Nước rửa tay Lifebuoy hương chanh chai 450ml (Lô 136),Chai,52000,8,Đồ gia dụng & Tiện ích,176
SP008569,Coca Cola Sleek 320ml (Lô 137),Lon,11550,8,Đồ uống & Giải khát,183
SP008570,Pepsi Sleek 320ml (Lô 137),Lon,11025,8,Đồ uống & Giải khát,190
SP008571,Nước cam ép Twister 450ml (Lô 137),Chai,12600,8,Đồ uống & Giải khát,197
SP008572,Trà xanh Không Độ 455ml (Lô 137),Chai,10500,8,Đồ uống & Giải khát,204
SP008573,Trà Ô Long Tea+ Plus 455ml (Lô 137),Chai,12600,8,Đồ uống & Giải khát,211
SP008574,Nước tăng lực Red Bull 250ml (Lô 137),Lon,14700,8,Đồ uống & Giải khát,218
SP008575,Nước khoáng Lavie 500ml (Lô 137),Chai,6300,8,Đồ uống & Giải khát,225
SP008576,Nước tinh khiết Aquafina 500ml (Lô 137),Chai,6300,8,Đồ uống & Giải khát,232
SP008577,Cà phê sữa đá Highlands 235ml (Lô 137),Lon,16800,8,Đồ uống & Giải khát,239
SP008578,Bia Heineken Sleek 330ml (Lô 137),Lon,23100,10,Đồ uống & Giải khát,246
SP008579,Bia Tiger Crystal 330ml (Lô 137),Lon,20475,10,Đồ uống & Giải khát,253
SP008580,Bia Sài Gòn Special 330ml (Lô 137),Lon,17325,10,Đồ uống & Giải khát,260
SP008581,Sữa tươi tiệt trùng Vinamilk 180ml (Lô 137),Hộp,8925,0,Đồ uống & Giải khát,267
SP008582,Sữa chua uống Susu 110ml (Lô 137),Chai,6825,0,Đồ uống & Giải khát,274
SP008583,Nước ép bưởi hồng Vfresh 1L (Lô 137),Hộp,40950,8,Đồ uống & Giải khát,281
SP008584,Bánh ChocoPie Orion hộp 12 cái (Lô 137),Hộp,60900,8,Bánh kẹo & Ăn vặt,288
SP008585,Bánh Cosy mè giòn rụm Kinh Đô 288g (Lô 137),Gói,30450,8,Bánh kẹo & Ăn vặt,295
SP008586,Snack khoai tây Ostar vị tảo biển 90g (Lô 137),Gói,19950,8,Bánh kẹo & Ăn vặt,302
SP008587,Snack khoai tây Lay's tự nhiên 95g (Lô 137),Gói,22050,8,Bánh kẹo & Ăn vặt,309
SP008588,Bánh que Pocky socola Glico 40g (Lô 137),Hộp,14700,8,Bánh kẹo & Ăn vặt,316
SP008589,Kẹo dẻo Chupa Chups Sour Tubes 160g (Lô 137),Gói,25200,8,Bánh kẹo & Ăn vặt,323
SP008590,Bánh mì tươi nhân bơ sữa Kinh Đô 80g (Lô 137),Cái,9450,8,Bánh kẹo & Ăn vặt,330
SP008591,Bánh xốp Nabati phô mai 130g (Lô 137),Hộp,12600,8,Bánh kẹo & Ăn vặt,337
SP008592,Hạt điều rang muối vỏ lụa Bình Phước 500g (Lô 137),Hộp,141750,8,Bánh kẹo & Ăn vặt,344
SP008593,Hạt hướng dương Chacheer 130g (Lô 137),Gói,15750,8,Bánh kẹo & Ăn vặt,351
SP008594,Rong biển sấy vị truyền thống TaoKaeNoi 32g (Lô 137),Gói,27300,8,Bánh kẹo & Ăn vặt,358
SP008595,Nước mắm Nam Ngư Đệ Nhị chai 900ml (Lô 137),Chai,29400,8,Gia vị & Đồ nấu nướng,365
SP008596,Nước mắm Chinsu Cá Hồi chai 500ml (Lô 137),Chai,49350,8,Gia vị & Đồ nấu nướng,372
SP008597,Dầu ăn Simply đậu nành can 1L (Lô 137),Chai,61950,8,Gia vị & Đồ nấu nướng,379
SP008598,Dầu ăn Neptune Gold can 2L (Lô 137),Chai,141750,8,Gia vị & Đồ nấu nướng,386
SP008599,Hạt nêm Knorr thịt thăn xương ống 400g (Lô 137),Gói,38850,8,Gia vị & Đồ nấu nướng,393
SP008600,Bột ngọt Ajinomoto gói 454g (Lô 137),Gói,35700,8,Gia vị & Đồ nấu nướng,400
SP008601,Tương ớt Chinsu nắp bật 250g (Lô 137),Chai,15750,8,Gia vị & Đồ nấu nướng,407
SP008602,Tương cà Cholimex chai 330g (Lô 137),Chai,16800,8,Gia vị & Đồ nấu nướng,414
SP008603,Muối I-ốt Bạc Liêu túi 500g (Lô 137),Gói,6300,8,Gia vị & Đồ nấu nướng,421
SP008604,Đường tinh luyện Biên Hòa Daily 1kg (Lô 137),Gói,32550,8,Gia vị & Đồ nấu nướng,428
SP008605,Mì tôm Hảo Hảo tôm chua cay 75g (Lô 137),Gói,4725,8,Mì gói & Thực phẩm khô,435
SP008606,Mì Omachi sườn hầm ngũ quả 80g (Lô 137),Gói,8925,8,Mì gói & Thực phẩm khô,442
SP008607,Mì trộn Indomie Mi Goreng 85g (Lô 137),Gói,6825,8,Mì gói & Thực phẩm khô,449
SP008608,Phở gà Đệ Nhất Acecook 68g (Lô 137),Gói,8400,8,Mì gói & Thực phẩm khô,456
SP008609,Miến Phú Hương yến tiệc 210g (Lô 137),Gói,23100,8,Mì gói & Thực phẩm khô,463
SP008610,Cháo thịt bằm Cung Đình gói 50g (Lô 137),Gói,7350,8,Mì gói & Thực phẩm khô,470
SP008611,Cá nục sốt cà 3 Cô Gái lon 155g (Lô 137),Lon,19950,8,Mì gói & Thực phẩm khô,477
SP008612,Pate thịt heo Hạ Long lon 150g (Lô 137),Lon,28350,8,Mì gói & Thực phẩm khô,484
SP008613,Mì ly Modern lẩu thái tôm 65g (Lô 137),Ly,9975,8,Mì gói & Thực phẩm khô,491
SP008614,Nước rửa chén Sunlight chanh can 3.6kg (Lô 137),Can,114450,10,Hóa mỹ phẩm & Tẩy rửa,498
SP008615,Nước giặt OMO Matic cửa trên túi 3.6kg (Lô 137),Túi,183750,10,Hóa mỹ phẩm & Tẩy rửa,55
SP008616,Nước xả vải Comfort đậm đặc túi 3.2L (Lô 137),Túi,198450,10,Hóa mỹ phẩm & Tẩy rửa,62
SP008617,Dầu gội Clear thảo dược mát lạnh 630g (Lô 137),Chai,173250,10,Hóa mỹ phẩm & Tẩy rửa,69
SP008618,Dầu gội Pantene suôn mượt 650ml (Lô 137),Chai,162750,10,Hóa mỹ phẩm & Tẩy rửa,76
SP008619,Sữa tắm Lifebuoy bảo vệ vượt trội 800g (Lô 137),Chai,156450,10,Hóa mỹ phẩm & Tẩy rửa,83
SP008620,Kem đánh răng Colgate Total 12 180g (Lô 137),Tuýp,44100,10,Hóa mỹ phẩm & Tẩy rửa,90
SP008621,Bàn chải đánh răng P/S than tre (Lô 137),Cái,18900,10,Hóa mỹ phẩm & Tẩy rửa,97
SP008622,Nước lau sàn Sunlight hoa lily túi 3.6kg (Lô 137),Túi,89250,10,Hóa mỹ phẩm & Tẩy rửa,104
SP008623,Xịt muỗi Raid hương cam chanh 600ml (Lô 137),Chai,71400,10,Hóa mỹ phẩm & Tẩy rửa,111
SP008624,Giấy vệ sinh cuộn cao cấp Pulppy lốc 10 cuộn (Lô 137),Lốc,96600,8,Đồ gia dụng & Tiện ích,118
SP008625,Khăn giấy lụa rút Paseo 200 tờ (Lô 137),Hộp,26250,8,Đồ gia dụng & Tiện ích,125
SP008626,Màng bọc thực phẩm PE Sunhouse 30cmx150m (Lô 137),Hộp,78750,8,Đồ gia dụng & Tiện ích,132
SP008627,Túi rác đen tự hủy sinh học Opec 3 cuộn (Lô 137),Gói,39900,8,Đồ gia dụng & Tiện ích,139
SP008628,Băng dính dán thùng trong suốt 5cm x 100y (Lô 137),Cuộn,16800,8,Đồ gia dụng & Tiện ích,146
SP008629,Pin tiểu AA Panasonic vỉ 4 viên (Lô 137),Vỉ,27300,8,Đồ gia dụng & Tiện ích,153
SP008630,Khẩu trang y tế 4 lớp kháng khuẩn hộp 50 cái (Lô 137),Hộp,36750,8,Đồ gia dụng & Tiện ích,160
SP008631,Nước rửa tay Lifebuoy hương chanh chai 450ml (Lô 137),Chai,54600,8,Đồ gia dụng & Tiện ích,167
SP008632,Coca Cola Sleek 320ml (Lô 138),Lon,12100,8,Đồ uống & Giải khát,174
SP008633,Pepsi Sleek 320ml (Lô 138),Lon,11550,8,Đồ uống & Giải khát,181
SP008634,Nước cam ép Twister 450ml (Lô 138),Chai,13200,8,Đồ uống & Giải khát,188
SP008635,Trà xanh Không Độ 455ml (Lô 138),Chai,11000,8,Đồ uống & Giải khát,195
SP008636,Trà Ô Long Tea+ Plus 455ml (Lô 138),Chai,13200,8,Đồ uống & Giải khát,202
SP008637,Nước tăng lực Red Bull 250ml (Lô 138),Lon,15400,8,Đồ uống & Giải khát,209
SP008638,Nước khoáng Lavie 500ml (Lô 138),Chai,6600,8,Đồ uống & Giải khát,216
SP008639,Nước tinh khiết Aquafina 500ml (Lô 138),Chai,6600,8,Đồ uống & Giải khát,223
SP008640,Cà phê sữa đá Highlands 235ml (Lô 138),Lon,17600,8,Đồ uống & Giải khát,230
SP008641,Bia Heineken Sleek 330ml (Lô 138),Lon,24200,10,Đồ uống & Giải khát,237
SP008642,Bia Tiger Crystal 330ml (Lô 138),Lon,21450,10,Đồ uống & Giải khát,244
SP008643,Bia Sài Gòn Special 330ml (Lô 138),Lon,18150,10,Đồ uống & Giải khát,251
SP008644,Sữa tươi tiệt trùng Vinamilk 180ml (Lô 138),Hộp,9350,0,Đồ uống & Giải khát,258
SP008645,Sữa chua uống Susu 110ml (Lô 138),Chai,7150,0,Đồ uống & Giải khát,265
SP008646,Nước ép bưởi hồng Vfresh 1L (Lô 138),Hộp,42900,8,Đồ uống & Giải khát,272
SP008647,Bánh ChocoPie Orion hộp 12 cái (Lô 138),Hộp,63800,8,Bánh kẹo & Ăn vặt,279
SP008648,Bánh Cosy mè giòn rụm Kinh Đô 288g (Lô 138),Gói,31900,8,Bánh kẹo & Ăn vặt,286
SP008649,Snack khoai tây Ostar vị tảo biển 90g (Lô 138),Gói,20900,8,Bánh kẹo & Ăn vặt,293
SP008650,Snack khoai tây Lay's tự nhiên 95g (Lô 138),Gói,23100,8,Bánh kẹo & Ăn vặt,300
SP008651,Bánh que Pocky socola Glico 40g (Lô 138),Hộp,15400,8,Bánh kẹo & Ăn vặt,307
SP008652,Kẹo dẻo Chupa Chups Sour Tubes 160g (Lô 138),Gói,26400,8,Bánh kẹo & Ăn vặt,314
SP008653,Bánh mì tươi nhân bơ sữa Kinh Đô 80g (Lô 138),Cái,9900,8,Bánh kẹo & Ăn vặt,321
SP008654,Bánh xốp Nabati phô mai 130g (Lô 138),Hộp,13200,8,Bánh kẹo & Ăn vặt,328
SP008655,Hạt điều rang muối vỏ lụa Bình Phước 500g (Lô 138),Hộp,148500,8,Bánh kẹo & Ăn vặt,335
SP008656,Hạt hướng dương Chacheer 130g (Lô 138),Gói,16500,8,Bánh kẹo & Ăn vặt,342
SP008657,Rong biển sấy vị truyền thống TaoKaeNoi 32g (Lô 138),Gói,28600,8,Bánh kẹo & Ăn vặt,349
SP008658,Nước mắm Nam Ngư Đệ Nhị chai 900ml (Lô 138),Chai,30800,8,Gia vị & Đồ nấu nướng,356
SP008659,Nước mắm Chinsu Cá Hồi chai 500ml (Lô 138),Chai,51700,8,Gia vị & Đồ nấu nướng,363
SP008660,Dầu ăn Simply đậu nành can 1L (Lô 138),Chai,64900,8,Gia vị & Đồ nấu nướng,370
SP008661,Dầu ăn Neptune Gold can 2L (Lô 138),Chai,148500,8,Gia vị & Đồ nấu nướng,377
SP008662,Hạt nêm Knorr thịt thăn xương ống 400g (Lô 138),Gói,40700,8,Gia vị & Đồ nấu nướng,384
SP008663,Bột ngọt Ajinomoto gói 454g (Lô 138),Gói,37400,8,Gia vị & Đồ nấu nướng,391
SP008664,Tương ớt Chinsu nắp bật 250g (Lô 138),Chai,16500,8,Gia vị & Đồ nấu nướng,398
SP008665,Tương cà Cholimex chai 330g (Lô 138),Chai,17600,8,Gia vị & Đồ nấu nướng,405
SP008666,Muối I-ốt Bạc Liêu túi 500g (Lô 138),Gói,6600,8,Gia vị & Đồ nấu nướng,412
SP008667,Đường tinh luyện Biên Hòa Daily 1kg (Lô 138),Gói,34100,8,Gia vị & Đồ nấu nướng,419
SP008668,Mì tôm Hảo Hảo tôm chua cay 75g (Lô 138),Gói,4950,8,Mì gói & Thực phẩm khô,426
SP008669,Mì Omachi sườn hầm ngũ quả 80g (Lô 138),Gói,9350,8,Mì gói & Thực phẩm khô,433
SP008670,Mì trộn Indomie Mi Goreng 85g (Lô 138),Gói,7150,8,Mì gói & Thực phẩm khô,440
SP008671,Phở gà Đệ Nhất Acecook 68g (Lô 138),Gói,8800,8,Mì gói & Thực phẩm khô,447
SP008672,Miến Phú Hương yến tiệc 210g (Lô 138),Gói,24200,8,Mì gói & Thực phẩm khô,454
SP008673,Cháo thịt bằm Cung Đình gói 50g (Lô 138),Gói,7700,8,Mì gói & Thực phẩm khô,461
SP008674,Cá nục sốt cà 3 Cô Gái lon 155g (Lô 138),Lon,20900,8,Mì gói & Thực phẩm khô,468
SP008675,Pate thịt heo Hạ Long lon 150g (Lô 138),Lon,29700,8,Mì gói & Thực phẩm khô,475
SP008676,Mì ly Modern lẩu thái tôm 65g (Lô 138),Ly,10450,8,Mì gói & Thực phẩm khô,482
SP008677,Nước rửa chén Sunlight chanh can 3.6kg (Lô 138),Can,119900,10,Hóa mỹ phẩm & Tẩy rửa,489
SP008678,Nước giặt OMO Matic cửa trên túi 3.6kg (Lô 138),Túi,192500,10,Hóa mỹ phẩm & Tẩy rửa,496
SP008679,Nước xả vải Comfort đậm đặc túi 3.2L (Lô 138),Túi,207900,10,Hóa mỹ phẩm & Tẩy rửa,53
SP008680,Dầu gội Clear thảo dược mát lạnh 630g (Lô 138),Chai,181500,10,Hóa mỹ phẩm & Tẩy rửa,60
SP008681,Dầu gội Pantene suôn mượt 650ml (Lô 138),Chai,170500,10,Hóa mỹ phẩm & Tẩy rửa,67
SP008682,Sữa tắm Lifebuoy bảo vệ vượt trội 800g (Lô 138),Chai,163900,10,Hóa mỹ phẩm & Tẩy rửa,74
SP008683,Kem đánh răng Colgate Total 12 180g (Lô 138),Tuýp,46200,10,Hóa mỹ phẩm & Tẩy rửa,81
SP008684,Bàn chải đánh răng P/S than tre (Lô 138),Cái,19800,10,Hóa mỹ phẩm & Tẩy rửa,88
SP008685,Nước lau sàn Sunlight hoa lily túi 3.6kg (Lô 138),Túi,93500,10,Hóa mỹ phẩm & Tẩy rửa,95
SP008686,Xịt muỗi Raid hương cam chanh 600ml (Lô 138),Chai,74800,10,Hóa mỹ phẩm & Tẩy rửa,102
SP008687,Giấy vệ sinh cuộn cao cấp Pulppy lốc 10 cuộn (Lô 138),Lốc,101200,8,Đồ gia dụng & Tiện ích,109
SP008688,Khăn giấy lụa rút Paseo 200 tờ (Lô 138),Hộp,27500,8,Đồ gia dụng & Tiện ích,116
SP008689,Màng bọc thực phẩm PE Sunhouse 30cmx150m (Lô 138),Hộp,82500,8,Đồ gia dụng & Tiện ích,123
SP008690,Túi rác đen tự hủy sinh học Opec 3 cuộn (Lô 138),Gói,41800,8,Đồ gia dụng & Tiện ích,130
SP008691,Băng dính dán thùng trong suốt 5cm x 100y (Lô 138),Cuộn,17600,8,Đồ gia dụng & Tiện ích,137
SP008692,Pin tiểu AA Panasonic vỉ 4 viên (Lô 138),Vỉ,28600,8,Đồ gia dụng & Tiện ích,144
SP008693,Khẩu trang y tế 4 lớp kháng khuẩn hộp 50 cái (Lô 138),Hộp,38500,8,Đồ gia dụng & Tiện ích,151
SP008694,Nước rửa tay Lifebuoy hương chanh chai 450ml (Lô 138),Chai,57200,8,Đồ gia dụng & Tiện ích,158
SP008695,Coca Cola Sleek 320ml (Lô 139),Lon,12649,8,Đồ uống & Giải khát,165
SP008696,Pepsi Sleek 320ml (Lô 139),Lon,12074,8,Đồ uống & Giải khát,172
SP008697,Nước cam ép Twister 450ml (Lô 139),Chai,13799,8,Đồ uống & Giải khát,179
SP008698,Trà xanh Không Độ 455ml (Lô 139),Chai,11500,8,Đồ uống & Giải khát,186
SP008699,Trà Ô Long Tea+ Plus 455ml (Lô 139),Chai,13799,8,Đồ uống & Giải khát,193
SP008700,Nước tăng lực Red Bull 250ml (Lô 139),Lon,16099,8,Đồ uống & Giải khát,200
SP008701,Nước khoáng Lavie 500ml (Lô 139),Chai,6899,8,Đồ uống & Giải khát,207
SP008702,Nước tinh khiết Aquafina 500ml (Lô 139),Chai,6899,8,Đồ uống & Giải khát,214
SP008703,Cà phê sữa đá Highlands 235ml (Lô 139),Lon,18400,8,Đồ uống & Giải khát,221
SP008704,Bia Heineken Sleek 330ml (Lô 139),Lon,25299,10,Đồ uống & Giải khát,228
SP008705,Bia Tiger Crystal 330ml (Lô 139),Lon,22425,10,Đồ uống & Giải khát,235
SP008706,Bia Sài Gòn Special 330ml (Lô 139),Lon,18975,10,Đồ uống & Giải khát,242
SP008707,Sữa tươi tiệt trùng Vinamilk 180ml (Lô 139),Hộp,9775,0,Đồ uống & Giải khát,249
SP008708,Sữa chua uống Susu 110ml (Lô 139),Chai,7474,0,Đồ uống & Giải khát,256
SP008709,Nước ép bưởi hồng Vfresh 1L (Lô 139),Hộp,44850,8,Đồ uống & Giải khát,263
SP008710,Bánh ChocoPie Orion hộp 12 cái (Lô 139),Hộp,66700,8,Bánh kẹo & Ăn vặt,270
SP008711,Bánh Cosy mè giòn rụm Kinh Đô 288g (Lô 139),Gói,33350,8,Bánh kẹo & Ăn vặt,277
SP008712,Snack khoai tây Ostar vị tảo biển 90g (Lô 139),Gói,21850,8,Bánh kẹo & Ăn vặt,284
SP008713,Snack khoai tây Lay's tự nhiên 95g (Lô 139),Gói,24149,8,Bánh kẹo & Ăn vặt,291
SP008714,Bánh que Pocky socola Glico 40g (Lô 139),Hộp,16099,8,Bánh kẹo & Ăn vặt,298
SP008715,Kẹo dẻo Chupa Chups Sour Tubes 160g (Lô 139),Gói,27599,8,Bánh kẹo & Ăn vặt,305
SP008716,Bánh mì tươi nhân bơ sữa Kinh Đô 80g (Lô 139),Cái,10350,8,Bánh kẹo & Ăn vặt,312
SP008717,Bánh xốp Nabati phô mai 130g (Lô 139),Hộp,13799,8,Bánh kẹo & Ăn vặt,319
SP008718,Hạt điều rang muối vỏ lụa Bình Phước 500g (Lô 139),Hộp,155250,8,Bánh kẹo & Ăn vặt,326
SP008719,Hạt hướng dương Chacheer 130g (Lô 139),Gói,17250,8,Bánh kẹo & Ăn vặt,333
SP008720,Rong biển sấy vị truyền thống TaoKaeNoi 32g (Lô 139),Gói,29899,8,Bánh kẹo & Ăn vặt,340
SP008721,Nước mắm Nam Ngư Đệ Nhị chai 900ml (Lô 139),Chai,32199,8,Gia vị & Đồ nấu nướng,347
SP008722,Nước mắm Chinsu Cá Hồi chai 500ml (Lô 139),Chai,54049,8,Gia vị & Đồ nấu nướng,354
SP008723,Dầu ăn Simply đậu nành can 1L (Lô 139),Chai,67850,8,Gia vị & Đồ nấu nướng,361
SP008724,Dầu ăn Neptune Gold can 2L (Lô 139),Chai,155250,8,Gia vị & Đồ nấu nướng,368
SP008725,Hạt nêm Knorr thịt thăn xương ống 400g (Lô 139),Gói,42550,8,Gia vị & Đồ nấu nướng,375
SP008726,Bột ngọt Ajinomoto gói 454g (Lô 139),Gói,39100,8,Gia vị & Đồ nấu nướng,382
SP008727,Tương ớt Chinsu nắp bật 250g (Lô 139),Chai,17250,8,Gia vị & Đồ nấu nướng,389
SP008728,Tương cà Cholimex chai 330g (Lô 139),Chai,18400,8,Gia vị & Đồ nấu nướng,396
SP008729,Muối I-ốt Bạc Liêu túi 500g (Lô 139),Gói,6899,8,Gia vị & Đồ nấu nướng,403
SP008730,Đường tinh luyện Biên Hòa Daily 1kg (Lô 139),Gói,35650,8,Gia vị & Đồ nấu nướng,410
SP008731,Mì tôm Hảo Hảo tôm chua cay 75g (Lô 139),Gói,5175,8,Mì gói & Thực phẩm khô,417
SP008732,Mì Omachi sườn hầm ngũ quả 80g (Lô 139),Gói,9775,8,Mì gói & Thực phẩm khô,424
SP008733,Mì trộn Indomie Mi Goreng 85g (Lô 139),Gói,7474,8,Mì gói & Thực phẩm khô,431
SP008734,Phở gà Đệ Nhất Acecook 68g (Lô 139),Gói,9200,8,Mì gói & Thực phẩm khô,438
SP008735,Miến Phú Hương yến tiệc 210g (Lô 139),Gói,25299,8,Mì gói & Thực phẩm khô,445
SP008736,Cháo thịt bằm Cung Đình gói 50g (Lô 139),Gói,8049,8,Mì gói & Thực phẩm khô,452
SP008737,Cá nục sốt cà 3 Cô Gái lon 155g (Lô 139),Lon,21850,8,Mì gói & Thực phẩm khô,459
SP008738,Pate thịt heo Hạ Long lon 150g (Lô 139),Lon,31049,8,Mì gói & Thực phẩm khô,466
SP008739,Mì ly Modern lẩu thái tôm 65g (Lô 139),Ly,10925,8,Mì gói & Thực phẩm khô,473
SP008740,Nước rửa chén Sunlight chanh can 3.6kg (Lô 139),Can,125349,10,Hóa mỹ phẩm & Tẩy rửa,480
SP008741,Nước giặt OMO Matic cửa trên túi 3.6kg (Lô 139),Túi,201249,10,Hóa mỹ phẩm & Tẩy rửa,487
SP008742,Nước xả vải Comfort đậm đặc túi 3.2L (Lô 139),Túi,217349,10,Hóa mỹ phẩm & Tẩy rửa,494
SP008743,Dầu gội Clear thảo dược mát lạnh 630g (Lô 139),Chai,189749,10,Hóa mỹ phẩm & Tẩy rửa,51
SP008744,Dầu gội Pantene suôn mượt 650ml (Lô 139),Chai,178250,10,Hóa mỹ phẩm & Tẩy rửa,58
SP008745,Sữa tắm Lifebuoy bảo vệ vượt trội 800g (Lô 139),Chai,171350,10,Hóa mỹ phẩm & Tẩy rửa,65
SP008746,Kem đánh răng Colgate Total 12 180g (Lô 139),Tuýp,48299,10,Hóa mỹ phẩm & Tẩy rửa,72
SP008747,Bàn chải đánh răng P/S than tre (Lô 139),Cái,20700,10,Hóa mỹ phẩm & Tẩy rửa,79
SP008748,Nước lau sàn Sunlight hoa lily túi 3.6kg (Lô 139),Túi,97749,10,Hóa mỹ phẩm & Tẩy rửa,86
SP008749,Xịt muỗi Raid hương cam chanh 600ml (Lô 139),Chai,78200,10,Hóa mỹ phẩm & Tẩy rửa,93
SP008750,Giấy vệ sinh cuộn cao cấp Pulppy lốc 10 cuộn (Lô 139),Lốc,105799,8,Đồ gia dụng & Tiện ích,100
SP008751,Khăn giấy lụa rút Paseo 200 tờ (Lô 139),Hộp,28749,8,Đồ gia dụng & Tiện ích,107
SP008752,Màng bọc thực phẩm PE Sunhouse 30cmx150m (Lô 139),Hộp,86250,8,Đồ gia dụng & Tiện ích,114
SP008753,Túi rác đen tự hủy sinh học Opec 3 cuộn (Lô 139),Gói,43700,8,Đồ gia dụng & Tiện ích,121
SP008754,Băng dính dán thùng trong suốt 5cm x 100y (Lô 139),Cuộn,18400,8,Đồ gia dụng & Tiện ích,128
SP008755,Pin tiểu AA Panasonic vỉ 4 viên (Lô 139),Vỉ,29899,8,Đồ gia dụng & Tiện ích,135
SP008756,Khẩu trang y tế 4 lớp kháng khuẩn hộp 50 cái (Lô 139),Hộp,40250,8,Đồ gia dụng & Tiện ích,142
SP008757,Nước rửa tay Lifebuoy hương chanh chai 450ml (Lô 139),Chai,59799,8,Đồ gia dụng & Tiện ích,149
SP008758,Coca Cola Sleek 320ml (Lô 140),Lon,13200,8,Đồ uống & Giải khát,156
SP008759,Pepsi Sleek 320ml (Lô 140),Lon,12600,8,Đồ uống & Giải khát,163
SP008760,Nước cam ép Twister 450ml (Lô 140),Chai,14400,8,Đồ uống & Giải khát,170
SP008761,Trà xanh Không Độ 455ml (Lô 140),Chai,12000,8,Đồ uống & Giải khát,177
SP008762,Trà Ô Long Tea+ Plus 455ml (Lô 140),Chai,14400,8,Đồ uống & Giải khát,184
SP008763,Nước tăng lực Red Bull 250ml (Lô 140),Lon,16800,8,Đồ uống & Giải khát,191
SP008764,Nước khoáng Lavie 500ml (Lô 140),Chai,7200,8,Đồ uống & Giải khát,198
SP008765,Nước tinh khiết Aquafina 500ml (Lô 140),Chai,7200,8,Đồ uống & Giải khát,205
SP008766,Cà phê sữa đá Highlands 235ml (Lô 140),Lon,19200,8,Đồ uống & Giải khát,212
SP008767,Bia Heineken Sleek 330ml (Lô 140),Lon,26400,10,Đồ uống & Giải khát,219
SP008768,Bia Tiger Crystal 330ml (Lô 140),Lon,23400,10,Đồ uống & Giải khát,226
SP008769,Bia Sài Gòn Special 330ml (Lô 140),Lon,19800,10,Đồ uống & Giải khát,233
SP008770,Sữa tươi tiệt trùng Vinamilk 180ml (Lô 140),Hộp,10200,0,Đồ uống & Giải khát,240
SP008771,Sữa chua uống Susu 110ml (Lô 140),Chai,7800,0,Đồ uống & Giải khát,247
SP008772,Nước ép bưởi hồng Vfresh 1L (Lô 140),Hộp,46800,8,Đồ uống & Giải khát,254
SP008773,Bánh ChocoPie Orion hộp 12 cái (Lô 140),Hộp,69600,8,Bánh kẹo & Ăn vặt,261
SP008774,Bánh Cosy mè giòn rụm Kinh Đô 288g (Lô 140),Gói,34800,8,Bánh kẹo & Ăn vặt,268
SP008775,Snack khoai tây Ostar vị tảo biển 90g (Lô 140),Gói,22800,8,Bánh kẹo & Ăn vặt,275
SP008776,Snack khoai tây Lay's tự nhiên 95g (Lô 140),Gói,25200,8,Bánh kẹo & Ăn vặt,282
SP008777,Bánh que Pocky socola Glico 40g (Lô 140),Hộp,16800,8,Bánh kẹo & Ăn vặt,289
SP008778,Kẹo dẻo Chupa Chups Sour Tubes 160g (Lô 140),Gói,28800,8,Bánh kẹo & Ăn vặt,296
SP008779,Bánh mì tươi nhân bơ sữa Kinh Đô 80g (Lô 140),Cái,10800,8,Bánh kẹo & Ăn vặt,303
SP008780,Bánh xốp Nabati phô mai 130g (Lô 140),Hộp,14400,8,Bánh kẹo & Ăn vặt,310
SP008781,Hạt điều rang muối vỏ lụa Bình Phước 500g (Lô 140),Hộp,162000,8,Bánh kẹo & Ăn vặt,317
SP008782,Hạt hướng dương Chacheer 130g (Lô 140),Gói,18000,8,Bánh kẹo & Ăn vặt,324
SP008783,Rong biển sấy vị truyền thống TaoKaeNoi 32g (Lô 140),Gói,31200,8,Bánh kẹo & Ăn vặt,331
SP008784,Nước mắm Nam Ngư Đệ Nhị chai 900ml (Lô 140),Chai,33600,8,Gia vị & Đồ nấu nướng,338
SP008785,Nước mắm Chinsu Cá Hồi chai 500ml (Lô 140),Chai,56400,8,Gia vị & Đồ nấu nướng,345
SP008786,Dầu ăn Simply đậu nành can 1L (Lô 140),Chai,70800,8,Gia vị & Đồ nấu nướng,352
SP008787,Dầu ăn Neptune Gold can 2L (Lô 140),Chai,162000,8,Gia vị & Đồ nấu nướng,359
SP008788,Hạt nêm Knorr thịt thăn xương ống 400g (Lô 140),Gói,44400,8,Gia vị & Đồ nấu nướng,366
SP008789,Bột ngọt Ajinomoto gói 454g (Lô 140),Gói,40800,8,Gia vị & Đồ nấu nướng,373
SP008790,Tương ớt Chinsu nắp bật 250g (Lô 140),Chai,18000,8,Gia vị & Đồ nấu nướng,380
SP008791,Tương cà Cholimex chai 330g (Lô 140),Chai,19200,8,Gia vị & Đồ nấu nướng,387
SP008792,Muối I-ốt Bạc Liêu túi 500g (Lô 140),Gói,7200,8,Gia vị & Đồ nấu nướng,394
SP008793,Đường tinh luyện Biên Hòa Daily 1kg (Lô 140),Gói,37200,8,Gia vị & Đồ nấu nướng,401
SP008794,Mì tôm Hảo Hảo tôm chua cay 75g (Lô 140),Gói,5400,8,Mì gói & Thực phẩm khô,408
SP008795,Mì Omachi sườn hầm ngũ quả 80g (Lô 140),Gói,10200,8,Mì gói & Thực phẩm khô,415
SP008796,Mì trộn Indomie Mi Goreng 85g (Lô 140),Gói,7800,8,Mì gói & Thực phẩm khô,422
SP008797,Phở gà Đệ Nhất Acecook 68g (Lô 140),Gói,9600,8,Mì gói & Thực phẩm khô,429
SP008798,Miến Phú Hương yến tiệc 210g (Lô 140),Gói,26400,8,Mì gói & Thực phẩm khô,436
SP008799,Cháo thịt bằm Cung Đình gói 50g (Lô 140),Gói,8400,8,Mì gói & Thực phẩm khô,443
SP008800,Cá nục sốt cà 3 Cô Gái lon 155g (Lô 140),Lon,22800,8,Mì gói & Thực phẩm khô,450
SP008801,Pate thịt heo Hạ Long lon 150g (Lô 140),Lon,32400,8,Mì gói & Thực phẩm khô,457
SP008802,Mì ly Modern lẩu thái tôm 65g (Lô 140),Ly,11400,8,Mì gói & Thực phẩm khô,464
SP008803,Nước rửa chén Sunlight chanh can 3.6kg (Lô 140),Can,130800,10,Hóa mỹ phẩm & Tẩy rửa,471
SP008804,Nước giặt OMO Matic cửa trên túi 3.6kg (Lô 140),Túi,210000,10,Hóa mỹ phẩm & Tẩy rửa,478
SP008805,Nước xả vải Comfort đậm đặc túi 3.2L (Lô 140),Túi,226800,10,Hóa mỹ phẩm & Tẩy rửa,485
SP008806,Dầu gội Clear thảo dược mát lạnh 630g (Lô 140),Chai,198000,10,Hóa mỹ phẩm & Tẩy rửa,492
SP008807,Dầu gội Pantene suôn mượt 650ml (Lô 140),Chai,186000,10,Hóa mỹ phẩm & Tẩy rửa,499
SP008808,Sữa tắm Lifebuoy bảo vệ vượt trội 800g (Lô 140),Chai,178800,10,Hóa mỹ phẩm & Tẩy rửa,56
SP008809,Kem đánh răng Colgate Total 12 180g (Lô 140),Tuýp,50400,10,Hóa mỹ phẩm & Tẩy rửa,63
SP008810,Bàn chải đánh răng P/S than tre (Lô 140),Cái,21600,10,Hóa mỹ phẩm & Tẩy rửa,70
SP008811,Nước lau sàn Sunlight hoa lily túi 3.6kg (Lô 140),Túi,102000,10,Hóa mỹ phẩm & Tẩy rửa,77
SP008812,Xịt muỗi Raid hương cam chanh 600ml (Lô 140),Chai,81600,10,Hóa mỹ phẩm & Tẩy rửa,84
SP008813,Giấy vệ sinh cuộn cao cấp Pulppy lốc 10 cuộn (Lô 140),Lốc,110400,8,Đồ gia dụng & Tiện ích,91
SP008814,Khăn giấy lụa rút Paseo 200 tờ (Lô 140),Hộp,30000,8,Đồ gia dụng & Tiện ích,98
SP008815,Màng bọc thực phẩm PE Sunhouse 30cmx150m (Lô 140),Hộp,90000,8,Đồ gia dụng & Tiện ích,105
SP008816,Túi rác đen tự hủy sinh học Opec 3 cuộn (Lô 140),Gói,45600,8,Đồ gia dụng & Tiện ích,112
SP008817,Băng dính dán thùng trong suốt 5cm x 100y (Lô 140),Cuộn,19200,8,Đồ gia dụng & Tiện ích,119
SP008818,Pin tiểu AA Panasonic vỉ 4 viên (Lô 140),Vỉ,31200,8,Đồ gia dụng & Tiện ích,126
SP008819,Khẩu trang y tế 4 lớp kháng khuẩn hộp 50 cái (Lô 140),Hộp,42000,8,Đồ gia dụng & Tiện ích,133
SP008820,Nước rửa tay Lifebuoy hương chanh chai 450ml (Lô 140),Chai,62400,8,Đồ gia dụng & Tiện ích,140
SP008821,Coca Cola Sleek 320ml (Lô 141),Lon,11000,8,Đồ uống & Giải khát,147
SP008822,Pepsi Sleek 320ml (Lô 141),Lon,10500,8,Đồ uống & Giải khát,154
SP008823,Nước cam ép Twister 450ml (Lô 141),Chai,12000,8,Đồ uống & Giải khát,161
SP008824,Trà xanh Không Độ 455ml (Lô 141),Chai,10000,8,Đồ uống & Giải khát,168
SP008825,Trà Ô Long Tea+ Plus 455ml (Lô 141),Chai,12000,8,Đồ uống & Giải khát,175
SP008826,Nước tăng lực Red Bull 250ml (Lô 141),Lon,14000,8,Đồ uống & Giải khát,182
SP008827,Nước khoáng Lavie 500ml (Lô 141),Chai,6000,8,Đồ uống & Giải khát,189
SP008828,Nước tinh khiết Aquafina 500ml (Lô 141),Chai,6000,8,Đồ uống & Giải khát,196
SP008829,Cà phê sữa đá Highlands 235ml (Lô 141),Lon,16000,8,Đồ uống & Giải khát,203
SP008830,Bia Heineken Sleek 330ml (Lô 141),Lon,22000,10,Đồ uống & Giải khát,210
SP008831,Bia Tiger Crystal 330ml (Lô 141),Lon,19500,10,Đồ uống & Giải khát,217
SP008832,Bia Sài Gòn Special 330ml (Lô 141),Lon,16500,10,Đồ uống & Giải khát,224
SP008833,Sữa tươi tiệt trùng Vinamilk 180ml (Lô 141),Hộp,8500,0,Đồ uống & Giải khát,231
SP008834,Sữa chua uống Susu 110ml (Lô 141),Chai,6500,0,Đồ uống & Giải khát,238
SP008835,Nước ép bưởi hồng Vfresh 1L (Lô 141),Hộp,39000,8,Đồ uống & Giải khát,245
SP008836,Bánh ChocoPie Orion hộp 12 cái (Lô 141),Hộp,58000,8,Bánh kẹo & Ăn vặt,252
SP008837,Bánh Cosy mè giòn rụm Kinh Đô 288g (Lô 141),Gói,29000,8,Bánh kẹo & Ăn vặt,259
SP008838,Snack khoai tây Ostar vị tảo biển 90g (Lô 141),Gói,19000,8,Bánh kẹo & Ăn vặt,266
SP008839,Snack khoai tây Lay's tự nhiên 95g (Lô 141),Gói,21000,8,Bánh kẹo & Ăn vặt,273
SP008840,Bánh que Pocky socola Glico 40g (Lô 141),Hộp,14000,8,Bánh kẹo & Ăn vặt,280
SP008841,Kẹo dẻo Chupa Chups Sour Tubes 160g (Lô 141),Gói,24000,8,Bánh kẹo & Ăn vặt,287
SP008842,Bánh mì tươi nhân bơ sữa Kinh Đô 80g (Lô 141),Cái,9000,8,Bánh kẹo & Ăn vặt,294
SP008843,Bánh xốp Nabati phô mai 130g (Lô 141),Hộp,12000,8,Bánh kẹo & Ăn vặt,301
SP008844,Hạt điều rang muối vỏ lụa Bình Phước 500g (Lô 141),Hộp,135000,8,Bánh kẹo & Ăn vặt,308
SP008845,Hạt hướng dương Chacheer 130g (Lô 141),Gói,15000,8,Bánh kẹo & Ăn vặt,315
SP008846,Rong biển sấy vị truyền thống TaoKaeNoi 32g (Lô 141),Gói,26000,8,Bánh kẹo & Ăn vặt,322
SP008847,Nước mắm Nam Ngư Đệ Nhị chai 900ml (Lô 141),Chai,28000,8,Gia vị & Đồ nấu nướng,329
SP008848,Nước mắm Chinsu Cá Hồi chai 500ml (Lô 141),Chai,47000,8,Gia vị & Đồ nấu nướng,336
SP008849,Dầu ăn Simply đậu nành can 1L (Lô 141),Chai,59000,8,Gia vị & Đồ nấu nướng,343
SP008850,Dầu ăn Neptune Gold can 2L (Lô 141),Chai,135000,8,Gia vị & Đồ nấu nướng,350
SP008851,Hạt nêm Knorr thịt thăn xương ống 400g (Lô 141),Gói,37000,8,Gia vị & Đồ nấu nướng,357
SP008852,Bột ngọt Ajinomoto gói 454g (Lô 141),Gói,34000,8,Gia vị & Đồ nấu nướng,364
SP008853,Tương ớt Chinsu nắp bật 250g (Lô 141),Chai,15000,8,Gia vị & Đồ nấu nướng,371
SP008854,Tương cà Cholimex chai 330g (Lô 141),Chai,16000,8,Gia vị & Đồ nấu nướng,378
SP008855,Muối I-ốt Bạc Liêu túi 500g (Lô 141),Gói,6000,8,Gia vị & Đồ nấu nướng,385
SP008856,Đường tinh luyện Biên Hòa Daily 1kg (Lô 141),Gói,31000,8,Gia vị & Đồ nấu nướng,392
SP008857,Mì tôm Hảo Hảo tôm chua cay 75g (Lô 141),Gói,4500,8,Mì gói & Thực phẩm khô,399
SP008858,Mì Omachi sườn hầm ngũ quả 80g (Lô 141),Gói,8500,8,Mì gói & Thực phẩm khô,406
SP008859,Mì trộn Indomie Mi Goreng 85g (Lô 141),Gói,6500,8,Mì gói & Thực phẩm khô,413
SP008860,Phở gà Đệ Nhất Acecook 68g (Lô 141),Gói,8000,8,Mì gói & Thực phẩm khô,420
SP008861,Miến Phú Hương yến tiệc 210g (Lô 141),Gói,22000,8,Mì gói & Thực phẩm khô,427
SP008862,Cháo thịt bằm Cung Đình gói 50g (Lô 141),Gói,7000,8,Mì gói & Thực phẩm khô,434
SP008863,Cá nục sốt cà 3 Cô Gái lon 155g (Lô 141),Lon,19000,8,Mì gói & Thực phẩm khô,441
SP008864,Pate thịt heo Hạ Long lon 150g (Lô 141),Lon,27000,8,Mì gói & Thực phẩm khô,448
SP008865,Mì ly Modern lẩu thái tôm 65g (Lô 141),Ly,9500,8,Mì gói & Thực phẩm khô,455
SP008866,Nước rửa chén Sunlight chanh can 3.6kg (Lô 141),Can,109000,10,Hóa mỹ phẩm & Tẩy rửa,462
SP008867,Nước giặt OMO Matic cửa trên túi 3.6kg (Lô 141),Túi,175000,10,Hóa mỹ phẩm & Tẩy rửa,469
SP008868,Nước xả vải Comfort đậm đặc túi 3.2L (Lô 141),Túi,189000,10,Hóa mỹ phẩm & Tẩy rửa,476
SP008869,Dầu gội Clear thảo dược mát lạnh 630g (Lô 141),Chai,165000,10,Hóa mỹ phẩm & Tẩy rửa,483
SP008870,Dầu gội Pantene suôn mượt 650ml (Lô 141),Chai,155000,10,Hóa mỹ phẩm & Tẩy rửa,490
SP008871,Sữa tắm Lifebuoy bảo vệ vượt trội 800g (Lô 141),Chai,149000,10,Hóa mỹ phẩm & Tẩy rửa,497
SP008872,Kem đánh răng Colgate Total 12 180g (Lô 141),Tuýp,42000,10,Hóa mỹ phẩm & Tẩy rửa,54
SP008873,Bàn chải đánh răng P/S than tre (Lô 141),Cái,18000,10,Hóa mỹ phẩm & Tẩy rửa,61
SP008874,Nước lau sàn Sunlight hoa lily túi 3.6kg (Lô 141),Túi,85000,10,Hóa mỹ phẩm & Tẩy rửa,68
SP008875,Xịt muỗi Raid hương cam chanh 600ml (Lô 141),Chai,68000,10,Hóa mỹ phẩm & Tẩy rửa,75
SP008876,Giấy vệ sinh cuộn cao cấp Pulppy lốc 10 cuộn (Lô 141),Lốc,92000,8,Đồ gia dụng & Tiện ích,82
SP008877,Khăn giấy lụa rút Paseo 200 tờ (Lô 141),Hộp,25000,8,Đồ gia dụng & Tiện ích,89
SP008878,Màng bọc thực phẩm PE Sunhouse 30cmx150m (Lô 141),Hộp,75000,8,Đồ gia dụng & Tiện ích,96
SP008879,Túi rác đen tự hủy sinh học Opec 3 cuộn (Lô 141),Gói,38000,8,Đồ gia dụng & Tiện ích,103
SP008880,Băng dính dán thùng trong suốt 5cm x 100y (Lô 141),Cuộn,16000,8,Đồ gia dụng & Tiện ích,110
SP008881,Pin tiểu AA Panasonic vỉ 4 viên (Lô 141),Vỉ,26000,8,Đồ gia dụng & Tiện ích,117
SP008882,Khẩu trang y tế 4 lớp kháng khuẩn hộp 50 cái (Lô 141),Hộp,35000,8,Đồ gia dụng & Tiện ích,124
SP008883,Nước rửa tay Lifebuoy hương chanh chai 450ml (Lô 141),Chai,52000,8,Đồ gia dụng & Tiện ích,131
SP008884,Coca Cola Sleek 320ml (Lô 142),Lon,11550,8,Đồ uống & Giải khát,138
SP008885,Pepsi Sleek 320ml (Lô 142),Lon,11025,8,Đồ uống & Giải khát,145
SP008886,Nước cam ép Twister 450ml (Lô 142),Chai,12600,8,Đồ uống & Giải khát,152
SP008887,Trà xanh Không Độ 455ml (Lô 142),Chai,10500,8,Đồ uống & Giải khát,159
SP008888,Trà Ô Long Tea+ Plus 455ml (Lô 142),Chai,12600,8,Đồ uống & Giải khát,166
SP008889,Nước tăng lực Red Bull 250ml (Lô 142),Lon,14700,8,Đồ uống & Giải khát,173
SP008890,Nước khoáng Lavie 500ml (Lô 142),Chai,6300,8,Đồ uống & Giải khát,180
SP008891,Nước tinh khiết Aquafina 500ml (Lô 142),Chai,6300,8,Đồ uống & Giải khát,187
SP008892,Cà phê sữa đá Highlands 235ml (Lô 142),Lon,16800,8,Đồ uống & Giải khát,194
SP008893,Bia Heineken Sleek 330ml (Lô 142),Lon,23100,10,Đồ uống & Giải khát,201
SP008894,Bia Tiger Crystal 330ml (Lô 142),Lon,20475,10,Đồ uống & Giải khát,208
SP008895,Bia Sài Gòn Special 330ml (Lô 142),Lon,17325,10,Đồ uống & Giải khát,215
SP008896,Sữa tươi tiệt trùng Vinamilk 180ml (Lô 142),Hộp,8925,0,Đồ uống & Giải khát,222
SP008897,Sữa chua uống Susu 110ml (Lô 142),Chai,6825,0,Đồ uống & Giải khát,229
SP008898,Nước ép bưởi hồng Vfresh 1L (Lô 142),Hộp,40950,8,Đồ uống & Giải khát,236
SP008899,Bánh ChocoPie Orion hộp 12 cái (Lô 142),Hộp,60900,8,Bánh kẹo & Ăn vặt,243
SP008900,Bánh Cosy mè giòn rụm Kinh Đô 288g (Lô 142),Gói,30450,8,Bánh kẹo & Ăn vặt,250
SP008901,Snack khoai tây Ostar vị tảo biển 90g (Lô 142),Gói,19950,8,Bánh kẹo & Ăn vặt,257
SP008902,Snack khoai tây Lay's tự nhiên 95g (Lô 142),Gói,22050,8,Bánh kẹo & Ăn vặt,264
SP008903,Bánh que Pocky socola Glico 40g (Lô 142),Hộp,14700,8,Bánh kẹo & Ăn vặt,271
SP008904,Kẹo dẻo Chupa Chups Sour Tubes 160g (Lô 142),Gói,25200,8,Bánh kẹo & Ăn vặt,278
SP008905,Bánh mì tươi nhân bơ sữa Kinh Đô 80g (Lô 142),Cái,9450,8,Bánh kẹo & Ăn vặt,285
SP008906,Bánh xốp Nabati phô mai 130g (Lô 142),Hộp,12600,8,Bánh kẹo & Ăn vặt,292
SP008907,Hạt điều rang muối vỏ lụa Bình Phước 500g (Lô 142),Hộp,141750,8,Bánh kẹo & Ăn vặt,299
SP008908,Hạt hướng dương Chacheer 130g (Lô 142),Gói,15750,8,Bánh kẹo & Ăn vặt,306
SP008909,Rong biển sấy vị truyền thống TaoKaeNoi 32g (Lô 142),Gói,27300,8,Bánh kẹo & Ăn vặt,313
SP008910,Nước mắm Nam Ngư Đệ Nhị chai 900ml (Lô 142),Chai,29400,8,Gia vị & Đồ nấu nướng,320
SP008911,Nước mắm Chinsu Cá Hồi chai 500ml (Lô 142),Chai,49350,8,Gia vị & Đồ nấu nướng,327
SP008912,Dầu ăn Simply đậu nành can 1L (Lô 142),Chai,61950,8,Gia vị & Đồ nấu nướng,334
SP008913,Dầu ăn Neptune Gold can 2L (Lô 142),Chai,141750,8,Gia vị & Đồ nấu nướng,341
SP008914,Hạt nêm Knorr thịt thăn xương ống 400g (Lô 142),Gói,38850,8,Gia vị & Đồ nấu nướng,348
SP008915,Bột ngọt Ajinomoto gói 454g (Lô 142),Gói,35700,8,Gia vị & Đồ nấu nướng,355
SP008916,Tương ớt Chinsu nắp bật 250g (Lô 142),Chai,15750,8,Gia vị & Đồ nấu nướng,362
SP008917,Tương cà Cholimex chai 330g (Lô 142),Chai,16800,8,Gia vị & Đồ nấu nướng,369
SP008918,Muối I-ốt Bạc Liêu túi 500g (Lô 142),Gói,6300,8,Gia vị & Đồ nấu nướng,376
SP008919,Đường tinh luyện Biên Hòa Daily 1kg (Lô 142),Gói,32550,8,Gia vị & Đồ nấu nướng,383
SP008920,Mì tôm Hảo Hảo tôm chua cay 75g (Lô 142),Gói,4725,8,Mì gói & Thực phẩm khô,390
SP008921,Mì Omachi sườn hầm ngũ quả 80g (Lô 142),Gói,8925,8,Mì gói & Thực phẩm khô,397
SP008922,Mì trộn Indomie Mi Goreng 85g (Lô 142),Gói,6825,8,Mì gói & Thực phẩm khô,404
SP008923,Phở gà Đệ Nhất Acecook 68g (Lô 142),Gói,8400,8,Mì gói & Thực phẩm khô,411
SP008924,Miến Phú Hương yến tiệc 210g (Lô 142),Gói,23100,8,Mì gói & Thực phẩm khô,418
SP008925,Cháo thịt bằm Cung Đình gói 50g (Lô 142),Gói,7350,8,Mì gói & Thực phẩm khô,425
SP008926,Cá nục sốt cà 3 Cô Gái lon 155g (Lô 142),Lon,19950,8,Mì gói & Thực phẩm khô,432
SP008927,Pate thịt heo Hạ Long lon 150g (Lô 142),Lon,28350,8,Mì gói & Thực phẩm khô,439
SP008928,Mì ly Modern lẩu thái tôm 65g (Lô 142),Ly,9975,8,Mì gói & Thực phẩm khô,446
SP008929,Nước rửa chén Sunlight chanh can 3.6kg (Lô 142),Can,114450,10,Hóa mỹ phẩm & Tẩy rửa,453
SP008930,Nước giặt OMO Matic cửa trên túi 3.6kg (Lô 142),Túi,183750,10,Hóa mỹ phẩm & Tẩy rửa,460
SP008931,Nước xả vải Comfort đậm đặc túi 3.2L (Lô 142),Túi,198450,10,Hóa mỹ phẩm & Tẩy rửa,467
SP008932,Dầu gội Clear thảo dược mát lạnh 630g (Lô 142),Chai,173250,10,Hóa mỹ phẩm & Tẩy rửa,474
SP008933,Dầu gội Pantene suôn mượt 650ml (Lô 142),Chai,162750,10,Hóa mỹ phẩm & Tẩy rửa,481
SP008934,Sữa tắm Lifebuoy bảo vệ vượt trội 800g (Lô 142),Chai,156450,10,Hóa mỹ phẩm & Tẩy rửa,488
SP008935,Kem đánh răng Colgate Total 12 180g (Lô 142),Tuýp,44100,10,Hóa mỹ phẩm & Tẩy rửa,495
SP008936,Bàn chải đánh răng P/S than tre (Lô 142),Cái,18900,10,Hóa mỹ phẩm & Tẩy rửa,52
SP008937,Nước lau sàn Sunlight hoa lily túi 3.6kg (Lô 142),Túi,89250,10,Hóa mỹ phẩm & Tẩy rửa,59
SP008938,Xịt muỗi Raid hương cam chanh 600ml (Lô 142),Chai,71400,10,Hóa mỹ phẩm & Tẩy rửa,66
SP008939,Giấy vệ sinh cuộn cao cấp Pulppy lốc 10 cuộn (Lô 142),Lốc,96600,8,Đồ gia dụng & Tiện ích,73
SP008940,Khăn giấy lụa rút Paseo 200 tờ (Lô 142),Hộp,26250,8,Đồ gia dụng & Tiện ích,80
SP008941,Màng bọc thực phẩm PE Sunhouse 30cmx150m (Lô 142),Hộp,78750,8,Đồ gia dụng & Tiện ích,87
SP008942,Túi rác đen tự hủy sinh học Opec 3 cuộn (Lô 142),Gói,39900,8,Đồ gia dụng & Tiện ích,94
SP008943,Băng dính dán thùng trong suốt 5cm x 100y (Lô 142),Cuộn,16800,8,Đồ gia dụng & Tiện ích,101
SP008944,Pin tiểu AA Panasonic vỉ 4 viên (Lô 142),Vỉ,27300,8,Đồ gia dụng & Tiện ích,108
SP008945,Khẩu trang y tế 4 lớp kháng khuẩn hộp 50 cái (Lô 142),Hộp,36750,8,Đồ gia dụng & Tiện ích,115
SP008946,Nước rửa tay Lifebuoy hương chanh chai 450ml (Lô 142),Chai,54600,8,Đồ gia dụng & Tiện ích,122
SP008947,Coca Cola Sleek 320ml (Lô 143),Lon,12100,8,Đồ uống & Giải khát,129
SP008948,Pepsi Sleek 320ml (Lô 143),Lon,11550,8,Đồ uống & Giải khát,136
SP008949,Nước cam ép Twister 450ml (Lô 143),Chai,13200,8,Đồ uống & Giải khát,143
SP008950,Trà xanh Không Độ 455ml (Lô 143),Chai,11000,8,Đồ uống & Giải khát,150
SP008951,Trà Ô Long Tea+ Plus 455ml (Lô 143),Chai,13200,8,Đồ uống & Giải khát,157
SP008952,Nước tăng lực Red Bull 250ml (Lô 143),Lon,15400,8,Đồ uống & Giải khát,164
SP008953,Nước khoáng Lavie 500ml (Lô 143),Chai,6600,8,Đồ uống & Giải khát,171
SP008954,Nước tinh khiết Aquafina 500ml (Lô 143),Chai,6600,8,Đồ uống & Giải khát,178
SP008955,Cà phê sữa đá Highlands 235ml (Lô 143),Lon,17600,8,Đồ uống & Giải khát,185
SP008956,Bia Heineken Sleek 330ml (Lô 143),Lon,24200,10,Đồ uống & Giải khát,192
SP008957,Bia Tiger Crystal 330ml (Lô 143),Lon,21450,10,Đồ uống & Giải khát,199
SP008958,Bia Sài Gòn Special 330ml (Lô 143),Lon,18150,10,Đồ uống & Giải khát,206
SP008959,Sữa tươi tiệt trùng Vinamilk 180ml (Lô 143),Hộp,9350,0,Đồ uống & Giải khát,213
SP008960,Sữa chua uống Susu 110ml (Lô 143),Chai,7150,0,Đồ uống & Giải khát,220
SP008961,Nước ép bưởi hồng Vfresh 1L (Lô 143),Hộp,42900,8,Đồ uống & Giải khát,227
SP008962,Bánh ChocoPie Orion hộp 12 cái (Lô 143),Hộp,63800,8,Bánh kẹo & Ăn vặt,234
SP008963,Bánh Cosy mè giòn rụm Kinh Đô 288g (Lô 143),Gói,31900,8,Bánh kẹo & Ăn vặt,241
SP008964,Snack khoai tây Ostar vị tảo biển 90g (Lô 143),Gói,20900,8,Bánh kẹo & Ăn vặt,248
SP008965,Snack khoai tây Lay's tự nhiên 95g (Lô 143),Gói,23100,8,Bánh kẹo & Ăn vặt,255
SP008966,Bánh que Pocky socola Glico 40g (Lô 143),Hộp,15400,8,Bánh kẹo & Ăn vặt,262
SP008967,Kẹo dẻo Chupa Chups Sour Tubes 160g (Lô 143),Gói,26400,8,Bánh kẹo & Ăn vặt,269
SP008968,Bánh mì tươi nhân bơ sữa Kinh Đô 80g (Lô 143),Cái,9900,8,Bánh kẹo & Ăn vặt,276
SP008969,Bánh xốp Nabati phô mai 130g (Lô 143),Hộp,13200,8,Bánh kẹo & Ăn vặt,283
SP008970,Hạt điều rang muối vỏ lụa Bình Phước 500g (Lô 143),Hộp,148500,8,Bánh kẹo & Ăn vặt,290
SP008971,Hạt hướng dương Chacheer 130g (Lô 143),Gói,16500,8,Bánh kẹo & Ăn vặt,297
SP008972,Rong biển sấy vị truyền thống TaoKaeNoi 32g (Lô 143),Gói,28600,8,Bánh kẹo & Ăn vặt,304
SP008973,Nước mắm Nam Ngư Đệ Nhị chai 900ml (Lô 143),Chai,30800,8,Gia vị & Đồ nấu nướng,311
SP008974,Nước mắm Chinsu Cá Hồi chai 500ml (Lô 143),Chai,51700,8,Gia vị & Đồ nấu nướng,318
SP008975,Dầu ăn Simply đậu nành can 1L (Lô 143),Chai,64900,8,Gia vị & Đồ nấu nướng,325
SP008976,Dầu ăn Neptune Gold can 2L (Lô 143),Chai,148500,8,Gia vị & Đồ nấu nướng,332
SP008977,Hạt nêm Knorr thịt thăn xương ống 400g (Lô 143),Gói,40700,8,Gia vị & Đồ nấu nướng,339
SP008978,Bột ngọt Ajinomoto gói 454g (Lô 143),Gói,37400,8,Gia vị & Đồ nấu nướng,346
SP008979,Tương ớt Chinsu nắp bật 250g (Lô 143),Chai,16500,8,Gia vị & Đồ nấu nướng,353
SP008980,Tương cà Cholimex chai 330g (Lô 143),Chai,17600,8,Gia vị & Đồ nấu nướng,360
SP008981,Muối I-ốt Bạc Liêu túi 500g (Lô 143),Gói,6600,8,Gia vị & Đồ nấu nướng,367
SP008982,Đường tinh luyện Biên Hòa Daily 1kg (Lô 143),Gói,34100,8,Gia vị & Đồ nấu nướng,374
SP008983,Mì tôm Hảo Hảo tôm chua cay 75g (Lô 143),Gói,4950,8,Mì gói & Thực phẩm khô,381
SP008984,Mì Omachi sườn hầm ngũ quả 80g (Lô 143),Gói,9350,8,Mì gói & Thực phẩm khô,388
SP008985,Mì trộn Indomie Mi Goreng 85g (Lô 143),Gói,7150,8,Mì gói & Thực phẩm khô,395
SP008986,Phở gà Đệ Nhất Acecook 68g (Lô 143),Gói,8800,8,Mì gói & Thực phẩm khô,402
SP008987,Miến Phú Hương yến tiệc 210g (Lô 143),Gói,24200,8,Mì gói & Thực phẩm khô,409
SP008988,Cháo thịt bằm Cung Đình gói 50g (Lô 143),Gói,7700,8,Mì gói & Thực phẩm khô,416
SP008989,Cá nục sốt cà 3 Cô Gái lon 155g (Lô 143),Lon,20900,8,Mì gói & Thực phẩm khô,423
SP008990,Pate thịt heo Hạ Long lon 150g (Lô 143),Lon,29700,8,Mì gói & Thực phẩm khô,430
SP008991,Mì ly Modern lẩu thái tôm 65g (Lô 143),Ly,10450,8,Mì gói & Thực phẩm khô,437
SP008992,Nước rửa chén Sunlight chanh can 3.6kg (Lô 143),Can,119900,10,Hóa mỹ phẩm & Tẩy rửa,444
SP008993,Nước giặt OMO Matic cửa trên túi 3.6kg (Lô 143),Túi,192500,10,Hóa mỹ phẩm & Tẩy rửa,451
SP008994,Nước xả vải Comfort đậm đặc túi 3.2L (Lô 143),Túi,207900,10,Hóa mỹ phẩm & Tẩy rửa,458
SP008995,Dầu gội Clear thảo dược mát lạnh 630g (Lô 143),Chai,181500,10,Hóa mỹ phẩm & Tẩy rửa,465
SP008996,Dầu gội Pantene suôn mượt 650ml (Lô 143),Chai,170500,10,Hóa mỹ phẩm & Tẩy rửa,472
SP008997,Sữa tắm Lifebuoy bảo vệ vượt trội 800g (Lô 143),Chai,163900,10,Hóa mỹ phẩm & Tẩy rửa,479
SP008998,Kem đánh răng Colgate Total 12 180g (Lô 143),Tuýp,46200,10,Hóa mỹ phẩm & Tẩy rửa,486
SP008999,Bàn chải đánh răng P/S than tre (Lô 143),Cái,19800,10,Hóa mỹ phẩm & Tẩy rửa,493
SP009000,Nước lau sàn Sunlight hoa lily túi 3.6kg (Lô 143),Túi,93500,10,Hóa mỹ phẩm & Tẩy rửa,50
SP009001,Xịt muỗi Raid hương cam chanh 600ml (Lô 143),Chai,74800,10,Hóa mỹ phẩm & Tẩy rửa,57
SP009002,Giấy vệ sinh cuộn cao cấp Pulppy lốc 10 cuộn (Lô 143),Lốc,101200,8,Đồ gia dụng & Tiện ích,64
SP009003,Khăn giấy lụa rút Paseo 200 tờ (Lô 143),Hộp,27500,8,Đồ gia dụng & Tiện ích,71
SP009004,Màng bọc thực phẩm PE Sunhouse 30cmx150m (Lô 143),Hộp,82500,8,Đồ gia dụng & Tiện ích,78
SP009005,Túi rác đen tự hủy sinh học Opec 3 cuộn (Lô 143),Gói,41800,8,Đồ gia dụng & Tiện ích,85
SP009006,Băng dính dán thùng trong suốt 5cm x 100y (Lô 143),Cuộn,17600,8,Đồ gia dụng & Tiện ích,92
SP009007,Pin tiểu AA Panasonic vỉ 4 viên (Lô 143),Vỉ,28600,8,Đồ gia dụng & Tiện ích,99
SP009008,Khẩu trang y tế 4 lớp kháng khuẩn hộp 50 cái (Lô 143),Hộp,38500,8,Đồ gia dụng & Tiện ích,106
SP009009,Nước rửa tay Lifebuoy hương chanh chai 450ml (Lô 143),Chai,57200,8,Đồ gia dụng & Tiện ích,113
SP009010,Coca Cola Sleek 320ml (Lô 144),Lon,12649,8,Đồ uống & Giải khát,120
SP009011,Pepsi Sleek 320ml (Lô 144),Lon,12074,8,Đồ uống & Giải khát,127
SP009012,Nước cam ép Twister 450ml (Lô 144),Chai,13799,8,Đồ uống & Giải khát,134
SP009013,Trà xanh Không Độ 455ml (Lô 144),Chai,11500,8,Đồ uống & Giải khát,141
SP009014,Trà Ô Long Tea+ Plus 455ml (Lô 144),Chai,13799,8,Đồ uống & Giải khát,148
SP009015,Nước tăng lực Red Bull 250ml (Lô 144),Lon,16099,8,Đồ uống & Giải khát,155
SP009016,Nước khoáng Lavie 500ml (Lô 144),Chai,6899,8,Đồ uống & Giải khát,162
SP009017,Nước tinh khiết Aquafina 500ml (Lô 144),Chai,6899,8,Đồ uống & Giải khát,169
SP009018,Cà phê sữa đá Highlands 235ml (Lô 144),Lon,18400,8,Đồ uống & Giải khát,176
SP009019,Bia Heineken Sleek 330ml (Lô 144),Lon,25299,10,Đồ uống & Giải khát,183
SP009020,Bia Tiger Crystal 330ml (Lô 144),Lon,22425,10,Đồ uống & Giải khát,190
SP009021,Bia Sài Gòn Special 330ml (Lô 144),Lon,18975,10,Đồ uống & Giải khát,197
SP009022,Sữa tươi tiệt trùng Vinamilk 180ml (Lô 144),Hộp,9775,0,Đồ uống & Giải khát,204
SP009023,Sữa chua uống Susu 110ml (Lô 144),Chai,7474,0,Đồ uống & Giải khát,211
SP009024,Nước ép bưởi hồng Vfresh 1L (Lô 144),Hộp,44850,8,Đồ uống & Giải khát,218
SP009025,Bánh ChocoPie Orion hộp 12 cái (Lô 144),Hộp,66700,8,Bánh kẹo & Ăn vặt,225
SP009026,Bánh Cosy mè giòn rụm Kinh Đô 288g (Lô 144),Gói,33350,8,Bánh kẹo & Ăn vặt,232
SP009027,Snack khoai tây Ostar vị tảo biển 90g (Lô 144),Gói,21850,8,Bánh kẹo & Ăn vặt,239
SP009028,Snack khoai tây Lay's tự nhiên 95g (Lô 144),Gói,24149,8,Bánh kẹo & Ăn vặt,246
SP009029,Bánh que Pocky socola Glico 40g (Lô 144),Hộp,16099,8,Bánh kẹo & Ăn vặt,253
SP009030,Kẹo dẻo Chupa Chups Sour Tubes 160g (Lô 144),Gói,27599,8,Bánh kẹo & Ăn vặt,260
SP009031,Bánh mì tươi nhân bơ sữa Kinh Đô 80g (Lô 144),Cái,10350,8,Bánh kẹo & Ăn vặt,267
SP009032,Bánh xốp Nabati phô mai 130g (Lô 144),Hộp,13799,8,Bánh kẹo & Ăn vặt,274
SP009033,Hạt điều rang muối vỏ lụa Bình Phước 500g (Lô 144),Hộp,155250,8,Bánh kẹo & Ăn vặt,281
SP009034,Hạt hướng dương Chacheer 130g (Lô 144),Gói,17250,8,Bánh kẹo & Ăn vặt,288
SP009035,Rong biển sấy vị truyền thống TaoKaeNoi 32g (Lô 144),Gói,29899,8,Bánh kẹo & Ăn vặt,295
SP009036,Nước mắm Nam Ngư Đệ Nhị chai 900ml (Lô 144),Chai,32199,8,Gia vị & Đồ nấu nướng,302
SP009037,Nước mắm Chinsu Cá Hồi chai 500ml (Lô 144),Chai,54049,8,Gia vị & Đồ nấu nướng,309
SP009038,Dầu ăn Simply đậu nành can 1L (Lô 144),Chai,67850,8,Gia vị & Đồ nấu nướng,316
SP009039,Dầu ăn Neptune Gold can 2L (Lô 144),Chai,155250,8,Gia vị & Đồ nấu nướng,323
SP009040,Hạt nêm Knorr thịt thăn xương ống 400g (Lô 144),Gói,42550,8,Gia vị & Đồ nấu nướng,330
SP009041,Bột ngọt Ajinomoto gói 454g (Lô 144),Gói,39100,8,Gia vị & Đồ nấu nướng,337
SP009042,Tương ớt Chinsu nắp bật 250g (Lô 144),Chai,17250,8,Gia vị & Đồ nấu nướng,344
SP009043,Tương cà Cholimex chai 330g (Lô 144),Chai,18400,8,Gia vị & Đồ nấu nướng,351
SP009044,Muối I-ốt Bạc Liêu túi 500g (Lô 144),Gói,6899,8,Gia vị & Đồ nấu nướng,358
SP009045,Đường tinh luyện Biên Hòa Daily 1kg (Lô 144),Gói,35650,8,Gia vị & Đồ nấu nướng,365
SP009046,Mì tôm Hảo Hảo tôm chua cay 75g (Lô 144),Gói,5175,8,Mì gói & Thực phẩm khô,372
SP009047,Mì Omachi sườn hầm ngũ quả 80g (Lô 144),Gói,9775,8,Mì gói & Thực phẩm khô,379
SP009048,Mì trộn Indomie Mi Goreng 85g (Lô 144),Gói,7474,8,Mì gói & Thực phẩm khô,386
SP009049,Phở gà Đệ Nhất Acecook 68g (Lô 144),Gói,9200,8,Mì gói & Thực phẩm khô,393
SP009050,Miến Phú Hương yến tiệc 210g (Lô 144),Gói,25299,8,Mì gói & Thực phẩm khô,400
SP009051,Cháo thịt bằm Cung Đình gói 50g (Lô 144),Gói,8049,8,Mì gói & Thực phẩm khô,407
SP009052,Cá nục sốt cà 3 Cô Gái lon 155g (Lô 144),Lon,21850,8,Mì gói & Thực phẩm khô,414
SP009053,Pate thịt heo Hạ Long lon 150g (Lô 144),Lon,31049,8,Mì gói & Thực phẩm khô,421
SP009054,Mì ly Modern lẩu thái tôm 65g (Lô 144),Ly,10925,8,Mì gói & Thực phẩm khô,428
SP009055,Nước rửa chén Sunlight chanh can 3.6kg (Lô 144),Can,125349,10,Hóa mỹ phẩm & Tẩy rửa,435
SP009056,Nước giặt OMO Matic cửa trên túi 3.6kg (Lô 144),Túi,201249,10,Hóa mỹ phẩm & Tẩy rửa,442
SP009057,Nước xả vải Comfort đậm đặc túi 3.2L (Lô 144),Túi,217349,10,Hóa mỹ phẩm & Tẩy rửa,449
SP009058,Dầu gội Clear thảo dược mát lạnh 630g (Lô 144),Chai,189749,10,Hóa mỹ phẩm & Tẩy rửa,456
SP009059,Dầu gội Pantene suôn mượt 650ml (Lô 144),Chai,178250,10,Hóa mỹ phẩm & Tẩy rửa,463
SP009060,Sữa tắm Lifebuoy bảo vệ vượt trội 800g (Lô 144),Chai,171350,10,Hóa mỹ phẩm & Tẩy rửa,470
SP009061,Kem đánh răng Colgate Total 12 180g (Lô 144),Tuýp,48299,10,Hóa mỹ phẩm & Tẩy rửa,477
SP009062,Bàn chải đánh răng P/S than tre (Lô 144),Cái,20700,10,Hóa mỹ phẩm & Tẩy rửa,484
SP009063,Nước lau sàn Sunlight hoa lily túi 3.6kg (Lô 144),Túi,97749,10,Hóa mỹ phẩm & Tẩy rửa,491
SP009064,Xịt muỗi Raid hương cam chanh 600ml (Lô 144),Chai,78200,10,Hóa mỹ phẩm & Tẩy rửa,498
SP009065,Giấy vệ sinh cuộn cao cấp Pulppy lốc 10 cuộn (Lô 144),Lốc,105799,8,Đồ gia dụng & Tiện ích,55
SP009066,Khăn giấy lụa rút Paseo 200 tờ (Lô 144),Hộp,28749,8,Đồ gia dụng & Tiện ích,62
SP009067,Màng bọc thực phẩm PE Sunhouse 30cmx150m (Lô 144),Hộp,86250,8,Đồ gia dụng & Tiện ích,69
SP009068,Túi rác đen tự hủy sinh học Opec 3 cuộn (Lô 144),Gói,43700,8,Đồ gia dụng & Tiện ích,76
SP009069,Băng dính dán thùng trong suốt 5cm x 100y (Lô 144),Cuộn,18400,8,Đồ gia dụng & Tiện ích,83
SP009070,Pin tiểu AA Panasonic vỉ 4 viên (Lô 144),Vỉ,29899,8,Đồ gia dụng & Tiện ích,90
SP009071,Khẩu trang y tế 4 lớp kháng khuẩn hộp 50 cái (Lô 144),Hộp,40250,8,Đồ gia dụng & Tiện ích,97
SP009072,Nước rửa tay Lifebuoy hương chanh chai 450ml (Lô 144),Chai,59799,8,Đồ gia dụng & Tiện ích,104
SP009073,Coca Cola Sleek 320ml (Lô 145),Lon,13200,8,Đồ uống & Giải khát,111
SP009074,Pepsi Sleek 320ml (Lô 145),Lon,12600,8,Đồ uống & Giải khát,118
SP009075,Nước cam ép Twister 450ml (Lô 145),Chai,14400,8,Đồ uống & Giải khát,125
SP009076,Trà xanh Không Độ 455ml (Lô 145),Chai,12000,8,Đồ uống & Giải khát,132
SP009077,Trà Ô Long Tea+ Plus 455ml (Lô 145),Chai,14400,8,Đồ uống & Giải khát,139
SP009078,Nước tăng lực Red Bull 250ml (Lô 145),Lon,16800,8,Đồ uống & Giải khát,146
SP009079,Nước khoáng Lavie 500ml (Lô 145),Chai,7200,8,Đồ uống & Giải khát,153
SP009080,Nước tinh khiết Aquafina 500ml (Lô 145),Chai,7200,8,Đồ uống & Giải khát,160
SP009081,Cà phê sữa đá Highlands 235ml (Lô 145),Lon,19200,8,Đồ uống & Giải khát,167
SP009082,Bia Heineken Sleek 330ml (Lô 145),Lon,26400,10,Đồ uống & Giải khát,174
SP009083,Bia Tiger Crystal 330ml (Lô 145),Lon,23400,10,Đồ uống & Giải khát,181
SP009084,Bia Sài Gòn Special 330ml (Lô 145),Lon,19800,10,Đồ uống & Giải khát,188
SP009085,Sữa tươi tiệt trùng Vinamilk 180ml (Lô 145),Hộp,10200,0,Đồ uống & Giải khát,195
SP009086,Sữa chua uống Susu 110ml (Lô 145),Chai,7800,0,Đồ uống & Giải khát,202
SP009087,Nước ép bưởi hồng Vfresh 1L (Lô 145),Hộp,46800,8,Đồ uống & Giải khát,209
SP009088,Bánh ChocoPie Orion hộp 12 cái (Lô 145),Hộp,69600,8,Bánh kẹo & Ăn vặt,216
SP009089,Bánh Cosy mè giòn rụm Kinh Đô 288g (Lô 145),Gói,34800,8,Bánh kẹo & Ăn vặt,223
SP009090,Snack khoai tây Ostar vị tảo biển 90g (Lô 145),Gói,22800,8,Bánh kẹo & Ăn vặt,230
SP009091,Snack khoai tây Lay's tự nhiên 95g (Lô 145),Gói,25200,8,Bánh kẹo & Ăn vặt,237
SP009092,Bánh que Pocky socola Glico 40g (Lô 145),Hộp,16800,8,Bánh kẹo & Ăn vặt,244
SP009093,Kẹo dẻo Chupa Chups Sour Tubes 160g (Lô 145),Gói,28800,8,Bánh kẹo & Ăn vặt,251
SP009094,Bánh mì tươi nhân bơ sữa Kinh Đô 80g (Lô 145),Cái,10800,8,Bánh kẹo & Ăn vặt,258
SP009095,Bánh xốp Nabati phô mai 130g (Lô 145),Hộp,14400,8,Bánh kẹo & Ăn vặt,265
SP009096,Hạt điều rang muối vỏ lụa Bình Phước 500g (Lô 145),Hộp,162000,8,Bánh kẹo & Ăn vặt,272
SP009097,Hạt hướng dương Chacheer 130g (Lô 145),Gói,18000,8,Bánh kẹo & Ăn vặt,279
SP009098,Rong biển sấy vị truyền thống TaoKaeNoi 32g (Lô 145),Gói,31200,8,Bánh kẹo & Ăn vặt,286
SP009099,Nước mắm Nam Ngư Đệ Nhị chai 900ml (Lô 145),Chai,33600,8,Gia vị & Đồ nấu nướng,293
SP009100,Nước mắm Chinsu Cá Hồi chai 500ml (Lô 145),Chai,56400,8,Gia vị & Đồ nấu nướng,300
SP009101,Dầu ăn Simply đậu nành can 1L (Lô 145),Chai,70800,8,Gia vị & Đồ nấu nướng,307
SP009102,Dầu ăn Neptune Gold can 2L (Lô 145),Chai,162000,8,Gia vị & Đồ nấu nướng,314
SP009103,Hạt nêm Knorr thịt thăn xương ống 400g (Lô 145),Gói,44400,8,Gia vị & Đồ nấu nướng,321
SP009104,Bột ngọt Ajinomoto gói 454g (Lô 145),Gói,40800,8,Gia vị & Đồ nấu nướng,328
SP009105,Tương ớt Chinsu nắp bật 250g (Lô 145),Chai,18000,8,Gia vị & Đồ nấu nướng,335
SP009106,Tương cà Cholimex chai 330g (Lô 145),Chai,19200,8,Gia vị & Đồ nấu nướng,342
SP009107,Muối I-ốt Bạc Liêu túi 500g (Lô 145),Gói,7200,8,Gia vị & Đồ nấu nướng,349
SP009108,Đường tinh luyện Biên Hòa Daily 1kg (Lô 145),Gói,37200,8,Gia vị & Đồ nấu nướng,356
SP009109,Mì tôm Hảo Hảo tôm chua cay 75g (Lô 145),Gói,5400,8,Mì gói & Thực phẩm khô,363
SP009110,Mì Omachi sườn hầm ngũ quả 80g (Lô 145),Gói,10200,8,Mì gói & Thực phẩm khô,370
SP009111,Mì trộn Indomie Mi Goreng 85g (Lô 145),Gói,7800,8,Mì gói & Thực phẩm khô,377
SP009112,Phở gà Đệ Nhất Acecook 68g (Lô 145),Gói,9600,8,Mì gói & Thực phẩm khô,384
SP009113,Miến Phú Hương yến tiệc 210g (Lô 145),Gói,26400,8,Mì gói & Thực phẩm khô,391
SP009114,Cháo thịt bằm Cung Đình gói 50g (Lô 145),Gói,8400,8,Mì gói & Thực phẩm khô,398
SP009115,Cá nục sốt cà 3 Cô Gái lon 155g (Lô 145),Lon,22800,8,Mì gói & Thực phẩm khô,405
SP009116,Pate thịt heo Hạ Long lon 150g (Lô 145),Lon,32400,8,Mì gói & Thực phẩm khô,412
SP009117,Mì ly Modern lẩu thái tôm 65g (Lô 145),Ly,11400,8,Mì gói & Thực phẩm khô,419
SP009118,Nước rửa chén Sunlight chanh can 3.6kg (Lô 145),Can,130800,10,Hóa mỹ phẩm & Tẩy rửa,426
SP009119,Nước giặt OMO Matic cửa trên túi 3.6kg (Lô 145),Túi,210000,10,Hóa mỹ phẩm & Tẩy rửa,433
SP009120,Nước xả vải Comfort đậm đặc túi 3.2L (Lô 145),Túi,226800,10,Hóa mỹ phẩm & Tẩy rửa,440
SP009121,Dầu gội Clear thảo dược mát lạnh 630g (Lô 145),Chai,198000,10,Hóa mỹ phẩm & Tẩy rửa,447
SP009122,Dầu gội Pantene suôn mượt 650ml (Lô 145),Chai,186000,10,Hóa mỹ phẩm & Tẩy rửa,454
SP009123,Sữa tắm Lifebuoy bảo vệ vượt trội 800g (Lô 145),Chai,178800,10,Hóa mỹ phẩm & Tẩy rửa,461
SP009124,Kem đánh răng Colgate Total 12 180g (Lô 145),Tuýp,50400,10,Hóa mỹ phẩm & Tẩy rửa,468
SP009125,Bàn chải đánh răng P/S than tre (Lô 145),Cái,21600,10,Hóa mỹ phẩm & Tẩy rửa,475
SP009126,Nước lau sàn Sunlight hoa lily túi 3.6kg (Lô 145),Túi,102000,10,Hóa mỹ phẩm & Tẩy rửa,482
SP009127,Xịt muỗi Raid hương cam chanh 600ml (Lô 145),Chai,81600,10,Hóa mỹ phẩm & Tẩy rửa,489
SP009128,Giấy vệ sinh cuộn cao cấp Pulppy lốc 10 cuộn (Lô 145),Lốc,110400,8,Đồ gia dụng & Tiện ích,496
SP009129,Khăn giấy lụa rút Paseo 200 tờ (Lô 145),Hộp,30000,8,Đồ gia dụng & Tiện ích,53
SP009130,Màng bọc thực phẩm PE Sunhouse 30cmx150m (Lô 145),Hộp,90000,8,Đồ gia dụng & Tiện ích,60
SP009131,Túi rác đen tự hủy sinh học Opec 3 cuộn (Lô 145),Gói,45600,8,Đồ gia dụng & Tiện ích,67
SP009132,Băng dính dán thùng trong suốt 5cm x 100y (Lô 145),Cuộn,19200,8,Đồ gia dụng & Tiện ích,74
SP009133,Pin tiểu AA Panasonic vỉ 4 viên (Lô 145),Vỉ,31200,8,Đồ gia dụng & Tiện ích,81
SP009134,Khẩu trang y tế 4 lớp kháng khuẩn hộp 50 cái (Lô 145),Hộp,42000,8,Đồ gia dụng & Tiện ích,88
SP009135,Nước rửa tay Lifebuoy hương chanh chai 450ml (Lô 145),Chai,62400,8,Đồ gia dụng & Tiện ích,95
SP009136,Coca Cola Sleek 320ml (Lô 146),Lon,11000,8,Đồ uống & Giải khát,102
SP009137,Pepsi Sleek 320ml (Lô 146),Lon,10500,8,Đồ uống & Giải khát,109
SP009138,Nước cam ép Twister 450ml (Lô 146),Chai,12000,8,Đồ uống & Giải khát,116
SP009139,Trà xanh Không Độ 455ml (Lô 146),Chai,10000,8,Đồ uống & Giải khát,123
SP009140,Trà Ô Long Tea+ Plus 455ml (Lô 146),Chai,12000,8,Đồ uống & Giải khát,130
SP009141,Nước tăng lực Red Bull 250ml (Lô 146),Lon,14000,8,Đồ uống & Giải khát,137
SP009142,Nước khoáng Lavie 500ml (Lô 146),Chai,6000,8,Đồ uống & Giải khát,144
SP009143,Nước tinh khiết Aquafina 500ml (Lô 146),Chai,6000,8,Đồ uống & Giải khát,151
SP009144,Cà phê sữa đá Highlands 235ml (Lô 146),Lon,16000,8,Đồ uống & Giải khát,158
SP009145,Bia Heineken Sleek 330ml (Lô 146),Lon,22000,10,Đồ uống & Giải khát,165
SP009146,Bia Tiger Crystal 330ml (Lô 146),Lon,19500,10,Đồ uống & Giải khát,172
SP009147,Bia Sài Gòn Special 330ml (Lô 146),Lon,16500,10,Đồ uống & Giải khát,179
SP009148,Sữa tươi tiệt trùng Vinamilk 180ml (Lô 146),Hộp,8500,0,Đồ uống & Giải khát,186
SP009149,Sữa chua uống Susu 110ml (Lô 146),Chai,6500,0,Đồ uống & Giải khát,193
SP009150,Nước ép bưởi hồng Vfresh 1L (Lô 146),Hộp,39000,8,Đồ uống & Giải khát,200
SP009151,Bánh ChocoPie Orion hộp 12 cái (Lô 146),Hộp,58000,8,Bánh kẹo & Ăn vặt,207
SP009152,Bánh Cosy mè giòn rụm Kinh Đô 288g (Lô 146),Gói,29000,8,Bánh kẹo & Ăn vặt,214
SP009153,Snack khoai tây Ostar vị tảo biển 90g (Lô 146),Gói,19000,8,Bánh kẹo & Ăn vặt,221
SP009154,Snack khoai tây Lay's tự nhiên 95g (Lô 146),Gói,21000,8,Bánh kẹo & Ăn vặt,228
SP009155,Bánh que Pocky socola Glico 40g (Lô 146),Hộp,14000,8,Bánh kẹo & Ăn vặt,235
SP009156,Kẹo dẻo Chupa Chups Sour Tubes 160g (Lô 146),Gói,24000,8,Bánh kẹo & Ăn vặt,242
SP009157,Bánh mì tươi nhân bơ sữa Kinh Đô 80g (Lô 146),Cái,9000,8,Bánh kẹo & Ăn vặt,249
SP009158,Bánh xốp Nabati phô mai 130g (Lô 146),Hộp,12000,8,Bánh kẹo & Ăn vặt,256
SP009159,Hạt điều rang muối vỏ lụa Bình Phước 500g (Lô 146),Hộp,135000,8,Bánh kẹo & Ăn vặt,263
SP009160,Hạt hướng dương Chacheer 130g (Lô 146),Gói,15000,8,Bánh kẹo & Ăn vặt,270
SP009161,Rong biển sấy vị truyền thống TaoKaeNoi 32g (Lô 146),Gói,26000,8,Bánh kẹo & Ăn vặt,277
SP009162,Nước mắm Nam Ngư Đệ Nhị chai 900ml (Lô 146),Chai,28000,8,Gia vị & Đồ nấu nướng,284
SP009163,Nước mắm Chinsu Cá Hồi chai 500ml (Lô 146),Chai,47000,8,Gia vị & Đồ nấu nướng,291
SP009164,Dầu ăn Simply đậu nành can 1L (Lô 146),Chai,59000,8,Gia vị & Đồ nấu nướng,298
SP009165,Dầu ăn Neptune Gold can 2L (Lô 146),Chai,135000,8,Gia vị & Đồ nấu nướng,305
SP009166,Hạt nêm Knorr thịt thăn xương ống 400g (Lô 146),Gói,37000,8,Gia vị & Đồ nấu nướng,312
SP009167,Bột ngọt Ajinomoto gói 454g (Lô 146),Gói,34000,8,Gia vị & Đồ nấu nướng,319
SP009168,Tương ớt Chinsu nắp bật 250g (Lô 146),Chai,15000,8,Gia vị & Đồ nấu nướng,326
SP009169,Tương cà Cholimex chai 330g (Lô 146),Chai,16000,8,Gia vị & Đồ nấu nướng,333
SP009170,Muối I-ốt Bạc Liêu túi 500g (Lô 146),Gói,6000,8,Gia vị & Đồ nấu nướng,340
SP009171,Đường tinh luyện Biên Hòa Daily 1kg (Lô 146),Gói,31000,8,Gia vị & Đồ nấu nướng,347
SP009172,Mì tôm Hảo Hảo tôm chua cay 75g (Lô 146),Gói,4500,8,Mì gói & Thực phẩm khô,354
SP009173,Mì Omachi sườn hầm ngũ quả 80g (Lô 146),Gói,8500,8,Mì gói & Thực phẩm khô,361
SP009174,Mì trộn Indomie Mi Goreng 85g (Lô 146),Gói,6500,8,Mì gói & Thực phẩm khô,368
SP009175,Phở gà Đệ Nhất Acecook 68g (Lô 146),Gói,8000,8,Mì gói & Thực phẩm khô,375
SP009176,Miến Phú Hương yến tiệc 210g (Lô 146),Gói,22000,8,Mì gói & Thực phẩm khô,382
SP009177,Cháo thịt bằm Cung Đình gói 50g (Lô 146),Gói,7000,8,Mì gói & Thực phẩm khô,389
SP009178,Cá nục sốt cà 3 Cô Gái lon 155g (Lô 146),Lon,19000,8,Mì gói & Thực phẩm khô,396
SP009179,Pate thịt heo Hạ Long lon 150g (Lô 146),Lon,27000,8,Mì gói & Thực phẩm khô,403
SP009180,Mì ly Modern lẩu thái tôm 65g (Lô 146),Ly,9500,8,Mì gói & Thực phẩm khô,410
SP009181,Nước rửa chén Sunlight chanh can 3.6kg (Lô 146),Can,109000,10,Hóa mỹ phẩm & Tẩy rửa,417
SP009182,Nước giặt OMO Matic cửa trên túi 3.6kg (Lô 146),Túi,175000,10,Hóa mỹ phẩm & Tẩy rửa,424
SP009183,Nước xả vải Comfort đậm đặc túi 3.2L (Lô 146),Túi,189000,10,Hóa mỹ phẩm & Tẩy rửa,431
SP009184,Dầu gội Clear thảo dược mát lạnh 630g (Lô 146),Chai,165000,10,Hóa mỹ phẩm & Tẩy rửa,438
SP009185,Dầu gội Pantene suôn mượt 650ml (Lô 146),Chai,155000,10,Hóa mỹ phẩm & Tẩy rửa,445
SP009186,Sữa tắm Lifebuoy bảo vệ vượt trội 800g (Lô 146),Chai,149000,10,Hóa mỹ phẩm & Tẩy rửa,452
SP009187,Kem đánh răng Colgate Total 12 180g (Lô 146),Tuýp,42000,10,Hóa mỹ phẩm & Tẩy rửa,459
SP009188,Bàn chải đánh răng P/S than tre (Lô 146),Cái,18000,10,Hóa mỹ phẩm & Tẩy rửa,466
SP009189,Nước lau sàn Sunlight hoa lily túi 3.6kg (Lô 146),Túi,85000,10,Hóa mỹ phẩm & Tẩy rửa,473
SP009190,Xịt muỗi Raid hương cam chanh 600ml (Lô 146),Chai,68000,10,Hóa mỹ phẩm & Tẩy rửa,480
SP009191,Giấy vệ sinh cuộn cao cấp Pulppy lốc 10 cuộn (Lô 146),Lốc,92000,8,Đồ gia dụng & Tiện ích,487
SP009192,Khăn giấy lụa rút Paseo 200 tờ (Lô 146),Hộp,25000,8,Đồ gia dụng & Tiện ích,494
SP009193,Màng bọc thực phẩm PE Sunhouse 30cmx150m (Lô 146),Hộp,75000,8,Đồ gia dụng & Tiện ích,51
SP009194,Túi rác đen tự hủy sinh học Opec 3 cuộn (Lô 146),Gói,38000,8,Đồ gia dụng & Tiện ích,58
SP009195,Băng dính dán thùng trong suốt 5cm x 100y (Lô 146),Cuộn,16000,8,Đồ gia dụng & Tiện ích,65
SP009196,Pin tiểu AA Panasonic vỉ 4 viên (Lô 146),Vỉ,26000,8,Đồ gia dụng & Tiện ích,72
SP009197,Khẩu trang y tế 4 lớp kháng khuẩn hộp 50 cái (Lô 146),Hộp,35000,8,Đồ gia dụng & Tiện ích,79
SP009198,Nước rửa tay Lifebuoy hương chanh chai 450ml (Lô 146),Chai,52000,8,Đồ gia dụng & Tiện ích,86
SP009199,Coca Cola Sleek 320ml (Lô 147),Lon,11550,8,Đồ uống & Giải khát,93
SP009200,Pepsi Sleek 320ml (Lô 147),Lon,11025,8,Đồ uống & Giải khát,100
SP009201,Nước cam ép Twister 450ml (Lô 147),Chai,12600,8,Đồ uống & Giải khát,107
SP009202,Trà xanh Không Độ 455ml (Lô 147),Chai,10500,8,Đồ uống & Giải khát,114
SP009203,Trà Ô Long Tea+ Plus 455ml (Lô 147),Chai,12600,8,Đồ uống & Giải khát,121
SP009204,Nước tăng lực Red Bull 250ml (Lô 147),Lon,14700,8,Đồ uống & Giải khát,128
SP009205,Nước khoáng Lavie 500ml (Lô 147),Chai,6300,8,Đồ uống & Giải khát,135
SP009206,Nước tinh khiết Aquafina 500ml (Lô 147),Chai,6300,8,Đồ uống & Giải khát,142
SP009207,Cà phê sữa đá Highlands 235ml (Lô 147),Lon,16800,8,Đồ uống & Giải khát,149
SP009208,Bia Heineken Sleek 330ml (Lô 147),Lon,23100,10,Đồ uống & Giải khát,156
SP009209,Bia Tiger Crystal 330ml (Lô 147),Lon,20475,10,Đồ uống & Giải khát,163
SP009210,Bia Sài Gòn Special 330ml (Lô 147),Lon,17325,10,Đồ uống & Giải khát,170
SP009211,Sữa tươi tiệt trùng Vinamilk 180ml (Lô 147),Hộp,8925,0,Đồ uống & Giải khát,177
SP009212,Sữa chua uống Susu 110ml (Lô 147),Chai,6825,0,Đồ uống & Giải khát,184
SP009213,Nước ép bưởi hồng Vfresh 1L (Lô 147),Hộp,40950,8,Đồ uống & Giải khát,191
SP009214,Bánh ChocoPie Orion hộp 12 cái (Lô 147),Hộp,60900,8,Bánh kẹo & Ăn vặt,198
SP009215,Bánh Cosy mè giòn rụm Kinh Đô 288g (Lô 147),Gói,30450,8,Bánh kẹo & Ăn vặt,205
SP009216,Snack khoai tây Ostar vị tảo biển 90g (Lô 147),Gói,19950,8,Bánh kẹo & Ăn vặt,212
SP009217,Snack khoai tây Lay's tự nhiên 95g (Lô 147),Gói,22050,8,Bánh kẹo & Ăn vặt,219
SP009218,Bánh que Pocky socola Glico 40g (Lô 147),Hộp,14700,8,Bánh kẹo & Ăn vặt,226
SP009219,Kẹo dẻo Chupa Chups Sour Tubes 160g (Lô 147),Gói,25200,8,Bánh kẹo & Ăn vặt,233
SP009220,Bánh mì tươi nhân bơ sữa Kinh Đô 80g (Lô 147),Cái,9450,8,Bánh kẹo & Ăn vặt,240
SP009221,Bánh xốp Nabati phô mai 130g (Lô 147),Hộp,12600,8,Bánh kẹo & Ăn vặt,247
SP009222,Hạt điều rang muối vỏ lụa Bình Phước 500g (Lô 147),Hộp,141750,8,Bánh kẹo & Ăn vặt,254
SP009223,Hạt hướng dương Chacheer 130g (Lô 147),Gói,15750,8,Bánh kẹo & Ăn vặt,261
SP009224,Rong biển sấy vị truyền thống TaoKaeNoi 32g (Lô 147),Gói,27300,8,Bánh kẹo & Ăn vặt,268
SP009225,Nước mắm Nam Ngư Đệ Nhị chai 900ml (Lô 147),Chai,29400,8,Gia vị & Đồ nấu nướng,275
SP009226,Nước mắm Chinsu Cá Hồi chai 500ml (Lô 147),Chai,49350,8,Gia vị & Đồ nấu nướng,282
SP009227,Dầu ăn Simply đậu nành can 1L (Lô 147),Chai,61950,8,Gia vị & Đồ nấu nướng,289
SP009228,Dầu ăn Neptune Gold can 2L (Lô 147),Chai,141750,8,Gia vị & Đồ nấu nướng,296
SP009229,Hạt nêm Knorr thịt thăn xương ống 400g (Lô 147),Gói,38850,8,Gia vị & Đồ nấu nướng,303
SP009230,Bột ngọt Ajinomoto gói 454g (Lô 147),Gói,35700,8,Gia vị & Đồ nấu nướng,310
SP009231,Tương ớt Chinsu nắp bật 250g (Lô 147),Chai,15750,8,Gia vị & Đồ nấu nướng,317
SP009232,Tương cà Cholimex chai 330g (Lô 147),Chai,16800,8,Gia vị & Đồ nấu nướng,324
SP009233,Muối I-ốt Bạc Liêu túi 500g (Lô 147),Gói,6300,8,Gia vị & Đồ nấu nướng,331
SP009234,Đường tinh luyện Biên Hòa Daily 1kg (Lô 147),Gói,32550,8,Gia vị & Đồ nấu nướng,338
SP009235,Mì tôm Hảo Hảo tôm chua cay 75g (Lô 147),Gói,4725,8,Mì gói & Thực phẩm khô,345
SP009236,Mì Omachi sườn hầm ngũ quả 80g (Lô 147),Gói,8925,8,Mì gói & Thực phẩm khô,352
SP009237,Mì trộn Indomie Mi Goreng 85g (Lô 147),Gói,6825,8,Mì gói & Thực phẩm khô,359
SP009238,Phở gà Đệ Nhất Acecook 68g (Lô 147),Gói,8400,8,Mì gói & Thực phẩm khô,366
SP009239,Miến Phú Hương yến tiệc 210g (Lô 147),Gói,23100,8,Mì gói & Thực phẩm khô,373
SP009240,Cháo thịt bằm Cung Đình gói 50g (Lô 147),Gói,7350,8,Mì gói & Thực phẩm khô,380
SP009241,Cá nục sốt cà 3 Cô Gái lon 155g (Lô 147),Lon,19950,8,Mì gói & Thực phẩm khô,387
SP009242,Pate thịt heo Hạ Long lon 150g (Lô 147),Lon,28350,8,Mì gói & Thực phẩm khô,394
SP009243,Mì ly Modern lẩu thái tôm 65g (Lô 147),Ly,9975,8,Mì gói & Thực phẩm khô,401
SP009244,Nước rửa chén Sunlight chanh can 3.6kg (Lô 147),Can,114450,10,Hóa mỹ phẩm & Tẩy rửa,408
SP009245,Nước giặt OMO Matic cửa trên túi 3.6kg (Lô 147),Túi,183750,10,Hóa mỹ phẩm & Tẩy rửa,415
SP009246,Nước xả vải Comfort đậm đặc túi 3.2L (Lô 147),Túi,198450,10,Hóa mỹ phẩm & Tẩy rửa,422
SP009247,Dầu gội Clear thảo dược mát lạnh 630g (Lô 147),Chai,173250,10,Hóa mỹ phẩm & Tẩy rửa,429
SP009248,Dầu gội Pantene suôn mượt 650ml (Lô 147),Chai,162750,10,Hóa mỹ phẩm & Tẩy rửa,436
SP009249,Sữa tắm Lifebuoy bảo vệ vượt trội 800g (Lô 147),Chai,156450,10,Hóa mỹ phẩm & Tẩy rửa,443
SP009250,Kem đánh răng Colgate Total 12 180g (Lô 147),Tuýp,44100,10,Hóa mỹ phẩm & Tẩy rửa,450
SP009251,Bàn chải đánh răng P/S than tre (Lô 147),Cái,18900,10,Hóa mỹ phẩm & Tẩy rửa,457
SP009252,Nước lau sàn Sunlight hoa lily túi 3.6kg (Lô 147),Túi,89250,10,Hóa mỹ phẩm & Tẩy rửa,464
SP009253,Xịt muỗi Raid hương cam chanh 600ml (Lô 147),Chai,71400,10,Hóa mỹ phẩm & Tẩy rửa,471
SP009254,Giấy vệ sinh cuộn cao cấp Pulppy lốc 10 cuộn (Lô 147),Lốc,96600,8,Đồ gia dụng & Tiện ích,478
SP009255,Khăn giấy lụa rút Paseo 200 tờ (Lô 147),Hộp,26250,8,Đồ gia dụng & Tiện ích,485
SP009256,Màng bọc thực phẩm PE Sunhouse 30cmx150m (Lô 147),Hộp,78750,8,Đồ gia dụng & Tiện ích,492
SP009257,Túi rác đen tự hủy sinh học Opec 3 cuộn (Lô 147),Gói,39900,8,Đồ gia dụng & Tiện ích,499
SP009258,Băng dính dán thùng trong suốt 5cm x 100y (Lô 147),Cuộn,16800,8,Đồ gia dụng & Tiện ích,56
SP009259,Pin tiểu AA Panasonic vỉ 4 viên (Lô 147),Vỉ,27300,8,Đồ gia dụng & Tiện ích,63
SP009260,Khẩu trang y tế 4 lớp kháng khuẩn hộp 50 cái (Lô 147),Hộp,36750,8,Đồ gia dụng & Tiện ích,70
SP009261,Nước rửa tay Lifebuoy hương chanh chai 450ml (Lô 147),Chai,54600,8,Đồ gia dụng & Tiện ích,77
SP009262,Coca Cola Sleek 320ml (Lô 148),Lon,12100,8,Đồ uống & Giải khát,84
SP009263,Pepsi Sleek 320ml (Lô 148),Lon,11550,8,Đồ uống & Giải khát,91
SP009264,Nước cam ép Twister 450ml (Lô 148),Chai,13200,8,Đồ uống & Giải khát,98
SP009265,Trà xanh Không Độ 455ml (Lô 148),Chai,11000,8,Đồ uống & Giải khát,105
SP009266,Trà Ô Long Tea+ Plus 455ml (Lô 148),Chai,13200,8,Đồ uống & Giải khát,112
SP009267,Nước tăng lực Red Bull 250ml (Lô 148),Lon,15400,8,Đồ uống & Giải khát,119
SP009268,Nước khoáng Lavie 500ml (Lô 148),Chai,6600,8,Đồ uống & Giải khát,126
SP009269,Nước tinh khiết Aquafina 500ml (Lô 148),Chai,6600,8,Đồ uống & Giải khát,133
SP009270,Cà phê sữa đá Highlands 235ml (Lô 148),Lon,17600,8,Đồ uống & Giải khát,140
SP009271,Bia Heineken Sleek 330ml (Lô 148),Lon,24200,10,Đồ uống & Giải khát,147
SP009272,Bia Tiger Crystal 330ml (Lô 148),Lon,21450,10,Đồ uống & Giải khát,154
SP009273,Bia Sài Gòn Special 330ml (Lô 148),Lon,18150,10,Đồ uống & Giải khát,161
SP009274,Sữa tươi tiệt trùng Vinamilk 180ml (Lô 148),Hộp,9350,0,Đồ uống & Giải khát,168
SP009275,Sữa chua uống Susu 110ml (Lô 148),Chai,7150,0,Đồ uống & Giải khát,175
SP009276,Nước ép bưởi hồng Vfresh 1L (Lô 148),Hộp,42900,8,Đồ uống & Giải khát,182
SP009277,Bánh ChocoPie Orion hộp 12 cái (Lô 148),Hộp,63800,8,Bánh kẹo & Ăn vặt,189
SP009278,Bánh Cosy mè giòn rụm Kinh Đô 288g (Lô 148),Gói,31900,8,Bánh kẹo & Ăn vặt,196
SP009279,Snack khoai tây Ostar vị tảo biển 90g (Lô 148),Gói,20900,8,Bánh kẹo & Ăn vặt,203
SP009280,Snack khoai tây Lay's tự nhiên 95g (Lô 148),Gói,23100,8,Bánh kẹo & Ăn vặt,210
SP009281,Bánh que Pocky socola Glico 40g (Lô 148),Hộp,15400,8,Bánh kẹo & Ăn vặt,217
SP009282,Kẹo dẻo Chupa Chups Sour Tubes 160g (Lô 148),Gói,26400,8,Bánh kẹo & Ăn vặt,224
SP009283,Bánh mì tươi nhân bơ sữa Kinh Đô 80g (Lô 148),Cái,9900,8,Bánh kẹo & Ăn vặt,231
SP009284,Bánh xốp Nabati phô mai 130g (Lô 148),Hộp,13200,8,Bánh kẹo & Ăn vặt,238
SP009285,Hạt điều rang muối vỏ lụa Bình Phước 500g (Lô 148),Hộp,148500,8,Bánh kẹo & Ăn vặt,245
SP009286,Hạt hướng dương Chacheer 130g (Lô 148),Gói,16500,8,Bánh kẹo & Ăn vặt,252
SP009287,Rong biển sấy vị truyền thống TaoKaeNoi 32g (Lô 148),Gói,28600,8,Bánh kẹo & Ăn vặt,259
SP009288,Nước mắm Nam Ngư Đệ Nhị chai 900ml (Lô 148),Chai,30800,8,Gia vị & Đồ nấu nướng,266
SP009289,Nước mắm Chinsu Cá Hồi chai 500ml (Lô 148),Chai,51700,8,Gia vị & Đồ nấu nướng,273
SP009290,Dầu ăn Simply đậu nành can 1L (Lô 148),Chai,64900,8,Gia vị & Đồ nấu nướng,280
SP009291,Dầu ăn Neptune Gold can 2L (Lô 148),Chai,148500,8,Gia vị & Đồ nấu nướng,287
SP009292,Hạt nêm Knorr thịt thăn xương ống 400g (Lô 148),Gói,40700,8,Gia vị & Đồ nấu nướng,294
SP009293,Bột ngọt Ajinomoto gói 454g (Lô 148),Gói,37400,8,Gia vị & Đồ nấu nướng,301
SP009294,Tương ớt Chinsu nắp bật 250g (Lô 148),Chai,16500,8,Gia vị & Đồ nấu nướng,308
SP009295,Tương cà Cholimex chai 330g (Lô 148),Chai,17600,8,Gia vị & Đồ nấu nướng,315
SP009296,Muối I-ốt Bạc Liêu túi 500g (Lô 148),Gói,6600,8,Gia vị & Đồ nấu nướng,322
SP009297,Đường tinh luyện Biên Hòa Daily 1kg (Lô 148),Gói,34100,8,Gia vị & Đồ nấu nướng,329
SP009298,Mì tôm Hảo Hảo tôm chua cay 75g (Lô 148),Gói,4950,8,Mì gói & Thực phẩm khô,336
SP009299,Mì Omachi sườn hầm ngũ quả 80g (Lô 148),Gói,9350,8,Mì gói & Thực phẩm khô,343
SP009300,Mì trộn Indomie Mi Goreng 85g (Lô 148),Gói,7150,8,Mì gói & Thực phẩm khô,350
SP009301,Phở gà Đệ Nhất Acecook 68g (Lô 148),Gói,8800,8,Mì gói & Thực phẩm khô,357
SP009302,Miến Phú Hương yến tiệc 210g (Lô 148),Gói,24200,8,Mì gói & Thực phẩm khô,364
SP009303,Cháo thịt bằm Cung Đình gói 50g (Lô 148),Gói,7700,8,Mì gói & Thực phẩm khô,371
SP009304,Cá nục sốt cà 3 Cô Gái lon 155g (Lô 148),Lon,20900,8,Mì gói & Thực phẩm khô,378
SP009305,Pate thịt heo Hạ Long lon 150g (Lô 148),Lon,29700,8,Mì gói & Thực phẩm khô,385
SP009306,Mì ly Modern lẩu thái tôm 65g (Lô 148),Ly,10450,8,Mì gói & Thực phẩm khô,392
SP009307,Nước rửa chén Sunlight chanh can 3.6kg (Lô 148),Can,119900,10,Hóa mỹ phẩm & Tẩy rửa,399
SP009308,Nước giặt OMO Matic cửa trên túi 3.6kg (Lô 148),Túi,192500,10,Hóa mỹ phẩm & Tẩy rửa,406
SP009309,Nước xả vải Comfort đậm đặc túi 3.2L (Lô 148),Túi,207900,10,Hóa mỹ phẩm & Tẩy rửa,413
SP009310,Dầu gội Clear thảo dược mát lạnh 630g (Lô 148),Chai,181500,10,Hóa mỹ phẩm & Tẩy rửa,420
SP009311,Dầu gội Pantene suôn mượt 650ml (Lô 148),Chai,170500,10,Hóa mỹ phẩm & Tẩy rửa,427
SP009312,Sữa tắm Lifebuoy bảo vệ vượt trội 800g (Lô 148),Chai,163900,10,Hóa mỹ phẩm & Tẩy rửa,434
SP009313,Kem đánh răng Colgate Total 12 180g (Lô 148),Tuýp,46200,10,Hóa mỹ phẩm & Tẩy rửa,441
SP009314,Bàn chải đánh răng P/S than tre (Lô 148),Cái,19800,10,Hóa mỹ phẩm & Tẩy rửa,448
SP009315,Nước lau sàn Sunlight hoa lily túi 3.6kg (Lô 148),Túi,93500,10,Hóa mỹ phẩm & Tẩy rửa,455
SP009316,Xịt muỗi Raid hương cam chanh 600ml (Lô 148),Chai,74800,10,Hóa mỹ phẩm & Tẩy rửa,462
SP009317,Giấy vệ sinh cuộn cao cấp Pulppy lốc 10 cuộn (Lô 148),Lốc,101200,8,Đồ gia dụng & Tiện ích,469
SP009318,Khăn giấy lụa rút Paseo 200 tờ (Lô 148),Hộp,27500,8,Đồ gia dụng & Tiện ích,476
SP009319,Màng bọc thực phẩm PE Sunhouse 30cmx150m (Lô 148),Hộp,82500,8,Đồ gia dụng & Tiện ích,483
SP009320,Túi rác đen tự hủy sinh học Opec 3 cuộn (Lô 148),Gói,41800,8,Đồ gia dụng & Tiện ích,490
SP009321,Băng dính dán thùng trong suốt 5cm x 100y (Lô 148),Cuộn,17600,8,Đồ gia dụng & Tiện ích,497
SP009322,Pin tiểu AA Panasonic vỉ 4 viên (Lô 148),Vỉ,28600,8,Đồ gia dụng & Tiện ích,54
SP009323,Khẩu trang y tế 4 lớp kháng khuẩn hộp 50 cái (Lô 148),Hộp,38500,8,Đồ gia dụng & Tiện ích,61
SP009324,Nước rửa tay Lifebuoy hương chanh chai 450ml (Lô 148),Chai,57200,8,Đồ gia dụng & Tiện ích,68
SP009325,Coca Cola Sleek 320ml (Lô 149),Lon,12649,8,Đồ uống & Giải khát,75
SP009326,Pepsi Sleek 320ml (Lô 149),Lon,12074,8,Đồ uống & Giải khát,82
SP009327,Nước cam ép Twister 450ml (Lô 149),Chai,13799,8,Đồ uống & Giải khát,89
SP009328,Trà xanh Không Độ 455ml (Lô 149),Chai,11500,8,Đồ uống & Giải khát,96
SP009329,Trà Ô Long Tea+ Plus 455ml (Lô 149),Chai,13799,8,Đồ uống & Giải khát,103
SP009330,Nước tăng lực Red Bull 250ml (Lô 149),Lon,16099,8,Đồ uống & Giải khát,110
SP009331,Nước khoáng Lavie 500ml (Lô 149),Chai,6899,8,Đồ uống & Giải khát,117
SP009332,Nước tinh khiết Aquafina 500ml (Lô 149),Chai,6899,8,Đồ uống & Giải khát,124
SP009333,Cà phê sữa đá Highlands 235ml (Lô 149),Lon,18400,8,Đồ uống & Giải khát,131
SP009334,Bia Heineken Sleek 330ml (Lô 149),Lon,25299,10,Đồ uống & Giải khát,138
SP009335,Bia Tiger Crystal 330ml (Lô 149),Lon,22425,10,Đồ uống & Giải khát,145
SP009336,Bia Sài Gòn Special 330ml (Lô 149),Lon,18975,10,Đồ uống & Giải khát,152
SP009337,Sữa tươi tiệt trùng Vinamilk 180ml (Lô 149),Hộp,9775,0,Đồ uống & Giải khát,159
SP009338,Sữa chua uống Susu 110ml (Lô 149),Chai,7474,0,Đồ uống & Giải khát,166
SP009339,Nước ép bưởi hồng Vfresh 1L (Lô 149),Hộp,44850,8,Đồ uống & Giải khát,173
SP009340,Bánh ChocoPie Orion hộp 12 cái (Lô 149),Hộp,66700,8,Bánh kẹo & Ăn vặt,180
SP009341,Bánh Cosy mè giòn rụm Kinh Đô 288g (Lô 149),Gói,33350,8,Bánh kẹo & Ăn vặt,187
SP009342,Snack khoai tây Ostar vị tảo biển 90g (Lô 149),Gói,21850,8,Bánh kẹo & Ăn vặt,194
SP009343,Snack khoai tây Lay's tự nhiên 95g (Lô 149),Gói,24149,8,Bánh kẹo & Ăn vặt,201
SP009344,Bánh que Pocky socola Glico 40g (Lô 149),Hộp,16099,8,Bánh kẹo & Ăn vặt,208
SP009345,Kẹo dẻo Chupa Chups Sour Tubes 160g (Lô 149),Gói,27599,8,Bánh kẹo & Ăn vặt,215
SP009346,Bánh mì tươi nhân bơ sữa Kinh Đô 80g (Lô 149),Cái,10350,8,Bánh kẹo & Ăn vặt,222
SP009347,Bánh xốp Nabati phô mai 130g (Lô 149),Hộp,13799,8,Bánh kẹo & Ăn vặt,229
SP009348,Hạt điều rang muối vỏ lụa Bình Phước 500g (Lô 149),Hộp,155250,8,Bánh kẹo & Ăn vặt,236
SP009349,Hạt hướng dương Chacheer 130g (Lô 149),Gói,17250,8,Bánh kẹo & Ăn vặt,243
SP009350,Rong biển sấy vị truyền thống TaoKaeNoi 32g (Lô 149),Gói,29899,8,Bánh kẹo & Ăn vặt,250
SP009351,Nước mắm Nam Ngư Đệ Nhị chai 900ml (Lô 149),Chai,32199,8,Gia vị & Đồ nấu nướng,257
SP009352,Nước mắm Chinsu Cá Hồi chai 500ml (Lô 149),Chai,54049,8,Gia vị & Đồ nấu nướng,264
SP009353,Dầu ăn Simply đậu nành can 1L (Lô 149),Chai,67850,8,Gia vị & Đồ nấu nướng,271
SP009354,Dầu ăn Neptune Gold can 2L (Lô 149),Chai,155250,8,Gia vị & Đồ nấu nướng,278
SP009355,Hạt nêm Knorr thịt thăn xương ống 400g (Lô 149),Gói,42550,8,Gia vị & Đồ nấu nướng,285
SP009356,Bột ngọt Ajinomoto gói 454g (Lô 149),Gói,39100,8,Gia vị & Đồ nấu nướng,292
SP009357,Tương ớt Chinsu nắp bật 250g (Lô 149),Chai,17250,8,Gia vị & Đồ nấu nướng,299
SP009358,Tương cà Cholimex chai 330g (Lô 149),Chai,18400,8,Gia vị & Đồ nấu nướng,306
SP009359,Muối I-ốt Bạc Liêu túi 500g (Lô 149),Gói,6899,8,Gia vị & Đồ nấu nướng,313
SP009360,Đường tinh luyện Biên Hòa Daily 1kg (Lô 149),Gói,35650,8,Gia vị & Đồ nấu nướng,320
SP009361,Mì tôm Hảo Hảo tôm chua cay 75g (Lô 149),Gói,5175,8,Mì gói & Thực phẩm khô,327
SP009362,Mì Omachi sườn hầm ngũ quả 80g (Lô 149),Gói,9775,8,Mì gói & Thực phẩm khô,334
SP009363,Mì trộn Indomie Mi Goreng 85g (Lô 149),Gói,7474,8,Mì gói & Thực phẩm khô,341
SP009364,Phở gà Đệ Nhất Acecook 68g (Lô 149),Gói,9200,8,Mì gói & Thực phẩm khô,348
SP009365,Miến Phú Hương yến tiệc 210g (Lô 149),Gói,25299,8,Mì gói & Thực phẩm khô,355
SP009366,Cháo thịt bằm Cung Đình gói 50g (Lô 149),Gói,8049,8,Mì gói & Thực phẩm khô,362
SP009367,Cá nục sốt cà 3 Cô Gái lon 155g (Lô 149),Lon,21850,8,Mì gói & Thực phẩm khô,369
SP009368,Pate thịt heo Hạ Long lon 150g (Lô 149),Lon,31049,8,Mì gói & Thực phẩm khô,376
SP009369,Mì ly Modern lẩu thái tôm 65g (Lô 149),Ly,10925,8,Mì gói & Thực phẩm khô,383
SP009370,Nước rửa chén Sunlight chanh can 3.6kg (Lô 149),Can,125349,10,Hóa mỹ phẩm & Tẩy rửa,390
SP009371,Nước giặt OMO Matic cửa trên túi 3.6kg (Lô 149),Túi,201249,10,Hóa mỹ phẩm & Tẩy rửa,397
SP009372,Nước xả vải Comfort đậm đặc túi 3.2L (Lô 149),Túi,217349,10,Hóa mỹ phẩm & Tẩy rửa,404
SP009373,Dầu gội Clear thảo dược mát lạnh 630g (Lô 149),Chai,189749,10,Hóa mỹ phẩm & Tẩy rửa,411
SP009374,Dầu gội Pantene suôn mượt 650ml (Lô 149),Chai,178250,10,Hóa mỹ phẩm & Tẩy rửa,418
SP009375,Sữa tắm Lifebuoy bảo vệ vượt trội 800g (Lô 149),Chai,171350,10,Hóa mỹ phẩm & Tẩy rửa,425
SP009376,Kem đánh răng Colgate Total 12 180g (Lô 149),Tuýp,48299,10,Hóa mỹ phẩm & Tẩy rửa,432
SP009377,Bàn chải đánh răng P/S than tre (Lô 149),Cái,20700,10,Hóa mỹ phẩm & Tẩy rửa,439
SP009378,Nước lau sàn Sunlight hoa lily túi 3.6kg (Lô 149),Túi,97749,10,Hóa mỹ phẩm & Tẩy rửa,446
SP009379,Xịt muỗi Raid hương cam chanh 600ml (Lô 149),Chai,78200,10,Hóa mỹ phẩm & Tẩy rửa,453
SP009380,Giấy vệ sinh cuộn cao cấp Pulppy lốc 10 cuộn (Lô 149),Lốc,105799,8,Đồ gia dụng & Tiện ích,460
SP009381,Khăn giấy lụa rút Paseo 200 tờ (Lô 149),Hộp,28749,8,Đồ gia dụng & Tiện ích,467
SP009382,Màng bọc thực phẩm PE Sunhouse 30cmx150m (Lô 149),Hộp,86250,8,Đồ gia dụng & Tiện ích,474
SP009383,Túi rác đen tự hủy sinh học Opec 3 cuộn (Lô 149),Gói,43700,8,Đồ gia dụng & Tiện ích,481
SP009384,Băng dính dán thùng trong suốt 5cm x 100y (Lô 149),Cuộn,18400,8,Đồ gia dụng & Tiện ích,488
SP009385,Pin tiểu AA Panasonic vỉ 4 viên (Lô 149),Vỉ,29899,8,Đồ gia dụng & Tiện ích,495
SP009386,Khẩu trang y tế 4 lớp kháng khuẩn hộp 50 cái (Lô 149),Hộp,40250,8,Đồ gia dụng & Tiện ích,52
SP009387,Nước rửa tay Lifebuoy hương chanh chai 450ml (Lô 149),Chai,59799,8,Đồ gia dụng & Tiện ích,59
SP009388,Coca Cola Sleek 320ml (Lô 150),Lon,13200,8,Đồ uống & Giải khát,66
SP009389,Pepsi Sleek 320ml (Lô 150),Lon,12600,8,Đồ uống & Giải khát,73
SP009390,Nước cam ép Twister 450ml (Lô 150),Chai,14400,8,Đồ uống & Giải khát,80
SP009391,Trà xanh Không Độ 455ml (Lô 150),Chai,12000,8,Đồ uống & Giải khát,87
SP009392,Trà Ô Long Tea+ Plus 455ml (Lô 150),Chai,14400,8,Đồ uống & Giải khát,94
SP009393,Nước tăng lực Red Bull 250ml (Lô 150),Lon,16800,8,Đồ uống & Giải khát,101
SP009394,Nước khoáng Lavie 500ml (Lô 150),Chai,7200,8,Đồ uống & Giải khát,108
SP009395,Nước tinh khiết Aquafina 500ml (Lô 150),Chai,7200,8,Đồ uống & Giải khát,115
SP009396,Cà phê sữa đá Highlands 235ml (Lô 150),Lon,19200,8,Đồ uống & Giải khát,122
SP009397,Bia Heineken Sleek 330ml (Lô 150),Lon,26400,10,Đồ uống & Giải khát,129
SP009398,Bia Tiger Crystal 330ml (Lô 150),Lon,23400,10,Đồ uống & Giải khát,136
SP009399,Bia Sài Gòn Special 330ml (Lô 150),Lon,19800,10,Đồ uống & Giải khát,143
SP009400,Sữa tươi tiệt trùng Vinamilk 180ml (Lô 150),Hộp,10200,0,Đồ uống & Giải khát,150
SP009401,Sữa chua uống Susu 110ml (Lô 150),Chai,7800,0,Đồ uống & Giải khát,157
SP009402,Nước ép bưởi hồng Vfresh 1L (Lô 150),Hộp,46800,8,Đồ uống & Giải khát,164
SP009403,Bánh ChocoPie Orion hộp 12 cái (Lô 150),Hộp,69600,8,Bánh kẹo & Ăn vặt,171
SP009404,Bánh Cosy mè giòn rụm Kinh Đô 288g (Lô 150),Gói,34800,8,Bánh kẹo & Ăn vặt,178
SP009405,Snack khoai tây Ostar vị tảo biển 90g (Lô 150),Gói,22800,8,Bánh kẹo & Ăn vặt,185
SP009406,Snack khoai tây Lay's tự nhiên 95g (Lô 150),Gói,25200,8,Bánh kẹo & Ăn vặt,192
SP009407,Bánh que Pocky socola Glico 40g (Lô 150),Hộp,16800,8,Bánh kẹo & Ăn vặt,199
SP009408,Kẹo dẻo Chupa Chups Sour Tubes 160g (Lô 150),Gói,28800,8,Bánh kẹo & Ăn vặt,206
SP009409,Bánh mì tươi nhân bơ sữa Kinh Đô 80g (Lô 150),Cái,10800,8,Bánh kẹo & Ăn vặt,213
SP009410,Bánh xốp Nabati phô mai 130g (Lô 150),Hộp,14400,8,Bánh kẹo & Ăn vặt,220
SP009411,Hạt điều rang muối vỏ lụa Bình Phước 500g (Lô 150),Hộp,162000,8,Bánh kẹo & Ăn vặt,227
SP009412,Hạt hướng dương Chacheer 130g (Lô 150),Gói,18000,8,Bánh kẹo & Ăn vặt,234
SP009413,Rong biển sấy vị truyền thống TaoKaeNoi 32g (Lô 150),Gói,31200,8,Bánh kẹo & Ăn vặt,241
SP009414,Nước mắm Nam Ngư Đệ Nhị chai 900ml (Lô 150),Chai,33600,8,Gia vị & Đồ nấu nướng,248
SP009415,Nước mắm Chinsu Cá Hồi chai 500ml (Lô 150),Chai,56400,8,Gia vị & Đồ nấu nướng,255
SP009416,Dầu ăn Simply đậu nành can 1L (Lô 150),Chai,70800,8,Gia vị & Đồ nấu nướng,262
SP009417,Dầu ăn Neptune Gold can 2L (Lô 150),Chai,162000,8,Gia vị & Đồ nấu nướng,269
SP009418,Hạt nêm Knorr thịt thăn xương ống 400g (Lô 150),Gói,44400,8,Gia vị & Đồ nấu nướng,276
SP009419,Bột ngọt Ajinomoto gói 454g (Lô 150),Gói,40800,8,Gia vị & Đồ nấu nướng,283
SP009420,Tương ớt Chinsu nắp bật 250g (Lô 150),Chai,18000,8,Gia vị & Đồ nấu nướng,290
SP009421,Tương cà Cholimex chai 330g (Lô 150),Chai,19200,8,Gia vị & Đồ nấu nướng,297
SP009422,Muối I-ốt Bạc Liêu túi 500g (Lô 150),Gói,7200,8,Gia vị & Đồ nấu nướng,304
SP009423,Đường tinh luyện Biên Hòa Daily 1kg (Lô 150),Gói,37200,8,Gia vị & Đồ nấu nướng,311
SP009424,Mì tôm Hảo Hảo tôm chua cay 75g (Lô 150),Gói,5400,8,Mì gói & Thực phẩm khô,318
SP009425,Mì Omachi sườn hầm ngũ quả 80g (Lô 150),Gói,10200,8,Mì gói & Thực phẩm khô,325
SP009426,Mì trộn Indomie Mi Goreng 85g (Lô 150),Gói,7800,8,Mì gói & Thực phẩm khô,332
SP009427,Phở gà Đệ Nhất Acecook 68g (Lô 150),Gói,9600,8,Mì gói & Thực phẩm khô,339
SP009428,Miến Phú Hương yến tiệc 210g (Lô 150),Gói,26400,8,Mì gói & Thực phẩm khô,346
SP009429,Cháo thịt bằm Cung Đình gói 50g (Lô 150),Gói,8400,8,Mì gói & Thực phẩm khô,353
SP009430,Cá nục sốt cà 3 Cô Gái lon 155g (Lô 150),Lon,22800,8,Mì gói & Thực phẩm khô,360
SP009431,Pate thịt heo Hạ Long lon 150g (Lô 150),Lon,32400,8,Mì gói & Thực phẩm khô,367
SP009432,Mì ly Modern lẩu thái tôm 65g (Lô 150),Ly,11400,8,Mì gói & Thực phẩm khô,374
SP009433,Nước rửa chén Sunlight chanh can 3.6kg (Lô 150),Can,130800,10,Hóa mỹ phẩm & Tẩy rửa,381
SP009434,Nước giặt OMO Matic cửa trên túi 3.6kg (Lô 150),Túi,210000,10,Hóa mỹ phẩm & Tẩy rửa,388
SP009435,Nước xả vải Comfort đậm đặc túi 3.2L (Lô 150),Túi,226800,10,Hóa mỹ phẩm & Tẩy rửa,395
SP009436,Dầu gội Clear thảo dược mát lạnh 630g (Lô 150),Chai,198000,10,Hóa mỹ phẩm & Tẩy rửa,402
SP009437,Dầu gội Pantene suôn mượt 650ml (Lô 150),Chai,186000,10,Hóa mỹ phẩm & Tẩy rửa,409
SP009438,Sữa tắm Lifebuoy bảo vệ vượt trội 800g (Lô 150),Chai,178800,10,Hóa mỹ phẩm & Tẩy rửa,416
SP009439,Kem đánh răng Colgate Total 12 180g (Lô 150),Tuýp,50400,10,Hóa mỹ phẩm & Tẩy rửa,423
SP009440,Bàn chải đánh răng P/S than tre (Lô 150),Cái,21600,10,Hóa mỹ phẩm & Tẩy rửa,430
SP009441,Nước lau sàn Sunlight hoa lily túi 3.6kg (Lô 150),Túi,102000,10,Hóa mỹ phẩm & Tẩy rửa,437
SP009442,Xịt muỗi Raid hương cam chanh 600ml (Lô 150),Chai,81600,10,Hóa mỹ phẩm & Tẩy rửa,444
SP009443,Giấy vệ sinh cuộn cao cấp Pulppy lốc 10 cuộn (Lô 150),Lốc,110400,8,Đồ gia dụng & Tiện ích,451
SP009444,Khăn giấy lụa rút Paseo 200 tờ (Lô 150),Hộp,30000,8,Đồ gia dụng & Tiện ích,458
SP009445,Màng bọc thực phẩm PE Sunhouse 30cmx150m (Lô 150),Hộp,90000,8,Đồ gia dụng & Tiện ích,465
SP009446,Túi rác đen tự hủy sinh học Opec 3 cuộn (Lô 150),Gói,45600,8,Đồ gia dụng & Tiện ích,472
SP009447,Băng dính dán thùng trong suốt 5cm x 100y (Lô 150),Cuộn,19200,8,Đồ gia dụng & Tiện ích,479
SP009448,Pin tiểu AA Panasonic vỉ 4 viên (Lô 150),Vỉ,31200,8,Đồ gia dụng & Tiện ích,486
SP009449,Khẩu trang y tế 4 lớp kháng khuẩn hộp 50 cái (Lô 150),Hộp,42000,8,Đồ gia dụng & Tiện ích,493
SP009450,Nước rửa tay Lifebuoy hương chanh chai 450ml (Lô 150),Chai,62400,8,Đồ gia dụng & Tiện ích,50
SP009451,Coca Cola Sleek 320ml (Lô 151),Lon,11000,8,Đồ uống & Giải khát,57
SP009452,Pepsi Sleek 320ml (Lô 151),Lon,10500,8,Đồ uống & Giải khát,64
SP009453,Nước cam ép Twister 450ml (Lô 151),Chai,12000,8,Đồ uống & Giải khát,71
SP009454,Trà xanh Không Độ 455ml (Lô 151),Chai,10000,8,Đồ uống & Giải khát,78
SP009455,Trà Ô Long Tea+ Plus 455ml (Lô 151),Chai,12000,8,Đồ uống & Giải khát,85
SP009456,Nước tăng lực Red Bull 250ml (Lô 151),Lon,14000,8,Đồ uống & Giải khát,92
SP009457,Nước khoáng Lavie 500ml (Lô 151),Chai,6000,8,Đồ uống & Giải khát,99
SP009458,Nước tinh khiết Aquafina 500ml (Lô 151),Chai,6000,8,Đồ uống & Giải khát,106
SP009459,Cà phê sữa đá Highlands 235ml (Lô 151),Lon,16000,8,Đồ uống & Giải khát,113
SP009460,Bia Heineken Sleek 330ml (Lô 151),Lon,22000,10,Đồ uống & Giải khát,120
SP009461,Bia Tiger Crystal 330ml (Lô 151),Lon,19500,10,Đồ uống & Giải khát,127
SP009462,Bia Sài Gòn Special 330ml (Lô 151),Lon,16500,10,Đồ uống & Giải khát,134
SP009463,Sữa tươi tiệt trùng Vinamilk 180ml (Lô 151),Hộp,8500,0,Đồ uống & Giải khát,141
SP009464,Sữa chua uống Susu 110ml (Lô 151),Chai,6500,0,Đồ uống & Giải khát,148
SP009465,Nước ép bưởi hồng Vfresh 1L (Lô 151),Hộp,39000,8,Đồ uống & Giải khát,155
SP009466,Bánh ChocoPie Orion hộp 12 cái (Lô 151),Hộp,58000,8,Bánh kẹo & Ăn vặt,162
SP009467,Bánh Cosy mè giòn rụm Kinh Đô 288g (Lô 151),Gói,29000,8,Bánh kẹo & Ăn vặt,169
SP009468,Snack khoai tây Ostar vị tảo biển 90g (Lô 151),Gói,19000,8,Bánh kẹo & Ăn vặt,176
SP009469,Snack khoai tây Lay's tự nhiên 95g (Lô 151),Gói,21000,8,Bánh kẹo & Ăn vặt,183
SP009470,Bánh que Pocky socola Glico 40g (Lô 151),Hộp,14000,8,Bánh kẹo & Ăn vặt,190
SP009471,Kẹo dẻo Chupa Chups Sour Tubes 160g (Lô 151),Gói,24000,8,Bánh kẹo & Ăn vặt,197
SP009472,Bánh mì tươi nhân bơ sữa Kinh Đô 80g (Lô 151),Cái,9000,8,Bánh kẹo & Ăn vặt,204
SP009473,Bánh xốp Nabati phô mai 130g (Lô 151),Hộp,12000,8,Bánh kẹo & Ăn vặt,211
SP009474,Hạt điều rang muối vỏ lụa Bình Phước 500g (Lô 151),Hộp,135000,8,Bánh kẹo & Ăn vặt,218
SP009475,Hạt hướng dương Chacheer 130g (Lô 151),Gói,15000,8,Bánh kẹo & Ăn vặt,225
SP009476,Rong biển sấy vị truyền thống TaoKaeNoi 32g (Lô 151),Gói,26000,8,Bánh kẹo & Ăn vặt,232
SP009477,Nước mắm Nam Ngư Đệ Nhị chai 900ml (Lô 151),Chai,28000,8,Gia vị & Đồ nấu nướng,239
SP009478,Nước mắm Chinsu Cá Hồi chai 500ml (Lô 151),Chai,47000,8,Gia vị & Đồ nấu nướng,246
SP009479,Dầu ăn Simply đậu nành can 1L (Lô 151),Chai,59000,8,Gia vị & Đồ nấu nướng,253
SP009480,Dầu ăn Neptune Gold can 2L (Lô 151),Chai,135000,8,Gia vị & Đồ nấu nướng,260
SP009481,Hạt nêm Knorr thịt thăn xương ống 400g (Lô 151),Gói,37000,8,Gia vị & Đồ nấu nướng,267
SP009482,Bột ngọt Ajinomoto gói 454g (Lô 151),Gói,34000,8,Gia vị & Đồ nấu nướng,274
SP009483,Tương ớt Chinsu nắp bật 250g (Lô 151),Chai,15000,8,Gia vị & Đồ nấu nướng,281
SP009484,Tương cà Cholimex chai 330g (Lô 151),Chai,16000,8,Gia vị & Đồ nấu nướng,288
SP009485,Muối I-ốt Bạc Liêu túi 500g (Lô 151),Gói,6000,8,Gia vị & Đồ nấu nướng,295
SP009486,Đường tinh luyện Biên Hòa Daily 1kg (Lô 151),Gói,31000,8,Gia vị & Đồ nấu nướng,302
SP009487,Mì tôm Hảo Hảo tôm chua cay 75g (Lô 151),Gói,4500,8,Mì gói & Thực phẩm khô,309
SP009488,Mì Omachi sườn hầm ngũ quả 80g (Lô 151),Gói,8500,8,Mì gói & Thực phẩm khô,316
SP009489,Mì trộn Indomie Mi Goreng 85g (Lô 151),Gói,6500,8,Mì gói & Thực phẩm khô,323
SP009490,Phở gà Đệ Nhất Acecook 68g (Lô 151),Gói,8000,8,Mì gói & Thực phẩm khô,330
SP009491,Miến Phú Hương yến tiệc 210g (Lô 151),Gói,22000,8,Mì gói & Thực phẩm khô,337
SP009492,Cháo thịt bằm Cung Đình gói 50g (Lô 151),Gói,7000,8,Mì gói & Thực phẩm khô,344
SP009493,Cá nục sốt cà 3 Cô Gái lon 155g (Lô 151),Lon,19000,8,Mì gói & Thực phẩm khô,351
SP009494,Pate thịt heo Hạ Long lon 150g (Lô 151),Lon,27000,8,Mì gói & Thực phẩm khô,358
SP009495,Mì ly Modern lẩu thái tôm 65g (Lô 151),Ly,9500,8,Mì gói & Thực phẩm khô,365
SP009496,Nước rửa chén Sunlight chanh can 3.6kg (Lô 151),Can,109000,10,Hóa mỹ phẩm & Tẩy rửa,372
SP009497,Nước giặt OMO Matic cửa trên túi 3.6kg (Lô 151),Túi,175000,10,Hóa mỹ phẩm & Tẩy rửa,379
SP009498,Nước xả vải Comfort đậm đặc túi 3.2L (Lô 151),Túi,189000,10,Hóa mỹ phẩm & Tẩy rửa,386
SP009499,Dầu gội Clear thảo dược mát lạnh 630g (Lô 151),Chai,165000,10,Hóa mỹ phẩm & Tẩy rửa,393
SP009500,Dầu gội Pantene suôn mượt 650ml (Lô 151),Chai,155000,10,Hóa mỹ phẩm & Tẩy rửa,400
SP009501,Sữa tắm Lifebuoy bảo vệ vượt trội 800g (Lô 151),Chai,149000,10,Hóa mỹ phẩm & Tẩy rửa,407
SP009502,Kem đánh răng Colgate Total 12 180g (Lô 151),Tuýp,42000,10,Hóa mỹ phẩm & Tẩy rửa,414
SP009503,Bàn chải đánh răng P/S than tre (Lô 151),Cái,18000,10,Hóa mỹ phẩm & Tẩy rửa,421
SP009504,Nước lau sàn Sunlight hoa lily túi 3.6kg (Lô 151),Túi,85000,10,Hóa mỹ phẩm & Tẩy rửa,428
SP009505,Xịt muỗi Raid hương cam chanh 600ml (Lô 151),Chai,68000,10,Hóa mỹ phẩm & Tẩy rửa,435
SP009506,Giấy vệ sinh cuộn cao cấp Pulppy lốc 10 cuộn (Lô 151),Lốc,92000,8,Đồ gia dụng & Tiện ích,442
SP009507,Khăn giấy lụa rút Paseo 200 tờ (Lô 151),Hộp,25000,8,Đồ gia dụng & Tiện ích,449
SP009508,Màng bọc thực phẩm PE Sunhouse 30cmx150m (Lô 151),Hộp,75000,8,Đồ gia dụng & Tiện ích,456
SP009509,Túi rác đen tự hủy sinh học Opec 3 cuộn (Lô 151),Gói,38000,8,Đồ gia dụng & Tiện ích,463
SP009510,Băng dính dán thùng trong suốt 5cm x 100y (Lô 151),Cuộn,16000,8,Đồ gia dụng & Tiện ích,470
SP009511,Pin tiểu AA Panasonic vỉ 4 viên (Lô 151),Vỉ,26000,8,Đồ gia dụng & Tiện ích,477
SP009512,Khẩu trang y tế 4 lớp kháng khuẩn hộp 50 cái (Lô 151),Hộp,35000,8,Đồ gia dụng & Tiện ích,484
SP009513,Nước rửa tay Lifebuoy hương chanh chai 450ml (Lô 151),Chai,52000,8,Đồ gia dụng & Tiện ích,491
SP009514,Coca Cola Sleek 320ml (Lô 152),Lon,11550,8,Đồ uống & Giải khát,498
SP009515,Pepsi Sleek 320ml (Lô 152),Lon,11025,8,Đồ uống & Giải khát,55
SP009516,Nước cam ép Twister 450ml (Lô 152),Chai,12600,8,Đồ uống & Giải khát,62
SP009517,Trà xanh Không Độ 455ml (Lô 152),Chai,10500,8,Đồ uống & Giải khát,69
SP009518,Trà Ô Long Tea+ Plus 455ml (Lô 152),Chai,12600,8,Đồ uống & Giải khát,76
SP009519,Nước tăng lực Red Bull 250ml (Lô 152),Lon,14700,8,Đồ uống & Giải khát,83
SP009520,Nước khoáng Lavie 500ml (Lô 152),Chai,6300,8,Đồ uống & Giải khát,90
SP009521,Nước tinh khiết Aquafina 500ml (Lô 152),Chai,6300,8,Đồ uống & Giải khát,97
SP009522,Cà phê sữa đá Highlands 235ml (Lô 152),Lon,16800,8,Đồ uống & Giải khát,104
SP009523,Bia Heineken Sleek 330ml (Lô 152),Lon,23100,10,Đồ uống & Giải khát,111
SP009524,Bia Tiger Crystal 330ml (Lô 152),Lon,20475,10,Đồ uống & Giải khát,118
SP009525,Bia Sài Gòn Special 330ml (Lô 152),Lon,17325,10,Đồ uống & Giải khát,125
SP009526,Sữa tươi tiệt trùng Vinamilk 180ml (Lô 152),Hộp,8925,0,Đồ uống & Giải khát,132
SP009527,Sữa chua uống Susu 110ml (Lô 152),Chai,6825,0,Đồ uống & Giải khát,139
SP009528,Nước ép bưởi hồng Vfresh 1L (Lô 152),Hộp,40950,8,Đồ uống & Giải khát,146
SP009529,Bánh ChocoPie Orion hộp 12 cái (Lô 152),Hộp,60900,8,Bánh kẹo & Ăn vặt,153
SP009530,Bánh Cosy mè giòn rụm Kinh Đô 288g (Lô 152),Gói,30450,8,Bánh kẹo & Ăn vặt,160
SP009531,Snack khoai tây Ostar vị tảo biển 90g (Lô 152),Gói,19950,8,Bánh kẹo & Ăn vặt,167
SP009532,Snack khoai tây Lay's tự nhiên 95g (Lô 152),Gói,22050,8,Bánh kẹo & Ăn vặt,174
SP009533,Bánh que Pocky socola Glico 40g (Lô 152),Hộp,14700,8,Bánh kẹo & Ăn vặt,181
SP009534,Kẹo dẻo Chupa Chups Sour Tubes 160g (Lô 152),Gói,25200,8,Bánh kẹo & Ăn vặt,188
SP009535,Bánh mì tươi nhân bơ sữa Kinh Đô 80g (Lô 152),Cái,9450,8,Bánh kẹo & Ăn vặt,195
SP009536,Bánh xốp Nabati phô mai 130g (Lô 152),Hộp,12600,8,Bánh kẹo & Ăn vặt,202
SP009537,Hạt điều rang muối vỏ lụa Bình Phước 500g (Lô 152),Hộp,141750,8,Bánh kẹo & Ăn vặt,209
SP009538,Hạt hướng dương Chacheer 130g (Lô 152),Gói,15750,8,Bánh kẹo & Ăn vặt,216
SP009539,Rong biển sấy vị truyền thống TaoKaeNoi 32g (Lô 152),Gói,27300,8,Bánh kẹo & Ăn vặt,223
SP009540,Nước mắm Nam Ngư Đệ Nhị chai 900ml (Lô 152),Chai,29400,8,Gia vị & Đồ nấu nướng,230
SP009541,Nước mắm Chinsu Cá Hồi chai 500ml (Lô 152),Chai,49350,8,Gia vị & Đồ nấu nướng,237
SP009542,Dầu ăn Simply đậu nành can 1L (Lô 152),Chai,61950,8,Gia vị & Đồ nấu nướng,244
SP009543,Dầu ăn Neptune Gold can 2L (Lô 152),Chai,141750,8,Gia vị & Đồ nấu nướng,251
SP009544,Hạt nêm Knorr thịt thăn xương ống 400g (Lô 152),Gói,38850,8,Gia vị & Đồ nấu nướng,258
SP009545,Bột ngọt Ajinomoto gói 454g (Lô 152),Gói,35700,8,Gia vị & Đồ nấu nướng,265
SP009546,Tương ớt Chinsu nắp bật 250g (Lô 152),Chai,15750,8,Gia vị & Đồ nấu nướng,272
SP009547,Tương cà Cholimex chai 330g (Lô 152),Chai,16800,8,Gia vị & Đồ nấu nướng,279
SP009548,Muối I-ốt Bạc Liêu túi 500g (Lô 152),Gói,6300,8,Gia vị & Đồ nấu nướng,286
SP009549,Đường tinh luyện Biên Hòa Daily 1kg (Lô 152),Gói,32550,8,Gia vị & Đồ nấu nướng,293
SP009550,Mì tôm Hảo Hảo tôm chua cay 75g (Lô 152),Gói,4725,8,Mì gói & Thực phẩm khô,300
SP009551,Mì Omachi sườn hầm ngũ quả 80g (Lô 152),Gói,8925,8,Mì gói & Thực phẩm khô,307
SP009552,Mì trộn Indomie Mi Goreng 85g (Lô 152),Gói,6825,8,Mì gói & Thực phẩm khô,314
SP009553,Phở gà Đệ Nhất Acecook 68g (Lô 152),Gói,8400,8,Mì gói & Thực phẩm khô,321
SP009554,Miến Phú Hương yến tiệc 210g (Lô 152),Gói,23100,8,Mì gói & Thực phẩm khô,328
SP009555,Cháo thịt bằm Cung Đình gói 50g (Lô 152),Gói,7350,8,Mì gói & Thực phẩm khô,335
SP009556,Cá nục sốt cà 3 Cô Gái lon 155g (Lô 152),Lon,19950,8,Mì gói & Thực phẩm khô,342
SP009557,Pate thịt heo Hạ Long lon 150g (Lô 152),Lon,28350,8,Mì gói & Thực phẩm khô,349
SP009558,Mì ly Modern lẩu thái tôm 65g (Lô 152),Ly,9975,8,Mì gói & Thực phẩm khô,356
SP009559,Nước rửa chén Sunlight chanh can 3.6kg (Lô 152),Can,114450,10,Hóa mỹ phẩm & Tẩy rửa,363
SP009560,Nước giặt OMO Matic cửa trên túi 3.6kg (Lô 152),Túi,183750,10,Hóa mỹ phẩm & Tẩy rửa,370
SP009561,Nước xả vải Comfort đậm đặc túi 3.2L (Lô 152),Túi,198450,10,Hóa mỹ phẩm & Tẩy rửa,377
SP009562,Dầu gội Clear thảo dược mát lạnh 630g (Lô 152),Chai,173250,10,Hóa mỹ phẩm & Tẩy rửa,384
SP009563,Dầu gội Pantene suôn mượt 650ml (Lô 152),Chai,162750,10,Hóa mỹ phẩm & Tẩy rửa,391
SP009564,Sữa tắm Lifebuoy bảo vệ vượt trội 800g (Lô 152),Chai,156450,10,Hóa mỹ phẩm & Tẩy rửa,398
SP009565,Kem đánh răng Colgate Total 12 180g (Lô 152),Tuýp,44100,10,Hóa mỹ phẩm & Tẩy rửa,405
SP009566,Bàn chải đánh răng P/S than tre (Lô 152),Cái,18900,10,Hóa mỹ phẩm & Tẩy rửa,412
SP009567,Nước lau sàn Sunlight hoa lily túi 3.6kg (Lô 152),Túi,89250,10,Hóa mỹ phẩm & Tẩy rửa,419
SP009568,Xịt muỗi Raid hương cam chanh 600ml (Lô 152),Chai,71400,10,Hóa mỹ phẩm & Tẩy rửa,426
SP009569,Giấy vệ sinh cuộn cao cấp Pulppy lốc 10 cuộn (Lô 152),Lốc,96600,8,Đồ gia dụng & Tiện ích,433
SP009570,Khăn giấy lụa rút Paseo 200 tờ (Lô 152),Hộp,26250,8,Đồ gia dụng & Tiện ích,440
SP009571,Màng bọc thực phẩm PE Sunhouse 30cmx150m (Lô 152),Hộp,78750,8,Đồ gia dụng & Tiện ích,447
SP009572,Túi rác đen tự hủy sinh học Opec 3 cuộn (Lô 152),Gói,39900,8,Đồ gia dụng & Tiện ích,454
SP009573,Băng dính dán thùng trong suốt 5cm x 100y (Lô 152),Cuộn,16800,8,Đồ gia dụng & Tiện ích,461
SP009574,Pin tiểu AA Panasonic vỉ 4 viên (Lô 152),Vỉ,27300,8,Đồ gia dụng & Tiện ích,468
SP009575,Khẩu trang y tế 4 lớp kháng khuẩn hộp 50 cái (Lô 152),Hộp,36750,8,Đồ gia dụng & Tiện ích,475
SP009576,Nước rửa tay Lifebuoy hương chanh chai 450ml (Lô 152),Chai,54600,8,Đồ gia dụng & Tiện ích,482
SP009577,Coca Cola Sleek 320ml (Lô 153),Lon,12100,8,Đồ uống & Giải khát,489
SP009578,Pepsi Sleek 320ml (Lô 153),Lon,11550,8,Đồ uống & Giải khát,496
SP009579,Nước cam ép Twister 450ml (Lô 153),Chai,13200,8,Đồ uống & Giải khát,53
SP009580,Trà xanh Không Độ 455ml (Lô 153),Chai,11000,8,Đồ uống & Giải khát,60
SP009581,Trà Ô Long Tea+ Plus 455ml (Lô 153),Chai,13200,8,Đồ uống & Giải khát,67
SP009582,Nước tăng lực Red Bull 250ml (Lô 153),Lon,15400,8,Đồ uống & Giải khát,74
SP009583,Nước khoáng Lavie 500ml (Lô 153),Chai,6600,8,Đồ uống & Giải khát,81
SP009584,Nước tinh khiết Aquafina 500ml (Lô 153),Chai,6600,8,Đồ uống & Giải khát,88
SP009585,Cà phê sữa đá Highlands 235ml (Lô 153),Lon,17600,8,Đồ uống & Giải khát,95
SP009586,Bia Heineken Sleek 330ml (Lô 153),Lon,24200,10,Đồ uống & Giải khát,102
SP009587,Bia Tiger Crystal 330ml (Lô 153),Lon,21450,10,Đồ uống & Giải khát,109
SP009588,Bia Sài Gòn Special 330ml (Lô 153),Lon,18150,10,Đồ uống & Giải khát,116
SP009589,Sữa tươi tiệt trùng Vinamilk 180ml (Lô 153),Hộp,9350,0,Đồ uống & Giải khát,123
SP009590,Sữa chua uống Susu 110ml (Lô 153),Chai,7150,0,Đồ uống & Giải khát,130
SP009591,Nước ép bưởi hồng Vfresh 1L (Lô 153),Hộp,42900,8,Đồ uống & Giải khát,137
SP009592,Bánh ChocoPie Orion hộp 12 cái (Lô 153),Hộp,63800,8,Bánh kẹo & Ăn vặt,144
SP009593,Bánh Cosy mè giòn rụm Kinh Đô 288g (Lô 153),Gói,31900,8,Bánh kẹo & Ăn vặt,151
SP009594,Snack khoai tây Ostar vị tảo biển 90g (Lô 153),Gói,20900,8,Bánh kẹo & Ăn vặt,158
SP009595,Snack khoai tây Lay's tự nhiên 95g (Lô 153),Gói,23100,8,Bánh kẹo & Ăn vặt,165
SP009596,Bánh que Pocky socola Glico 40g (Lô 153),Hộp,15400,8,Bánh kẹo & Ăn vặt,172
SP009597,Kẹo dẻo Chupa Chups Sour Tubes 160g (Lô 153),Gói,26400,8,Bánh kẹo & Ăn vặt,179
SP009598,Bánh mì tươi nhân bơ sữa Kinh Đô 80g (Lô 153),Cái,9900,8,Bánh kẹo & Ăn vặt,186
SP009599,Bánh xốp Nabati phô mai 130g (Lô 153),Hộp,13200,8,Bánh kẹo & Ăn vặt,193
SP009600,Hạt điều rang muối vỏ lụa Bình Phước 500g (Lô 153),Hộp,148500,8,Bánh kẹo & Ăn vặt,200
SP009601,Hạt hướng dương Chacheer 130g (Lô 153),Gói,16500,8,Bánh kẹo & Ăn vặt,207
SP009602,Rong biển sấy vị truyền thống TaoKaeNoi 32g (Lô 153),Gói,28600,8,Bánh kẹo & Ăn vặt,214
SP009603,Nước mắm Nam Ngư Đệ Nhị chai 900ml (Lô 153),Chai,30800,8,Gia vị & Đồ nấu nướng,221
SP009604,Nước mắm Chinsu Cá Hồi chai 500ml (Lô 153),Chai,51700,8,Gia vị & Đồ nấu nướng,228
SP009605,Dầu ăn Simply đậu nành can 1L (Lô 153),Chai,64900,8,Gia vị & Đồ nấu nướng,235
SP009606,Dầu ăn Neptune Gold can 2L (Lô 153),Chai,148500,8,Gia vị & Đồ nấu nướng,242
SP009607,Hạt nêm Knorr thịt thăn xương ống 400g (Lô 153),Gói,40700,8,Gia vị & Đồ nấu nướng,249
SP009608,Bột ngọt Ajinomoto gói 454g (Lô 153),Gói,37400,8,Gia vị & Đồ nấu nướng,256
SP009609,Tương ớt Chinsu nắp bật 250g (Lô 153),Chai,16500,8,Gia vị & Đồ nấu nướng,263
SP009610,Tương cà Cholimex chai 330g (Lô 153),Chai,17600,8,Gia vị & Đồ nấu nướng,270
SP009611,Muối I-ốt Bạc Liêu túi 500g (Lô 153),Gói,6600,8,Gia vị & Đồ nấu nướng,277
SP009612,Đường tinh luyện Biên Hòa Daily 1kg (Lô 153),Gói,34100,8,Gia vị & Đồ nấu nướng,284
SP009613,Mì tôm Hảo Hảo tôm chua cay 75g (Lô 153),Gói,4950,8,Mì gói & Thực phẩm khô,291
SP009614,Mì Omachi sườn hầm ngũ quả 80g (Lô 153),Gói,9350,8,Mì gói & Thực phẩm khô,298
SP009615,Mì trộn Indomie Mi Goreng 85g (Lô 153),Gói,7150,8,Mì gói & Thực phẩm khô,305
SP009616,Phở gà Đệ Nhất Acecook 68g (Lô 153),Gói,8800,8,Mì gói & Thực phẩm khô,312
SP009617,Miến Phú Hương yến tiệc 210g (Lô 153),Gói,24200,8,Mì gói & Thực phẩm khô,319
SP009618,Cháo thịt bằm Cung Đình gói 50g (Lô 153),Gói,7700,8,Mì gói & Thực phẩm khô,326
SP009619,Cá nục sốt cà 3 Cô Gái lon 155g (Lô 153),Lon,20900,8,Mì gói & Thực phẩm khô,333
SP009620,Pate thịt heo Hạ Long lon 150g (Lô 153),Lon,29700,8,Mì gói & Thực phẩm khô,340
SP009621,Mì ly Modern lẩu thái tôm 65g (Lô 153),Ly,10450,8,Mì gói & Thực phẩm khô,347
SP009622,Nước rửa chén Sunlight chanh can 3.6kg (Lô 153),Can,119900,10,Hóa mỹ phẩm & Tẩy rửa,354
SP009623,Nước giặt OMO Matic cửa trên túi 3.6kg (Lô 153),Túi,192500,10,Hóa mỹ phẩm & Tẩy rửa,361
SP009624,Nước xả vải Comfort đậm đặc túi 3.2L (Lô 153),Túi,207900,10,Hóa mỹ phẩm & Tẩy rửa,368
SP009625,Dầu gội Clear thảo dược mát lạnh 630g (Lô 153),Chai,181500,10,Hóa mỹ phẩm & Tẩy rửa,375
SP009626,Dầu gội Pantene suôn mượt 650ml (Lô 153),Chai,170500,10,Hóa mỹ phẩm & Tẩy rửa,382
SP009627,Sữa tắm Lifebuoy bảo vệ vượt trội 800g (Lô 153),Chai,163900,10,Hóa mỹ phẩm & Tẩy rửa,389
SP009628,Kem đánh răng Colgate Total 12 180g (Lô 153),Tuýp,46200,10,Hóa mỹ phẩm & Tẩy rửa,396
SP009629,Bàn chải đánh răng P/S than tre (Lô 153),Cái,19800,10,Hóa mỹ phẩm & Tẩy rửa,403
SP009630,Nước lau sàn Sunlight hoa lily túi 3.6kg (Lô 153),Túi,93500,10,Hóa mỹ phẩm & Tẩy rửa,410
SP009631,Xịt muỗi Raid hương cam chanh 600ml (Lô 153),Chai,74800,10,Hóa mỹ phẩm & Tẩy rửa,417
SP009632,Giấy vệ sinh cuộn cao cấp Pulppy lốc 10 cuộn (Lô 153),Lốc,101200,8,Đồ gia dụng & Tiện ích,424
SP009633,Khăn giấy lụa rút Paseo 200 tờ (Lô 153),Hộp,27500,8,Đồ gia dụng & Tiện ích,431
SP009634,Màng bọc thực phẩm PE Sunhouse 30cmx150m (Lô 153),Hộp,82500,8,Đồ gia dụng & Tiện ích,438
SP009635,Túi rác đen tự hủy sinh học Opec 3 cuộn (Lô 153),Gói,41800,8,Đồ gia dụng & Tiện ích,445
SP009636,Băng dính dán thùng trong suốt 5cm x 100y (Lô 153),Cuộn,17600,8,Đồ gia dụng & Tiện ích,452
SP009637,Pin tiểu AA Panasonic vỉ 4 viên (Lô 153),Vỉ,28600,8,Đồ gia dụng & Tiện ích,459
SP009638,Khẩu trang y tế 4 lớp kháng khuẩn hộp 50 cái (Lô 153),Hộp,38500,8,Đồ gia dụng & Tiện ích,466
SP009639,Nước rửa tay Lifebuoy hương chanh chai 450ml (Lô 153),Chai,57200,8,Đồ gia dụng & Tiện ích,473
SP009640,Coca Cola Sleek 320ml (Lô 154),Lon,12649,8,Đồ uống & Giải khát,480
SP009641,Pepsi Sleek 320ml (Lô 154),Lon,12074,8,Đồ uống & Giải khát,487
SP009642,Nước cam ép Twister 450ml (Lô 154),Chai,13799,8,Đồ uống & Giải khát,494
SP009643,Trà xanh Không Độ 455ml (Lô 154),Chai,11500,8,Đồ uống & Giải khát,51
SP009644,Trà Ô Long Tea+ Plus 455ml (Lô 154),Chai,13799,8,Đồ uống & Giải khát,58
SP009645,Nước tăng lực Red Bull 250ml (Lô 154),Lon,16099,8,Đồ uống & Giải khát,65
SP009646,Nước khoáng Lavie 500ml (Lô 154),Chai,6899,8,Đồ uống & Giải khát,72
SP009647,Nước tinh khiết Aquafina 500ml (Lô 154),Chai,6899,8,Đồ uống & Giải khát,79
SP009648,Cà phê sữa đá Highlands 235ml (Lô 154),Lon,18400,8,Đồ uống & Giải khát,86
SP009649,Bia Heineken Sleek 330ml (Lô 154),Lon,25299,10,Đồ uống & Giải khát,93
SP009650,Bia Tiger Crystal 330ml (Lô 154),Lon,22425,10,Đồ uống & Giải khát,100
SP009651,Bia Sài Gòn Special 330ml (Lô 154),Lon,18975,10,Đồ uống & Giải khát,107
SP009652,Sữa tươi tiệt trùng Vinamilk 180ml (Lô 154),Hộp,9775,0,Đồ uống & Giải khát,114
SP009653,Sữa chua uống Susu 110ml (Lô 154),Chai,7474,0,Đồ uống & Giải khát,121
SP009654,Nước ép bưởi hồng Vfresh 1L (Lô 154),Hộp,44850,8,Đồ uống & Giải khát,128
SP009655,Bánh ChocoPie Orion hộp 12 cái (Lô 154),Hộp,66700,8,Bánh kẹo & Ăn vặt,135
SP009656,Bánh Cosy mè giòn rụm Kinh Đô 288g (Lô 154),Gói,33350,8,Bánh kẹo & Ăn vặt,142
SP009657,Snack khoai tây Ostar vị tảo biển 90g (Lô 154),Gói,21850,8,Bánh kẹo & Ăn vặt,149
SP009658,Snack khoai tây Lay's tự nhiên 95g (Lô 154),Gói,24149,8,Bánh kẹo & Ăn vặt,156
SP009659,Bánh que Pocky socola Glico 40g (Lô 154),Hộp,16099,8,Bánh kẹo & Ăn vặt,163
SP009660,Kẹo dẻo Chupa Chups Sour Tubes 160g (Lô 154),Gói,27599,8,Bánh kẹo & Ăn vặt,170
SP009661,Bánh mì tươi nhân bơ sữa Kinh Đô 80g (Lô 154),Cái,10350,8,Bánh kẹo & Ăn vặt,177
SP009662,Bánh xốp Nabati phô mai 130g (Lô 154),Hộp,13799,8,Bánh kẹo & Ăn vặt,184
SP009663,Hạt điều rang muối vỏ lụa Bình Phước 500g (Lô 154),Hộp,155250,8,Bánh kẹo & Ăn vặt,191
SP009664,Hạt hướng dương Chacheer 130g (Lô 154),Gói,17250,8,Bánh kẹo & Ăn vặt,198
SP009665,Rong biển sấy vị truyền thống TaoKaeNoi 32g (Lô 154),Gói,29899,8,Bánh kẹo & Ăn vặt,205
SP009666,Nước mắm Nam Ngư Đệ Nhị chai 900ml (Lô 154),Chai,32199,8,Gia vị & Đồ nấu nướng,212
SP009667,Nước mắm Chinsu Cá Hồi chai 500ml (Lô 154),Chai,54049,8,Gia vị & Đồ nấu nướng,219
SP009668,Dầu ăn Simply đậu nành can 1L (Lô 154),Chai,67850,8,Gia vị & Đồ nấu nướng,226
SP009669,Dầu ăn Neptune Gold can 2L (Lô 154),Chai,155250,8,Gia vị & Đồ nấu nướng,233
SP009670,Hạt nêm Knorr thịt thăn xương ống 400g (Lô 154),Gói,42550,8,Gia vị & Đồ nấu nướng,240
SP009671,Bột ngọt Ajinomoto gói 454g (Lô 154),Gói,39100,8,Gia vị & Đồ nấu nướng,247
SP009672,Tương ớt Chinsu nắp bật 250g (Lô 154),Chai,17250,8,Gia vị & Đồ nấu nướng,254
SP009673,Tương cà Cholimex chai 330g (Lô 154),Chai,18400,8,Gia vị & Đồ nấu nướng,261
SP009674,Muối I-ốt Bạc Liêu túi 500g (Lô 154),Gói,6899,8,Gia vị & Đồ nấu nướng,268
SP009675,Đường tinh luyện Biên Hòa Daily 1kg (Lô 154),Gói,35650,8,Gia vị & Đồ nấu nướng,275
SP009676,Mì tôm Hảo Hảo tôm chua cay 75g (Lô 154),Gói,5175,8,Mì gói & Thực phẩm khô,282
SP009677,Mì Omachi sườn hầm ngũ quả 80g (Lô 154),Gói,9775,8,Mì gói & Thực phẩm khô,289
SP009678,Mì trộn Indomie Mi Goreng 85g (Lô 154),Gói,7474,8,Mì gói & Thực phẩm khô,296
SP009679,Phở gà Đệ Nhất Acecook 68g (Lô 154),Gói,9200,8,Mì gói & Thực phẩm khô,303
SP009680,Miến Phú Hương yến tiệc 210g (Lô 154),Gói,25299,8,Mì gói & Thực phẩm khô,310
SP009681,Cháo thịt bằm Cung Đình gói 50g (Lô 154),Gói,8049,8,Mì gói & Thực phẩm khô,317
SP009682,Cá nục sốt cà 3 Cô Gái lon 155g (Lô 154),Lon,21850,8,Mì gói & Thực phẩm khô,324
SP009683,Pate thịt heo Hạ Long lon 150g (Lô 154),Lon,31049,8,Mì gói & Thực phẩm khô,331
SP009684,Mì ly Modern lẩu thái tôm 65g (Lô 154),Ly,10925,8,Mì gói & Thực phẩm khô,338
SP009685,Nước rửa chén Sunlight chanh can 3.6kg (Lô 154),Can,125349,10,Hóa mỹ phẩm & Tẩy rửa,345
SP009686,Nước giặt OMO Matic cửa trên túi 3.6kg (Lô 154),Túi,201249,10,Hóa mỹ phẩm & Tẩy rửa,352
SP009687,Nước xả vải Comfort đậm đặc túi 3.2L (Lô 154),Túi,217349,10,Hóa mỹ phẩm & Tẩy rửa,359
SP009688,Dầu gội Clear thảo dược mát lạnh 630g (Lô 154),Chai,189749,10,Hóa mỹ phẩm & Tẩy rửa,366
SP009689,Dầu gội Pantene suôn mượt 650ml (Lô 154),Chai,178250,10,Hóa mỹ phẩm & Tẩy rửa,373
SP009690,Sữa tắm Lifebuoy bảo vệ vượt trội 800g (Lô 154),Chai,171350,10,Hóa mỹ phẩm & Tẩy rửa,380
SP009691,Kem đánh răng Colgate Total 12 180g (Lô 154),Tuýp,48299,10,Hóa mỹ phẩm & Tẩy rửa,387
SP009692,Bàn chải đánh răng P/S than tre (Lô 154),Cái,20700,10,Hóa mỹ phẩm & Tẩy rửa,394
SP009693,Nước lau sàn Sunlight hoa lily túi 3.6kg (Lô 154),Túi,97749,10,Hóa mỹ phẩm & Tẩy rửa,401
SP009694,Xịt muỗi Raid hương cam chanh 600ml (Lô 154),Chai,78200,10,Hóa mỹ phẩm & Tẩy rửa,408
SP009695,Giấy vệ sinh cuộn cao cấp Pulppy lốc 10 cuộn (Lô 154),Lốc,105799,8,Đồ gia dụng & Tiện ích,415
SP009696,Khăn giấy lụa rút Paseo 200 tờ (Lô 154),Hộp,28749,8,Đồ gia dụng & Tiện ích,422
SP009697,Màng bọc thực phẩm PE Sunhouse 30cmx150m (Lô 154),Hộp,86250,8,Đồ gia dụng & Tiện ích,429
SP009698,Túi rác đen tự hủy sinh học Opec 3 cuộn (Lô 154),Gói,43700,8,Đồ gia dụng & Tiện ích,436
SP009699,Băng dính dán thùng trong suốt 5cm x 100y (Lô 154),Cuộn,18400,8,Đồ gia dụng & Tiện ích,443
SP009700,Pin tiểu AA Panasonic vỉ 4 viên (Lô 154),Vỉ,29899,8,Đồ gia dụng & Tiện ích,450
SP009701,Khẩu trang y tế 4 lớp kháng khuẩn hộp 50 cái (Lô 154),Hộp,40250,8,Đồ gia dụng & Tiện ích,457
SP009702,Nước rửa tay Lifebuoy hương chanh chai 450ml (Lô 154),Chai,59799,8,Đồ gia dụng & Tiện ích,464
SP009703,Coca Cola Sleek 320ml (Lô 155),Lon,13200,8,Đồ uống & Giải khát,471
SP009704,Pepsi Sleek 320ml (Lô 155),Lon,12600,8,Đồ uống & Giải khát,478
SP009705,Nước cam ép Twister 450ml (Lô 155),Chai,14400,8,Đồ uống & Giải khát,485
SP009706,Trà xanh Không Độ 455ml (Lô 155),Chai,12000,8,Đồ uống & Giải khát,492
SP009707,Trà Ô Long Tea+ Plus 455ml (Lô 155),Chai,14400,8,Đồ uống & Giải khát,499
SP009708,Nước tăng lực Red Bull 250ml (Lô 155),Lon,16800,8,Đồ uống & Giải khát,56
SP009709,Nước khoáng Lavie 500ml (Lô 155),Chai,7200,8,Đồ uống & Giải khát,63
SP009710,Nước tinh khiết Aquafina 500ml (Lô 155),Chai,7200,8,Đồ uống & Giải khát,70
SP009711,Cà phê sữa đá Highlands 235ml (Lô 155),Lon,19200,8,Đồ uống & Giải khát,77
SP009712,Bia Heineken Sleek 330ml (Lô 155),Lon,26400,10,Đồ uống & Giải khát,84
SP009713,Bia Tiger Crystal 330ml (Lô 155),Lon,23400,10,Đồ uống & Giải khát,91
SP009714,Bia Sài Gòn Special 330ml (Lô 155),Lon,19800,10,Đồ uống & Giải khát,98
SP009715,Sữa tươi tiệt trùng Vinamilk 180ml (Lô 155),Hộp,10200,0,Đồ uống & Giải khát,105
SP009716,Sữa chua uống Susu 110ml (Lô 155),Chai,7800,0,Đồ uống & Giải khát,112
SP009717,Nước ép bưởi hồng Vfresh 1L (Lô 155),Hộp,46800,8,Đồ uống & Giải khát,119
SP009718,Bánh ChocoPie Orion hộp 12 cái (Lô 155),Hộp,69600,8,Bánh kẹo & Ăn vặt,126
SP009719,Bánh Cosy mè giòn rụm Kinh Đô 288g (Lô 155),Gói,34800,8,Bánh kẹo & Ăn vặt,133
SP009720,Snack khoai tây Ostar vị tảo biển 90g (Lô 155),Gói,22800,8,Bánh kẹo & Ăn vặt,140
SP009721,Snack khoai tây Lay's tự nhiên 95g (Lô 155),Gói,25200,8,Bánh kẹo & Ăn vặt,147
SP009722,Bánh que Pocky socola Glico 40g (Lô 155),Hộp,16800,8,Bánh kẹo & Ăn vặt,154
SP009723,Kẹo dẻo Chupa Chups Sour Tubes 160g (Lô 155),Gói,28800,8,Bánh kẹo & Ăn vặt,161
SP009724,Bánh mì tươi nhân bơ sữa Kinh Đô 80g (Lô 155),Cái,10800,8,Bánh kẹo & Ăn vặt,168
SP009725,Bánh xốp Nabati phô mai 130g (Lô 155),Hộp,14400,8,Bánh kẹo & Ăn vặt,175
SP009726,Hạt điều rang muối vỏ lụa Bình Phước 500g (Lô 155),Hộp,162000,8,Bánh kẹo & Ăn vặt,182
SP009727,Hạt hướng dương Chacheer 130g (Lô 155),Gói,18000,8,Bánh kẹo & Ăn vặt,189
SP009728,Rong biển sấy vị truyền thống TaoKaeNoi 32g (Lô 155),Gói,31200,8,Bánh kẹo & Ăn vặt,196
SP009729,Nước mắm Nam Ngư Đệ Nhị chai 900ml (Lô 155),Chai,33600,8,Gia vị & Đồ nấu nướng,203
SP009730,Nước mắm Chinsu Cá Hồi chai 500ml (Lô 155),Chai,56400,8,Gia vị & Đồ nấu nướng,210
SP009731,Dầu ăn Simply đậu nành can 1L (Lô 155),Chai,70800,8,Gia vị & Đồ nấu nướng,217
SP009732,Dầu ăn Neptune Gold can 2L (Lô 155),Chai,162000,8,Gia vị & Đồ nấu nướng,224
SP009733,Hạt nêm Knorr thịt thăn xương ống 400g (Lô 155),Gói,44400,8,Gia vị & Đồ nấu nướng,231
SP009734,Bột ngọt Ajinomoto gói 454g (Lô 155),Gói,40800,8,Gia vị & Đồ nấu nướng,238
SP009735,Tương ớt Chinsu nắp bật 250g (Lô 155),Chai,18000,8,Gia vị & Đồ nấu nướng,245
SP009736,Tương cà Cholimex chai 330g (Lô 155),Chai,19200,8,Gia vị & Đồ nấu nướng,252
SP009737,Muối I-ốt Bạc Liêu túi 500g (Lô 155),Gói,7200,8,Gia vị & Đồ nấu nướng,259
SP009738,Đường tinh luyện Biên Hòa Daily 1kg (Lô 155),Gói,37200,8,Gia vị & Đồ nấu nướng,266
SP009739,Mì tôm Hảo Hảo tôm chua cay 75g (Lô 155),Gói,5400,8,Mì gói & Thực phẩm khô,273
SP009740,Mì Omachi sườn hầm ngũ quả 80g (Lô 155),Gói,10200,8,Mì gói & Thực phẩm khô,280
SP009741,Mì trộn Indomie Mi Goreng 85g (Lô 155),Gói,7800,8,Mì gói & Thực phẩm khô,287
SP009742,Phở gà Đệ Nhất Acecook 68g (Lô 155),Gói,9600,8,Mì gói & Thực phẩm khô,294
SP009743,Miến Phú Hương yến tiệc 210g (Lô 155),Gói,26400,8,Mì gói & Thực phẩm khô,301
SP009744,Cháo thịt bằm Cung Đình gói 50g (Lô 155),Gói,8400,8,Mì gói & Thực phẩm khô,308
SP009745,Cá nục sốt cà 3 Cô Gái lon 155g (Lô 155),Lon,22800,8,Mì gói & Thực phẩm khô,315
SP009746,Pate thịt heo Hạ Long lon 150g (Lô 155),Lon,32400,8,Mì gói & Thực phẩm khô,322
SP009747,Mì ly Modern lẩu thái tôm 65g (Lô 155),Ly,11400,8,Mì gói & Thực phẩm khô,329
SP009748,Nước rửa chén Sunlight chanh can 3.6kg (Lô 155),Can,130800,10,Hóa mỹ phẩm & Tẩy rửa,336
SP009749,Nước giặt OMO Matic cửa trên túi 3.6kg (Lô 155),Túi,210000,10,Hóa mỹ phẩm & Tẩy rửa,343
SP009750,Nước xả vải Comfort đậm đặc túi 3.2L (Lô 155),Túi,226800,10,Hóa mỹ phẩm & Tẩy rửa,350
SP009751,Dầu gội Clear thảo dược mát lạnh 630g (Lô 155),Chai,198000,10,Hóa mỹ phẩm & Tẩy rửa,357
SP009752,Dầu gội Pantene suôn mượt 650ml (Lô 155),Chai,186000,10,Hóa mỹ phẩm & Tẩy rửa,364
SP009753,Sữa tắm Lifebuoy bảo vệ vượt trội 800g (Lô 155),Chai,178800,10,Hóa mỹ phẩm & Tẩy rửa,371
SP009754,Kem đánh răng Colgate Total 12 180g (Lô 155),Tuýp,50400,10,Hóa mỹ phẩm & Tẩy rửa,378
SP009755,Bàn chải đánh răng P/S than tre (Lô 155),Cái,21600,10,Hóa mỹ phẩm & Tẩy rửa,385
SP009756,Nước lau sàn Sunlight hoa lily túi 3.6kg (Lô 155),Túi,102000,10,Hóa mỹ phẩm & Tẩy rửa,392
SP009757,Xịt muỗi Raid hương cam chanh 600ml (Lô 155),Chai,81600,10,Hóa mỹ phẩm & Tẩy rửa,399
SP009758,Giấy vệ sinh cuộn cao cấp Pulppy lốc 10 cuộn (Lô 155),Lốc,110400,8,Đồ gia dụng & Tiện ích,406
SP009759,Khăn giấy lụa rút Paseo 200 tờ (Lô 155),Hộp,30000,8,Đồ gia dụng & Tiện ích,413
SP009760,Màng bọc thực phẩm PE Sunhouse 30cmx150m (Lô 155),Hộp,90000,8,Đồ gia dụng & Tiện ích,420
SP009761,Túi rác đen tự hủy sinh học Opec 3 cuộn (Lô 155),Gói,45600,8,Đồ gia dụng & Tiện ích,427
SP009762,Băng dính dán thùng trong suốt 5cm x 100y (Lô 155),Cuộn,19200,8,Đồ gia dụng & Tiện ích,434
SP009763,Pin tiểu AA Panasonic vỉ 4 viên (Lô 155),Vỉ,31200,8,Đồ gia dụng & Tiện ích,441
SP009764,Khẩu trang y tế 4 lớp kháng khuẩn hộp 50 cái (Lô 155),Hộp,42000,8,Đồ gia dụng & Tiện ích,448
SP009765,Nước rửa tay Lifebuoy hương chanh chai 450ml (Lô 155),Chai,62400,8,Đồ gia dụng & Tiện ích,455
SP009766,Coca Cola Sleek 320ml (Lô 156),Lon,11000,8,Đồ uống & Giải khát,462
SP009767,Pepsi Sleek 320ml (Lô 156),Lon,10500,8,Đồ uống & Giải khát,469
SP009768,Nước cam ép Twister 450ml (Lô 156),Chai,12000,8,Đồ uống & Giải khát,476
SP009769,Trà xanh Không Độ 455ml (Lô 156),Chai,10000,8,Đồ uống & Giải khát,483
SP009770,Trà Ô Long Tea+ Plus 455ml (Lô 156),Chai,12000,8,Đồ uống & Giải khát,490
SP009771,Nước tăng lực Red Bull 250ml (Lô 156),Lon,14000,8,Đồ uống & Giải khát,497
SP009772,Nước khoáng Lavie 500ml (Lô 156),Chai,6000,8,Đồ uống & Giải khát,54
SP009773,Nước tinh khiết Aquafina 500ml (Lô 156),Chai,6000,8,Đồ uống & Giải khát,61
SP009774,Cà phê sữa đá Highlands 235ml (Lô 156),Lon,16000,8,Đồ uống & Giải khát,68
SP009775,Bia Heineken Sleek 330ml (Lô 156),Lon,22000,10,Đồ uống & Giải khát,75
SP009776,Bia Tiger Crystal 330ml (Lô 156),Lon,19500,10,Đồ uống & Giải khát,82
SP009777,Bia Sài Gòn Special 330ml (Lô 156),Lon,16500,10,Đồ uống & Giải khát,89
SP009778,Sữa tươi tiệt trùng Vinamilk 180ml (Lô 156),Hộp,8500,0,Đồ uống & Giải khát,96
SP009779,Sữa chua uống Susu 110ml (Lô 156),Chai,6500,0,Đồ uống & Giải khát,103
SP009780,Nước ép bưởi hồng Vfresh 1L (Lô 156),Hộp,39000,8,Đồ uống & Giải khát,110
SP009781,Bánh ChocoPie Orion hộp 12 cái (Lô 156),Hộp,58000,8,Bánh kẹo & Ăn vặt,117
SP009782,Bánh Cosy mè giòn rụm Kinh Đô 288g (Lô 156),Gói,29000,8,Bánh kẹo & Ăn vặt,124
SP009783,Snack khoai tây Ostar vị tảo biển 90g (Lô 156),Gói,19000,8,Bánh kẹo & Ăn vặt,131
SP009784,Snack khoai tây Lay's tự nhiên 95g (Lô 156),Gói,21000,8,Bánh kẹo & Ăn vặt,138
SP009785,Bánh que Pocky socola Glico 40g (Lô 156),Hộp,14000,8,Bánh kẹo & Ăn vặt,145
SP009786,Kẹo dẻo Chupa Chups Sour Tubes 160g (Lô 156),Gói,24000,8,Bánh kẹo & Ăn vặt,152
SP009787,Bánh mì tươi nhân bơ sữa Kinh Đô 80g (Lô 156),Cái,9000,8,Bánh kẹo & Ăn vặt,159
SP009788,Bánh xốp Nabati phô mai 130g (Lô 156),Hộp,12000,8,Bánh kẹo & Ăn vặt,166
SP009789,Hạt điều rang muối vỏ lụa Bình Phước 500g (Lô 156),Hộp,135000,8,Bánh kẹo & Ăn vặt,173
SP009790,Hạt hướng dương Chacheer 130g (Lô 156),Gói,15000,8,Bánh kẹo & Ăn vặt,180
SP009791,Rong biển sấy vị truyền thống TaoKaeNoi 32g (Lô 156),Gói,26000,8,Bánh kẹo & Ăn vặt,187
SP009792,Nước mắm Nam Ngư Đệ Nhị chai 900ml (Lô 156),Chai,28000,8,Gia vị & Đồ nấu nướng,194
SP009793,Nước mắm Chinsu Cá Hồi chai 500ml (Lô 156),Chai,47000,8,Gia vị & Đồ nấu nướng,201
SP009794,Dầu ăn Simply đậu nành can 1L (Lô 156),Chai,59000,8,Gia vị & Đồ nấu nướng,208
SP009795,Dầu ăn Neptune Gold can 2L (Lô 156),Chai,135000,8,Gia vị & Đồ nấu nướng,215
SP009796,Hạt nêm Knorr thịt thăn xương ống 400g (Lô 156),Gói,37000,8,Gia vị & Đồ nấu nướng,222
SP009797,Bột ngọt Ajinomoto gói 454g (Lô 156),Gói,34000,8,Gia vị & Đồ nấu nướng,229
SP009798,Tương ớt Chinsu nắp bật 250g (Lô 156),Chai,15000,8,Gia vị & Đồ nấu nướng,236
SP009799,Tương cà Cholimex chai 330g (Lô 156),Chai,16000,8,Gia vị & Đồ nấu nướng,243
SP009800,Muối I-ốt Bạc Liêu túi 500g (Lô 156),Gói,6000,8,Gia vị & Đồ nấu nướng,250
SP009801,Đường tinh luyện Biên Hòa Daily 1kg (Lô 156),Gói,31000,8,Gia vị & Đồ nấu nướng,257
SP009802,Mì tôm Hảo Hảo tôm chua cay 75g (Lô 156),Gói,4500,8,Mì gói & Thực phẩm khô,264
SP009803,Mì Omachi sườn hầm ngũ quả 80g (Lô 156),Gói,8500,8,Mì gói & Thực phẩm khô,271
SP009804,Mì trộn Indomie Mi Goreng 85g (Lô 156),Gói,6500,8,Mì gói & Thực phẩm khô,278
SP009805,Phở gà Đệ Nhất Acecook 68g (Lô 156),Gói,8000,8,Mì gói & Thực phẩm khô,285
SP009806,Miến Phú Hương yến tiệc 210g (Lô 156),Gói,22000,8,Mì gói & Thực phẩm khô,292
SP009807,Cháo thịt bằm Cung Đình gói 50g (Lô 156),Gói,7000,8,Mì gói & Thực phẩm khô,299
SP009808,Cá nục sốt cà 3 Cô Gái lon 155g (Lô 156),Lon,19000,8,Mì gói & Thực phẩm khô,306
SP009809,Pate thịt heo Hạ Long lon 150g (Lô 156),Lon,27000,8,Mì gói & Thực phẩm khô,313
SP009810,Mì ly Modern lẩu thái tôm 65g (Lô 156),Ly,9500,8,Mì gói & Thực phẩm khô,320
SP009811,Nước rửa chén Sunlight chanh can 3.6kg (Lô 156),Can,109000,10,Hóa mỹ phẩm & Tẩy rửa,327
SP009812,Nước giặt OMO Matic cửa trên túi 3.6kg (Lô 156),Túi,175000,10,Hóa mỹ phẩm & Tẩy rửa,334
SP009813,Nước xả vải Comfort đậm đặc túi 3.2L (Lô 156),Túi,189000,10,Hóa mỹ phẩm & Tẩy rửa,341
SP009814,Dầu gội Clear thảo dược mát lạnh 630g (Lô 156),Chai,165000,10,Hóa mỹ phẩm & Tẩy rửa,348
SP009815,Dầu gội Pantene suôn mượt 650ml (Lô 156),Chai,155000,10,Hóa mỹ phẩm & Tẩy rửa,355
SP009816,Sữa tắm Lifebuoy bảo vệ vượt trội 800g (Lô 156),Chai,149000,10,Hóa mỹ phẩm & Tẩy rửa,362
SP009817,Kem đánh răng Colgate Total 12 180g (Lô 156),Tuýp,42000,10,Hóa mỹ phẩm & Tẩy rửa,369
SP009818,Bàn chải đánh răng P/S than tre (Lô 156),Cái,18000,10,Hóa mỹ phẩm & Tẩy rửa,376
SP009819,Nước lau sàn Sunlight hoa lily túi 3.6kg (Lô 156),Túi,85000,10,Hóa mỹ phẩm & Tẩy rửa,383
SP009820,Xịt muỗi Raid hương cam chanh 600ml (Lô 156),Chai,68000,10,Hóa mỹ phẩm & Tẩy rửa,390
SP009821,Giấy vệ sinh cuộn cao cấp Pulppy lốc 10 cuộn (Lô 156),Lốc,92000,8,Đồ gia dụng & Tiện ích,397
SP009822,Khăn giấy lụa rút Paseo 200 tờ (Lô 156),Hộp,25000,8,Đồ gia dụng & Tiện ích,404
SP009823,Màng bọc thực phẩm PE Sunhouse 30cmx150m (Lô 156),Hộp,75000,8,Đồ gia dụng & Tiện ích,411
SP009824,Túi rác đen tự hủy sinh học Opec 3 cuộn (Lô 156),Gói,38000,8,Đồ gia dụng & Tiện ích,418
SP009825,Băng dính dán thùng trong suốt 5cm x 100y (Lô 156),Cuộn,16000,8,Đồ gia dụng & Tiện ích,425
SP009826,Pin tiểu AA Panasonic vỉ 4 viên (Lô 156),Vỉ,26000,8,Đồ gia dụng & Tiện ích,432
SP009827,Khẩu trang y tế 4 lớp kháng khuẩn hộp 50 cái (Lô 156),Hộp,35000,8,Đồ gia dụng & Tiện ích,439
SP009828,Nước rửa tay Lifebuoy hương chanh chai 450ml (Lô 156),Chai,52000,8,Đồ gia dụng & Tiện ích,446
SP009829,Coca Cola Sleek 320ml (Lô 157),Lon,11550,8,Đồ uống & Giải khát,453
SP009830,Pepsi Sleek 320ml (Lô 157),Lon,11025,8,Đồ uống & Giải khát,460
SP009831,Nước cam ép Twister 450ml (Lô 157),Chai,12600,8,Đồ uống & Giải khát,467
SP009832,Trà xanh Không Độ 455ml (Lô 157),Chai,10500,8,Đồ uống & Giải khát,474
SP009833,Trà Ô Long Tea+ Plus 455ml (Lô 157),Chai,12600,8,Đồ uống & Giải khát,481
SP009834,Nước tăng lực Red Bull 250ml (Lô 157),Lon,14700,8,Đồ uống & Giải khát,488
SP009835,Nước khoáng Lavie 500ml (Lô 157),Chai,6300,8,Đồ uống & Giải khát,495
SP009836,Nước tinh khiết Aquafina 500ml (Lô 157),Chai,6300,8,Đồ uống & Giải khát,52
SP009837,Cà phê sữa đá Highlands 235ml (Lô 157),Lon,16800,8,Đồ uống & Giải khát,59
SP009838,Bia Heineken Sleek 330ml (Lô 157),Lon,23100,10,Đồ uống & Giải khát,66
SP009839,Bia Tiger Crystal 330ml (Lô 157),Lon,20475,10,Đồ uống & Giải khát,73
SP009840,Bia Sài Gòn Special 330ml (Lô 157),Lon,17325,10,Đồ uống & Giải khát,80
SP009841,Sữa tươi tiệt trùng Vinamilk 180ml (Lô 157),Hộp,8925,0,Đồ uống & Giải khát,87
SP009842,Sữa chua uống Susu 110ml (Lô 157),Chai,6825,0,Đồ uống & Giải khát,94
SP009843,Nước ép bưởi hồng Vfresh 1L (Lô 157),Hộp,40950,8,Đồ uống & Giải khát,101
SP009844,Bánh ChocoPie Orion hộp 12 cái (Lô 157),Hộp,60900,8,Bánh kẹo & Ăn vặt,108
SP009845,Bánh Cosy mè giòn rụm Kinh Đô 288g (Lô 157),Gói,30450,8,Bánh kẹo & Ăn vặt,115
SP009846,Snack khoai tây Ostar vị tảo biển 90g (Lô 157),Gói,19950,8,Bánh kẹo & Ăn vặt,122
SP009847,Snack khoai tây Lay's tự nhiên 95g (Lô 157),Gói,22050,8,Bánh kẹo & Ăn vặt,129
SP009848,Bánh que Pocky socola Glico 40g (Lô 157),Hộp,14700,8,Bánh kẹo & Ăn vặt,136
SP009849,Kẹo dẻo Chupa Chups Sour Tubes 160g (Lô 157),Gói,25200,8,Bánh kẹo & Ăn vặt,143
SP009850,Bánh mì tươi nhân bơ sữa Kinh Đô 80g (Lô 157),Cái,9450,8,Bánh kẹo & Ăn vặt,150
SP009851,Bánh xốp Nabati phô mai 130g (Lô 157),Hộp,12600,8,Bánh kẹo & Ăn vặt,157
SP009852,Hạt điều rang muối vỏ lụa Bình Phước 500g (Lô 157),Hộp,141750,8,Bánh kẹo & Ăn vặt,164
SP009853,Hạt hướng dương Chacheer 130g (Lô 157),Gói,15750,8,Bánh kẹo & Ăn vặt,171
SP009854,Rong biển sấy vị truyền thống TaoKaeNoi 32g (Lô 157),Gói,27300,8,Bánh kẹo & Ăn vặt,178
SP009855,Nước mắm Nam Ngư Đệ Nhị chai 900ml (Lô 157),Chai,29400,8,Gia vị & Đồ nấu nướng,185
SP009856,Nước mắm Chinsu Cá Hồi chai 500ml (Lô 157),Chai,49350,8,Gia vị & Đồ nấu nướng,192
SP009857,Dầu ăn Simply đậu nành can 1L (Lô 157),Chai,61950,8,Gia vị & Đồ nấu nướng,199
SP009858,Dầu ăn Neptune Gold can 2L (Lô 157),Chai,141750,8,Gia vị & Đồ nấu nướng,206
SP009859,Hạt nêm Knorr thịt thăn xương ống 400g (Lô 157),Gói,38850,8,Gia vị & Đồ nấu nướng,213
SP009860,Bột ngọt Ajinomoto gói 454g (Lô 157),Gói,35700,8,Gia vị & Đồ nấu nướng,220
SP009861,Tương ớt Chinsu nắp bật 250g (Lô 157),Chai,15750,8,Gia vị & Đồ nấu nướng,227
SP009862,Tương cà Cholimex chai 330g (Lô 157),Chai,16800,8,Gia vị & Đồ nấu nướng,234
SP009863,Muối I-ốt Bạc Liêu túi 500g (Lô 157),Gói,6300,8,Gia vị & Đồ nấu nướng,241
SP009864,Đường tinh luyện Biên Hòa Daily 1kg (Lô 157),Gói,32550,8,Gia vị & Đồ nấu nướng,248
SP009865,Mì tôm Hảo Hảo tôm chua cay 75g (Lô 157),Gói,4725,8,Mì gói & Thực phẩm khô,255
SP009866,Mì Omachi sườn hầm ngũ quả 80g (Lô 157),Gói,8925,8,Mì gói & Thực phẩm khô,262
SP009867,Mì trộn Indomie Mi Goreng 85g (Lô 157),Gói,6825,8,Mì gói & Thực phẩm khô,269
SP009868,Phở gà Đệ Nhất Acecook 68g (Lô 157),Gói,8400,8,Mì gói & Thực phẩm khô,276
SP009869,Miến Phú Hương yến tiệc 210g (Lô 157),Gói,23100,8,Mì gói & Thực phẩm khô,283
SP009870,Cháo thịt bằm Cung Đình gói 50g (Lô 157),Gói,7350,8,Mì gói & Thực phẩm khô,290
SP009871,Cá nục sốt cà 3 Cô Gái lon 155g (Lô 157),Lon,19950,8,Mì gói & Thực phẩm khô,297
SP009872,Pate thịt heo Hạ Long lon 150g (Lô 157),Lon,28350,8,Mì gói & Thực phẩm khô,304
SP009873,Mì ly Modern lẩu thái tôm 65g (Lô 157),Ly,9975,8,Mì gói & Thực phẩm khô,311
SP009874,Nước rửa chén Sunlight chanh can 3.6kg (Lô 157),Can,114450,10,Hóa mỹ phẩm & Tẩy rửa,318
SP009875,Nước giặt OMO Matic cửa trên túi 3.6kg (Lô 157),Túi,183750,10,Hóa mỹ phẩm & Tẩy rửa,325
SP009876,Nước xả vải Comfort đậm đặc túi 3.2L (Lô 157),Túi,198450,10,Hóa mỹ phẩm & Tẩy rửa,332
SP009877,Dầu gội Clear thảo dược mát lạnh 630g (Lô 157),Chai,173250,10,Hóa mỹ phẩm & Tẩy rửa,339
SP009878,Dầu gội Pantene suôn mượt 650ml (Lô 157),Chai,162750,10,Hóa mỹ phẩm & Tẩy rửa,346
SP009879,Sữa tắm Lifebuoy bảo vệ vượt trội 800g (Lô 157),Chai,156450,10,Hóa mỹ phẩm & Tẩy rửa,353
SP009880,Kem đánh răng Colgate Total 12 180g (Lô 157),Tuýp,44100,10,Hóa mỹ phẩm & Tẩy rửa,360
SP009881,Bàn chải đánh răng P/S than tre (Lô 157),Cái,18900,10,Hóa mỹ phẩm & Tẩy rửa,367
SP009882,Nước lau sàn Sunlight hoa lily túi 3.6kg (Lô 157),Túi,89250,10,Hóa mỹ phẩm & Tẩy rửa,374
SP009883,Xịt muỗi Raid hương cam chanh 600ml (Lô 157),Chai,71400,10,Hóa mỹ phẩm & Tẩy rửa,381
SP009884,Giấy vệ sinh cuộn cao cấp Pulppy lốc 10 cuộn (Lô 157),Lốc,96600,8,Đồ gia dụng & Tiện ích,388
SP009885,Khăn giấy lụa rút Paseo 200 tờ (Lô 157),Hộp,26250,8,Đồ gia dụng & Tiện ích,395
SP009886,Màng bọc thực phẩm PE Sunhouse 30cmx150m (Lô 157),Hộp,78750,8,Đồ gia dụng & Tiện ích,402
SP009887,Túi rác đen tự hủy sinh học Opec 3 cuộn (Lô 157),Gói,39900,8,Đồ gia dụng & Tiện ích,409
SP009888,Băng dính dán thùng trong suốt 5cm x 100y (Lô 157),Cuộn,16800,8,Đồ gia dụng & Tiện ích,416
SP009889,Pin tiểu AA Panasonic vỉ 4 viên (Lô 157),Vỉ,27300,8,Đồ gia dụng & Tiện ích,423
SP009890,Khẩu trang y tế 4 lớp kháng khuẩn hộp 50 cái (Lô 157),Hộp,36750,8,Đồ gia dụng & Tiện ích,430
SP009891,Nước rửa tay Lifebuoy hương chanh chai 450ml (Lô 157),Chai,54600,8,Đồ gia dụng & Tiện ích,437
SP009892,Coca Cola Sleek 320ml (Lô 158),Lon,12100,8,Đồ uống & Giải khát,444
SP009893,Pepsi Sleek 320ml (Lô 158),Lon,11550,8,Đồ uống & Giải khát,451
SP009894,Nước cam ép Twister 450ml (Lô 158),Chai,13200,8,Đồ uống & Giải khát,458
SP009895,Trà xanh Không Độ 455ml (Lô 158),Chai,11000,8,Đồ uống & Giải khát,465
SP009896,Trà Ô Long Tea+ Plus 455ml (Lô 158),Chai,13200,8,Đồ uống & Giải khát,472
SP009897,Nước tăng lực Red Bull 250ml (Lô 158),Lon,15400,8,Đồ uống & Giải khát,479
SP009898,Nước khoáng Lavie 500ml (Lô 158),Chai,6600,8,Đồ uống & Giải khát,486
SP009899,Nước tinh khiết Aquafina 500ml (Lô 158),Chai,6600,8,Đồ uống & Giải khát,493
SP009900,Cà phê sữa đá Highlands 235ml (Lô 158),Lon,17600,8,Đồ uống & Giải khát,50
SP009901,Bia Heineken Sleek 330ml (Lô 158),Lon,24200,10,Đồ uống & Giải khát,57
SP009902,Bia Tiger Crystal 330ml (Lô 158),Lon,21450,10,Đồ uống & Giải khát,64
SP009903,Bia Sài Gòn Special 330ml (Lô 158),Lon,18150,10,Đồ uống & Giải khát,71
SP009904,Sữa tươi tiệt trùng Vinamilk 180ml (Lô 158),Hộp,9350,0,Đồ uống & Giải khát,78
SP009905,Sữa chua uống Susu 110ml (Lô 158),Chai,7150,0,Đồ uống & Giải khát,85
SP009906,Nước ép bưởi hồng Vfresh 1L (Lô 158),Hộp,42900,8,Đồ uống & Giải khát,92
SP009907,Bánh ChocoPie Orion hộp 12 cái (Lô 158),Hộp,63800,8,Bánh kẹo & Ăn vặt,99
SP009908,Bánh Cosy mè giòn rụm Kinh Đô 288g (Lô 158),Gói,31900,8,Bánh kẹo & Ăn vặt,106
SP009909,Snack khoai tây Ostar vị tảo biển 90g (Lô 158),Gói,20900,8,Bánh kẹo & Ăn vặt,113
SP009910,Snack khoai tây Lay's tự nhiên 95g (Lô 158),Gói,23100,8,Bánh kẹo & Ăn vặt,120
SP009911,Bánh que Pocky socola Glico 40g (Lô 158),Hộp,15400,8,Bánh kẹo & Ăn vặt,127
SP009912,Kẹo dẻo Chupa Chups Sour Tubes 160g (Lô 158),Gói,26400,8,Bánh kẹo & Ăn vặt,134
SP009913,Bánh mì tươi nhân bơ sữa Kinh Đô 80g (Lô 158),Cái,9900,8,Bánh kẹo & Ăn vặt,141
SP009914,Bánh xốp Nabati phô mai 130g (Lô 158),Hộp,13200,8,Bánh kẹo & Ăn vặt,148
SP009915,Hạt điều rang muối vỏ lụa Bình Phước 500g (Lô 158),Hộp,148500,8,Bánh kẹo & Ăn vặt,155
SP009916,Hạt hướng dương Chacheer 130g (Lô 158),Gói,16500,8,Bánh kẹo & Ăn vặt,162
SP009917,Rong biển sấy vị truyền thống TaoKaeNoi 32g (Lô 158),Gói,28600,8,Bánh kẹo & Ăn vặt,169
SP009918,Nước mắm Nam Ngư Đệ Nhị chai 900ml (Lô 158),Chai,30800,8,Gia vị & Đồ nấu nướng,176
SP009919,Nước mắm Chinsu Cá Hồi chai 500ml (Lô 158),Chai,51700,8,Gia vị & Đồ nấu nướng,183
SP009920,Dầu ăn Simply đậu nành can 1L (Lô 158),Chai,64900,8,Gia vị & Đồ nấu nướng,190
SP009921,Dầu ăn Neptune Gold can 2L (Lô 158),Chai,148500,8,Gia vị & Đồ nấu nướng,197
SP009922,Hạt nêm Knorr thịt thăn xương ống 400g (Lô 158),Gói,40700,8,Gia vị & Đồ nấu nướng,204
SP009923,Bột ngọt Ajinomoto gói 454g (Lô 158),Gói,37400,8,Gia vị & Đồ nấu nướng,211
SP009924,Tương ớt Chinsu nắp bật 250g (Lô 158),Chai,16500,8,Gia vị & Đồ nấu nướng,218
SP009925,Tương cà Cholimex chai 330g (Lô 158),Chai,17600,8,Gia vị & Đồ nấu nướng,225
SP009926,Muối I-ốt Bạc Liêu túi 500g (Lô 158),Gói,6600,8,Gia vị & Đồ nấu nướng,232
SP009927,Đường tinh luyện Biên Hòa Daily 1kg (Lô 158),Gói,34100,8,Gia vị & Đồ nấu nướng,239
SP009928,Mì tôm Hảo Hảo tôm chua cay 75g (Lô 158),Gói,4950,8,Mì gói & Thực phẩm khô,246
SP009929,Mì Omachi sườn hầm ngũ quả 80g (Lô 158),Gói,9350,8,Mì gói & Thực phẩm khô,253
SP009930,Mì trộn Indomie Mi Goreng 85g (Lô 158),Gói,7150,8,Mì gói & Thực phẩm khô,260
SP009931,Phở gà Đệ Nhất Acecook 68g (Lô 158),Gói,8800,8,Mì gói & Thực phẩm khô,267
SP009932,Miến Phú Hương yến tiệc 210g (Lô 158),Gói,24200,8,Mì gói & Thực phẩm khô,274
SP009933,Cháo thịt bằm Cung Đình gói 50g (Lô 158),Gói,7700,8,Mì gói & Thực phẩm khô,281
SP009934,Cá nục sốt cà 3 Cô Gái lon 155g (Lô 158),Lon,20900,8,Mì gói & Thực phẩm khô,288
SP009935,Pate thịt heo Hạ Long lon 150g (Lô 158),Lon,29700,8,Mì gói & Thực phẩm khô,295
SP009936,Mì ly Modern lẩu thái tôm 65g (Lô 158),Ly,10450,8,Mì gói & Thực phẩm khô,302
SP009937,Nước rửa chén Sunlight chanh can 3.6kg (Lô 158),Can,119900,10,Hóa mỹ phẩm & Tẩy rửa,309
SP009938,Nước giặt OMO Matic cửa trên túi 3.6kg (Lô 158),Túi,192500,10,Hóa mỹ phẩm & Tẩy rửa,316
SP009939,Nước xả vải Comfort đậm đặc túi 3.2L (Lô 158),Túi,207900,10,Hóa mỹ phẩm & Tẩy rửa,323
SP009940,Dầu gội Clear thảo dược mát lạnh 630g (Lô 158),Chai,181500,10,Hóa mỹ phẩm & Tẩy rửa,330
SP009941,Dầu gội Pantene suôn mượt 650ml (Lô 158),Chai,170500,10,Hóa mỹ phẩm & Tẩy rửa,337
SP009942,Sữa tắm Lifebuoy bảo vệ vượt trội 800g (Lô 158),Chai,163900,10,Hóa mỹ phẩm & Tẩy rửa,344
SP009943,Kem đánh răng Colgate Total 12 180g (Lô 158),Tuýp,46200,10,Hóa mỹ phẩm & Tẩy rửa,351
SP009944,Bàn chải đánh răng P/S than tre (Lô 158),Cái,19800,10,Hóa mỹ phẩm & Tẩy rửa,358
SP009945,Nước lau sàn Sunlight hoa lily túi 3.6kg (Lô 158),Túi,93500,10,Hóa mỹ phẩm & Tẩy rửa,365
SP009946,Xịt muỗi Raid hương cam chanh 600ml (Lô 158),Chai,74800,10,Hóa mỹ phẩm & Tẩy rửa,372
SP009947,Giấy vệ sinh cuộn cao cấp Pulppy lốc 10 cuộn (Lô 158),Lốc,101200,8,Đồ gia dụng & Tiện ích,379
SP009948,Khăn giấy lụa rút Paseo 200 tờ (Lô 158),Hộp,27500,8,Đồ gia dụng & Tiện ích,386
SP009949,Màng bọc thực phẩm PE Sunhouse 30cmx150m (Lô 158),Hộp,82500,8,Đồ gia dụng & Tiện ích,393
SP009950,Túi rác đen tự hủy sinh học Opec 3 cuộn (Lô 158),Gói,41800,8,Đồ gia dụng & Tiện ích,400
SP009951,Băng dính dán thùng trong suốt 5cm x 100y (Lô 158),Cuộn,17600,8,Đồ gia dụng & Tiện ích,407
SP009952,Pin tiểu AA Panasonic vỉ 4 viên (Lô 158),Vỉ,28600,8,Đồ gia dụng & Tiện ích,414
SP009953,Khẩu trang y tế 4 lớp kháng khuẩn hộp 50 cái (Lô 158),Hộp,38500,8,Đồ gia dụng & Tiện ích,421
SP009954,Nước rửa tay Lifebuoy hương chanh chai 450ml (Lô 158),Chai,57200,8,Đồ gia dụng & Tiện ích,428
SP009955,Coca Cola Sleek 320ml (Lô 159),Lon,12649,8,Đồ uống & Giải khát,435
SP009956,Pepsi Sleek 320ml (Lô 159),Lon,12074,8,Đồ uống & Giải khát,442
SP009957,Nước cam ép Twister 450ml (Lô 159),Chai,13799,8,Đồ uống & Giải khát,449
SP009958,Trà xanh Không Độ 455ml (Lô 159),Chai,11500,8,Đồ uống & Giải khát,456
SP009959,Trà Ô Long Tea+ Plus 455ml (Lô 159),Chai,13799,8,Đồ uống & Giải khát,463
SP009960,Nước tăng lực Red Bull 250ml (Lô 159),Lon,16099,8,Đồ uống & Giải khát,470
SP009961,Nước khoáng Lavie 500ml (Lô 159),Chai,6899,8,Đồ uống & Giải khát,477
SP009962,Nước tinh khiết Aquafina 500ml (Lô 159),Chai,6899,8,Đồ uống & Giải khát,484
SP009963,Cà phê sữa đá Highlands 235ml (Lô 159),Lon,18400,8,Đồ uống & Giải khát,491
SP009964,Bia Heineken Sleek 330ml (Lô 159),Lon,25299,10,Đồ uống & Giải khát,498
SP009965,Bia Tiger Crystal 330ml (Lô 159),Lon,22425,10,Đồ uống & Giải khát,55
SP009966,Bia Sài Gòn Special 330ml (Lô 159),Lon,18975,10,Đồ uống & Giải khát,62
SP009967,Sữa tươi tiệt trùng Vinamilk 180ml (Lô 159),Hộp,9775,0,Đồ uống & Giải khát,69
SP009968,Sữa chua uống Susu 110ml (Lô 159),Chai,7474,0,Đồ uống & Giải khát,76
SP009969,Nước ép bưởi hồng Vfresh 1L (Lô 159),Hộp,44850,8,Đồ uống & Giải khát,83
SP009970,Bánh ChocoPie Orion hộp 12 cái (Lô 159),Hộp,66700,8,Bánh kẹo & Ăn vặt,90
SP009971,Bánh Cosy mè giòn rụm Kinh Đô 288g (Lô 159),Gói,33350,8,Bánh kẹo & Ăn vặt,97
SP009972,Snack khoai tây Ostar vị tảo biển 90g (Lô 159),Gói,21850,8,Bánh kẹo & Ăn vặt,104
SP009973,Snack khoai tây Lay's tự nhiên 95g (Lô 159),Gói,24149,8,Bánh kẹo & Ăn vặt,111
SP009974,Bánh que Pocky socola Glico 40g (Lô 159),Hộp,16099,8,Bánh kẹo & Ăn vặt,118
SP009975,Kẹo dẻo Chupa Chups Sour Tubes 160g (Lô 159),Gói,27599,8,Bánh kẹo & Ăn vặt,125
SP009976,Bánh mì tươi nhân bơ sữa Kinh Đô 80g (Lô 159),Cái,10350,8,Bánh kẹo & Ăn vặt,132
SP009977,Bánh xốp Nabati phô mai 130g (Lô 159),Hộp,13799,8,Bánh kẹo & Ăn vặt,139
SP009978,Hạt điều rang muối vỏ lụa Bình Phước 500g (Lô 159),Hộp,155250,8,Bánh kẹo & Ăn vặt,146
SP009979,Hạt hướng dương Chacheer 130g (Lô 159),Gói,17250,8,Bánh kẹo & Ăn vặt,153
SP009980,Rong biển sấy vị truyền thống TaoKaeNoi 32g (Lô 159),Gói,29899,8,Bánh kẹo & Ăn vặt,160
SP009981,Nước mắm Nam Ngư Đệ Nhị chai 900ml (Lô 159),Chai,32199,8,Gia vị & Đồ nấu nướng,167
SP009982,Nước mắm Chinsu Cá Hồi chai 500ml (Lô 159),Chai,54049,8,Gia vị & Đồ nấu nướng,174
SP009983,Dầu ăn Simply đậu nành can 1L (Lô 159),Chai,67850,8,Gia vị & Đồ nấu nướng,181
SP009984,Dầu ăn Neptune Gold can 2L (Lô 159),Chai,155250,8,Gia vị & Đồ nấu nướng,188
SP009985,Hạt nêm Knorr thịt thăn xương ống 400g (Lô 159),Gói,42550,8,Gia vị & Đồ nấu nướng,195
SP009986,Bột ngọt Ajinomoto gói 454g (Lô 159),Gói,39100,8,Gia vị & Đồ nấu nướng,202
SP009987,Tương ớt Chinsu nắp bật 250g (Lô 159),Chai,17250,8,Gia vị & Đồ nấu nướng,209
SP009988,Tương cà Cholimex chai 330g (Lô 159),Chai,18400,8,Gia vị & Đồ nấu nướng,216
SP009989,Muối I-ốt Bạc Liêu túi 500g (Lô 159),Gói,6899,8,Gia vị & Đồ nấu nướng,223
SP009990,Đường tinh luyện Biên Hòa Daily 1kg (Lô 159),Gói,35650,8,Gia vị & Đồ nấu nướng,230
SP009991,Mì tôm Hảo Hảo tôm chua cay 75g (Lô 159),Gói,5175,8,Mì gói & Thực phẩm khô,237
SP009992,Mì Omachi sườn hầm ngũ quả 80g (Lô 159),Gói,9775,8,Mì gói & Thực phẩm khô,244
SP009993,Mì trộn Indomie Mi Goreng 85g (Lô 159),Gói,7474,8,Mì gói & Thực phẩm khô,251
SP009994,Phở gà Đệ Nhất Acecook 68g (Lô 159),Gói,9200,8,Mì gói & Thực phẩm khô,258
SP009995,Miến Phú Hương yến tiệc 210g (Lô 159),Gói,25299,8,Mì gói & Thực phẩm khô,265
SP009996,Cháo thịt bằm Cung Đình gói 50g (Lô 159),Gói,8049,8,Mì gói & Thực phẩm khô,272
SP009997,Cá nục sốt cà 3 Cô Gái lon 155g (Lô 159),Lon,21850,8,Mì gói & Thực phẩm khô,279
SP009998,Pate thịt heo Hạ Long lon 150g (Lô 159),Lon,31049,8,Mì gói & Thực phẩm khô,286
SP009999,Mì ly Modern lẩu thái tôm 65g (Lô 159),Ly,10925,8,Mì gói & Thực phẩm khô,293
SP010000,Nước rửa chén Sunlight chanh can 3.6kg (Lô 159),Can,125349,10,Hóa mỹ phẩm & Tẩy rửa,300
